
[15-Apr-26 20:22:36.86] start_torcs_windows.bat begin
[15-Apr-26 20:22:36.86] TORCS_EXE=C:\Users\szymo\source\repos\torcs\torcs\wtorcs.exe
[15-Apr-26 20:22:36.86] TORCS_IMAGE=wtorcs.exe
[15-Apr-26 20:22:36.87] VISION_FLAG=novision
ERROR: The process "wtorcs.exe" not found.
[15-Apr-26 20:22:36.96] taskkill wtorcs.exe exit=128
ERROR: The process "torcs.exe" not found.
[15-Apr-26 20:22:37.06] taskkill torcs.exe exit=128
ERROR: The process "wtorcs.exe" not found.
[15-Apr-26 20:22:37.06] taskkill wtorcs.exe exit=128
[15-Apr-26 20:22:38.15] TORCS_DIR=C:\Users\szymo\source\repos\torcs\torcs\
[15-Apr-26 20:22:38.15] launching without vision
[15-Apr-26 20:22:38.16] start command dispatched
[15-Apr-26 20:22:39.14] running autostart c:\Users\szymo\source\repos\torcs\gym_torcs\autostart_windows.bat
[15-Apr-26 20:22:39.14] autostart exit=0

Image Name                     PID Session Name        Session#    Mem Usage
========================= ======== ================ =========== ============
wtorcs.exe                   53576 Console                    1     67,000 K
INFO: No tasks are running which match the specified criteria.
[15-Apr-26 20:22:40.84] start_torcs_windows.bat end

[15-Apr-26 20:23:04.16] start_torcs_windows.bat begin
[15-Apr-26 20:23:04.17] TORCS_EXE=C:\Users\szymo\source\repos\torcs\torcs\wtorcs.exe
[15-Apr-26 20:23:04.17] TORCS_IMAGE=wtorcs.exe
[15-Apr-26 20:23:04.18] VISION_FLAG=novision
ERROR: The process "wtorcs.exe" not found.
[15-Apr-26 20:23:04.27] taskkill wtorcs.exe exit=128
ERROR: The process "torcs.exe" not found.
[15-Apr-26 20:23:04.38] taskkill torcs.exe exit=128
ERROR: The process "wtorcs.exe" not found.
[15-Apr-26 20:23:04.38] taskkill wtorcs.exe exit=128
[15-Apr-26 20:23:05.14] TORCS_DIR=C:\Users\szymo\source\repos\torcs\torcs\
[15-Apr-26 20:23:05.14] launching without vision
[15-Apr-26 20:23:05.15] start command dispatched
[15-Apr-26 20:23:06.13] running autostart C:\Users\szymo\source\repos\torcs\gym_torcs\autostart_windows.bat
[15-Apr-26 20:23:06.13] autostart exit=0

Image Name                     PID Session Name        Session#    Mem Usage
========================= ======== ================ =========== ============
wtorcs.exe                   54304 Console                    1     67,328 K
INFO: No tasks are running which match the specified criteria.
[15-Apr-26 20:23:07.82] start_torcs_windows.bat end

[15-Apr-26 20:23:10.81] start_torcs_windows.bat begin
[15-Apr-26 20:23:10.82] TORCS_EXE=C:\Users\szymo\source\repos\torcs\torcs\wtorcs.exe
[15-Apr-26 20:23:10.82] TORCS_IMAGE=wtorcs.exe
[15-Apr-26 20:23:10.82] VISION_FLAG=novision
SUCCESS: The process with PID 20392 (child process of PID 54304) has been terminated.
SUCCESS: The process with PID 54304 (child process of PID 43412) has been terminated.
[15-Apr-26 20:23:10.92] taskkill wtorcs.exe exit=0
ERROR: The process "torcs.exe" not found.
[15-Apr-26 20:23:11.03] taskkill torcs.exe exit=128
ERROR: The process "wtorcs.exe" not found.
[15-Apr-26 20:23:11.03] taskkill wtorcs.exe exit=128
[15-Apr-26 20:23:12.12] TORCS_DIR=C:\Users\szymo\source\repos\torcs\torcs\
[15-Apr-26 20:23:12.12] launching without vision
[15-Apr-26 20:23:12.13] start command dispatched
[15-Apr-26 20:23:13.12] running autostart C:\Users\szymo\source\repos\torcs\gym_torcs\autostart_windows.bat
[15-Apr-26 20:23:13.12] autostart exit=0

Image Name                     PID Session Name        Session#    Mem Usage
========================= ======== ================ =========== ============
wtorcs.exe                    6536 Console                    1     67,140 K
INFO: No tasks are running which match the specified criteria.
[15-Apr-26 20:23:14.82] start_torcs_windows.bat end

[15-Apr-26 20:23:20.20] start_torcs_windows.bat begin
[15-Apr-26 20:23:20.21] TORCS_EXE=C:\Users\szymo\source\repos\torcs\torcs\wtorcs.exe
[15-Apr-26 20:23:20.21] TORCS_IMAGE=wtorcs.exe
[15-Apr-26 20:23:20.22] VISION_FLAG=novision
SUCCESS: The process with PID 46252 (child process of PID 6536) has been terminated.
SUCCESS: The process with PID 6536 (child process of PID 29400) has been terminated.
[15-Apr-26 20:23:20.33] taskkill wtorcs.exe exit=0
ERROR: The process "torcs.exe" not found.
[15-Apr-26 20:23:20.44] taskkill torcs.exe exit=128
ERROR: The process "wtorcs.exe" not found.
[15-Apr-26 20:23:20.45] taskkill wtorcs.exe exit=128
[15-Apr-26 20:23:21.11] TORCS_DIR=C:\Users\szymo\source\repos\torcs\torcs\
[15-Apr-26 20:23:21.11] launching without vision
[15-Apr-26 20:23:21.12] start command dispatched
[15-Apr-26 20:23:22.12] running autostart C:\Users\szymo\source\repos\torcs\gym_torcs\autostart_windows.bat
[15-Apr-26 20:23:22.12] autostart exit=0

Image Name                     PID Session Name        Session#    Mem Usage
========================= ======== ================ =========== ============
wtorcs.exe                   53140 Console                    1     67,080 K
INFO: No tasks are running which match the specified criteria.
[15-Apr-26 20:23:23.80] start_torcs_windows.bat end

[15-Apr-26 20:23:29.13] start_torcs_windows.bat begin
[15-Apr-26 20:23:29.13] TORCS_EXE=C:\Users\szymo\source\repos\torcs\torcs\wtorcs.exe
[15-Apr-26 20:23:29.14] TORCS_IMAGE=wtorcs.exe
[15-Apr-26 20:23:29.14] VISION_FLAG=novision
SUCCESS: The process with PID 54052 (child process of PID 53140) has been terminated.
SUCCESS: The process with PID 53140 (child process of PID 55928) has been terminated.
[15-Apr-26 20:23:29.25] taskkill wtorcs.exe exit=0
ERROR: The process "torcs.exe" not found.
[15-Apr-26 20:23:29.37] taskkill torcs.exe exit=128
ERROR: The process "wtorcs.exe" not found.
[15-Apr-26 20:23:29.37] taskkill wtorcs.exe exit=128
[15-Apr-26 20:23:30.14] TORCS_DIR=C:\Users\szymo\source\repos\torcs\torcs\
[15-Apr-26 20:23:30.14] launching without vision
[15-Apr-26 20:23:30.15] start command dispatched
[15-Apr-26 20:23:31.15] running autostart C:\Users\szymo\source\repos\torcs\gym_torcs\autostart_windows.bat
[15-Apr-26 20:23:31.15] autostart exit=0

Image Name                     PID Session Name        Session#    Mem Usage
========================= ======== ================ =========== ============
wtorcs.exe                   55704 Console                    1     67,072 K
INFO: No tasks are running which match the specified criteria.
[15-Apr-26 20:23:32.83] start_torcs_windows.bat end

[15-Apr-26 20:23:38.08] start_torcs_windows.bat begin
[15-Apr-26 20:23:38.09] TORCS_EXE=C:\Users\szymo\source\repos\torcs\torcs\wtorcs.exe
[15-Apr-26 20:23:38.09] TORCS_IMAGE=wtorcs.exe
[15-Apr-26 20:23:38.10] VISION_FLAG=novision
SUCCESS: The process with PID 16540 (child process of PID 55704) has been terminated.
SUCCESS: The process with PID 55704 (child process of PID 55248) has been terminated.
[15-Apr-26 20:23:38.21] taskkill wtorcs.exe exit=0
ERROR: The process "torcs.exe" not found.
[15-Apr-26 20:23:38.33] taskkill torcs.exe exit=128
ERROR: The process "wtorcs.exe" not found.
[15-Apr-26 20:23:38.33] taskkill wtorcs.exe exit=128
[15-Apr-26 20:23:39.21] TORCS_DIR=C:\Users\szymo\source\repos\torcs\torcs\
[15-Apr-26 20:23:39.21] launching without vision
[15-Apr-26 20:23:39.22] start command dispatched
[15-Apr-26 20:23:40.20] running autostart C:\Users\szymo\source\repos\torcs\gym_torcs\autostart_windows.bat
[15-Apr-26 20:23:40.20] autostart exit=0

Image Name                     PID Session Name        Session#    Mem Usage
========================= ======== ================ =========== ============
wtorcs.exe                   21076 Console                    1     67,168 K
INFO: No tasks are running which match the specified criteria.
[15-Apr-26 20:23:41.89] start_torcs_windows.bat end

[15-Apr-26 20:23:47.19] start_torcs_windows.bat begin
[15-Apr-26 20:23:47.19] TORCS_EXE=C:\Users\szymo\source\repos\torcs\torcs\wtorcs.exe
[15-Apr-26 20:23:47.20] TORCS_IMAGE=wtorcs.exe
[15-Apr-26 20:23:47.20] VISION_FLAG=novision
SUCCESS: The process with PID 53156 (child process of PID 21076) has been terminated.
SUCCESS: The process with PID 21076 (child process of PID 55084) has been terminated.
[15-Apr-26 20:23:47.31] taskkill wtorcs.exe exit=0
ERROR: The process "torcs.exe" not found.
[15-Apr-26 20:23:47.43] taskkill torcs.exe exit=128
ERROR: The process "wtorcs.exe" not found.
[15-Apr-26 20:23:47.43] taskkill wtorcs.exe exit=128
[15-Apr-26 20:23:48.19] TORCS_DIR=C:\Users\szymo\source\repos\torcs\torcs\
[15-Apr-26 20:23:48.19] launching without vision
[15-Apr-26 20:23:48.20] start command dispatched
[15-Apr-26 20:23:49.20] running autostart C:\Users\szymo\source\repos\torcs\gym_torcs\autostart_windows.bat
[15-Apr-26 20:23:49.20] autostart exit=0

Image Name                     PID Session Name        Session#    Mem Usage
========================= ======== ================ =========== ============
wtorcs.exe                   38512 Console                    1     67,748 K
INFO: No tasks are running which match the specified criteria.
[15-Apr-26 20:23:50.88] start_torcs_windows.bat end

[15-Apr-26 20:23:56.23] start_torcs_windows.bat begin
[15-Apr-26 20:23:56.23] TORCS_EXE=C:\Users\szymo\source\repos\torcs\torcs\wtorcs.exe
[15-Apr-26 20:23:56.24] TORCS_IMAGE=wtorcs.exe
[15-Apr-26 20:23:56.24] VISION_FLAG=novision
SUCCESS: The process with PID 50904 (child process of PID 38512) has been terminated.
SUCCESS: The process with PID 38512 (child process of PID 44480) has been terminated.
[15-Apr-26 20:23:56.35] taskkill wtorcs.exe exit=0
ERROR: The process "torcs.exe" not found.
[15-Apr-26 20:23:56.47] taskkill torcs.exe exit=128
ERROR: The process "wtorcs.exe" not found.
[15-Apr-26 20:23:56.47] taskkill wtorcs.exe exit=128
[15-Apr-26 20:23:57.12] TORCS_DIR=C:\Users\szymo\source\repos\torcs\torcs\
[15-Apr-26 20:23:57.12] launching without vision
[15-Apr-26 20:23:57.13] start command dispatched
[15-Apr-26 20:23:58.12] running autostart C:\Users\szymo\source\repos\torcs\gym_torcs\autostart_windows.bat
[15-Apr-26 20:23:58.12] autostart exit=0

Image Name                     PID Session Name        Session#    Mem Usage
========================= ======== ================ =========== ============
wtorcs.exe                   39912 Console                    1     67,988 K
INFO: No tasks are running which match the specified criteria.
[15-Apr-26 20:23:59.81] start_torcs_windows.bat end

[15-Apr-26 20:24:05.28] start_torcs_windows.bat begin
[15-Apr-26 20:24:05.29] TORCS_EXE=C:\Users\szymo\source\repos\torcs\torcs\wtorcs.exe
[15-Apr-26 20:24:05.29] TORCS_IMAGE=wtorcs.exe
[15-Apr-26 20:24:05.30] VISION_FLAG=novision
SUCCESS: The process with PID 6696 (child process of PID 39912) has been terminated.
SUCCESS: The process with PID 39912 (child process of PID 9024) has been terminated.
[15-Apr-26 20:24:05.41] taskkill wtorcs.exe exit=0
ERROR: The process "torcs.exe" not found.
[15-Apr-26 20:24:05.52] taskkill torcs.exe exit=128
ERROR: The process "wtorcs.exe" not found.
[15-Apr-26 20:24:05.52] taskkill wtorcs.exe exit=128
[15-Apr-26 20:24:06.18] TORCS_DIR=C:\Users\szymo\source\repos\torcs\torcs\
[15-Apr-26 20:24:06.18] launching without vision
[15-Apr-26 20:24:06.19] start command dispatched
[15-Apr-26 20:24:07.19] running autostart C:\Users\szymo\source\repos\torcs\gym_torcs\autostart_windows.bat
[15-Apr-26 20:24:07.19] autostart exit=0

Image Name                     PID Session Name        Session#    Mem Usage
========================= ======== ================ =========== ============
wtorcs.exe                   55824 Console                    1     67,220 K
INFO: No tasks are running which match the specified criteria.
[15-Apr-26 20:24:08.88] start_torcs_windows.bat end

[15-Apr-26 20:24:14.15] start_torcs_windows.bat begin
[15-Apr-26 20:24:14.16] TORCS_EXE=C:\Users\szymo\source\repos\torcs\torcs\wtorcs.exe
[15-Apr-26 20:24:14.16] TORCS_IMAGE=wtorcs.exe
[15-Apr-26 20:24:14.17] VISION_FLAG=novision
SUCCESS: The process with PID 3728 (child process of PID 55824) has been terminated.
SUCCESS: The process with PID 55824 (child process of PID 55104) has been terminated.
[15-Apr-26 20:24:14.28] taskkill wtorcs.exe exit=0
ERROR: The process "torcs.exe" not found.
[15-Apr-26 20:24:14.40] taskkill torcs.exe exit=128
ERROR: The process "wtorcs.exe" not found.
[15-Apr-26 20:24:14.40] taskkill wtorcs.exe exit=128
[15-Apr-26 20:24:15.16] TORCS_DIR=C:\Users\szymo\source\repos\torcs\torcs\
[15-Apr-26 20:24:15.16] launching without vision
[15-Apr-26 20:24:15.17] start command dispatched
[15-Apr-26 20:24:16.16] running autostart C:\Users\szymo\source\repos\torcs\gym_torcs\autostart_windows.bat
[15-Apr-26 20:24:16.16] autostart exit=0

Image Name                     PID Session Name        Session#    Mem Usage
========================= ======== ================ =========== ============
wtorcs.exe                   55564 Console                    1     67,272 K
INFO: No tasks are running which match the specified criteria.
[15-Apr-26 20:24:17.88] start_torcs_windows.bat end

[15-Apr-26 20:24:23.11] start_torcs_windows.bat begin
[15-Apr-26 20:24:23.12] TORCS_EXE=C:\Users\szymo\source\repos\torcs\torcs\wtorcs.exe
[15-Apr-26 20:24:23.12] TORCS_IMAGE=wtorcs.exe
[15-Apr-26 20:24:23.13] VISION_FLAG=novision
SUCCESS: The process with PID 53876 (child process of PID 55564) has been terminated.
SUCCESS: The process with PID 55564 (child process of PID 11888) has been terminated.
[15-Apr-26 20:24:23.24] taskkill wtorcs.exe exit=0
ERROR: The process "torcs.exe" not found.
[15-Apr-26 20:24:23.36] taskkill torcs.exe exit=128
ERROR: The process "wtorcs.exe" not found.
[15-Apr-26 20:24:23.37] taskkill wtorcs.exe exit=128
[15-Apr-26 20:24:24.14] TORCS_DIR=C:\Users\szymo\source\repos\torcs\torcs\
[15-Apr-26 20:24:24.14] launching without vision
[15-Apr-26 20:24:24.15] start command dispatched
[15-Apr-26 20:24:25.14] running autostart C:\Users\szymo\source\repos\torcs\gym_torcs\autostart_windows.bat
[15-Apr-26 20:24:25.14] autostart exit=0

Image Name                     PID Session Name        Session#    Mem Usage
========================= ======== ================ =========== ============
wtorcs.exe                   55176 Console                    1     67,260 K
INFO: No tasks are running which match the specified criteria.
[15-Apr-26 20:24:26.83] start_torcs_windows.bat end

[15-Apr-26 20:24:32.23] start_torcs_windows.bat begin
[15-Apr-26 20:24:32.24] TORCS_EXE=C:\Users\szymo\source\repos\torcs\torcs\wtorcs.exe
[15-Apr-26 20:24:32.25] TORCS_IMAGE=wtorcs.exe
[15-Apr-26 20:24:32.25] VISION_FLAG=novision
SUCCESS: The process with PID 32528 (child process of PID 55176) has been terminated.
SUCCESS: The process with PID 55176 (child process of PID 53444) has been terminated.
[15-Apr-26 20:24:32.37] taskkill wtorcs.exe exit=0
ERROR: The process "torcs.exe" not found.
[15-Apr-26 20:24:32.49] taskkill torcs.exe exit=128
ERROR: The process "wtorcs.exe" not found.
[15-Apr-26 20:24:32.49] taskkill wtorcs.exe exit=128
[15-Apr-26 20:24:33.15] TORCS_DIR=C:\Users\szymo\source\repos\torcs\torcs\
[15-Apr-26 20:24:33.15] launching without vision
[15-Apr-26 20:24:33.15] start command dispatched
[15-Apr-26 20:24:34.14] running autostart C:\Users\szymo\source\repos\torcs\gym_torcs\autostart_windows.bat
[15-Apr-26 20:24:34.14] autostart exit=0

Image Name                     PID Session Name        Session#    Mem Usage
========================= ======== ================ =========== ============
wtorcs.exe                   50524 Console                    1     67,148 K
INFO: No tasks are running which match the specified criteria.
[15-Apr-26 20:24:35.85] start_torcs_windows.bat end

[15-Apr-26 20:24:41.09] start_torcs_windows.bat begin
[15-Apr-26 20:24:41.10] TORCS_EXE=C:\Users\szymo\source\repos\torcs\torcs\wtorcs.exe
[15-Apr-26 20:24:41.10] TORCS_IMAGE=wtorcs.exe
[15-Apr-26 20:24:41.11] VISION_FLAG=novision
SUCCESS: The process with PID 3176 (child process of PID 50524) has been terminated.
SUCCESS: The process with PID 50524 (child process of PID 53612) has been terminated.
[15-Apr-26 20:24:41.21] taskkill wtorcs.exe exit=0
ERROR: The process "torcs.exe" not found.
[15-Apr-26 20:24:41.34] taskkill torcs.exe exit=128
ERROR: The process "wtorcs.exe" not found.
[15-Apr-26 20:24:41.34] taskkill wtorcs.exe exit=128
[15-Apr-26 20:24:42.21] TORCS_DIR=C:\Users\szymo\source\repos\torcs\torcs\
[15-Apr-26 20:24:42.21] launching without vision
[15-Apr-26 20:24:42.21] start command dispatched
[15-Apr-26 20:24:43.20] running autostart C:\Users\szymo\source\repos\torcs\gym_torcs\autostart_windows.bat
[15-Apr-26 20:24:43.20] autostart exit=0

Image Name                     PID Session Name        Session#    Mem Usage
========================= ======== ================ =========== ============
wtorcs.exe                   53836 Console                    1     67,064 K
INFO: No tasks are running which match the specified criteria.
[15-Apr-26 20:24:44.91] start_torcs_windows.bat end

[15-Apr-26 20:24:50.08] start_torcs_windows.bat begin
[15-Apr-26 20:24:50.08] TORCS_EXE=C:\Users\szymo\source\repos\torcs\torcs\wtorcs.exe
[15-Apr-26 20:24:50.09] TORCS_IMAGE=wtorcs.exe
[15-Apr-26 20:24:50.09] VISION_FLAG=novision
SUCCESS: The process with PID 45200 (child process of PID 53836) has been terminated.
SUCCESS: The process with PID 53836 (child process of PID 49472) has been terminated.
[15-Apr-26 20:24:50.20] taskkill wtorcs.exe exit=0
ERROR: The process "torcs.exe" not found.
[15-Apr-26 20:24:50.31] taskkill torcs.exe exit=128
ERROR: The process "wtorcs.exe" not found.
[15-Apr-26 20:24:50.32] taskkill wtorcs.exe exit=128
[15-Apr-26 20:24:51.20] TORCS_DIR=C:\Users\szymo\source\repos\torcs\torcs\
[15-Apr-26 20:24:51.20] launching without vision
[15-Apr-26 20:24:51.21] start command dispatched
[15-Apr-26 20:24:52.20] running autostart C:\Users\szymo\source\repos\torcs\gym_torcs\autostart_windows.bat
[15-Apr-26 20:24:52.20] autostart exit=0

Image Name                     PID Session Name        Session#    Mem Usage
========================= ======== ================ =========== ============
wtorcs.exe                   56228 Console                    1     67,248 K
INFO: No tasks are running which match the specified criteria.
[15-Apr-26 20:24:53.91] start_torcs_windows.bat end

[15-Apr-26 20:24:59.22] start_torcs_windows.bat begin
[15-Apr-26 20:24:59.22] TORCS_EXE=C:\Users\szymo\source\repos\torcs\torcs\wtorcs.exe
[15-Apr-26 20:24:59.23] TORCS_IMAGE=wtorcs.exe
[15-Apr-26 20:24:59.23] VISION_FLAG=novision
SUCCESS: The process with PID 16920 (child process of PID 56228) has been terminated.
SUCCESS: The process with PID 56228 (child process of PID 50360) has been terminated.
[15-Apr-26 20:24:59.34] taskkill wtorcs.exe exit=0
ERROR: The process "torcs.exe" not found.
[15-Apr-26 20:24:59.46] taskkill torcs.exe exit=128
ERROR: The process "wtorcs.exe" not found.
[15-Apr-26 20:24:59.47] taskkill wtorcs.exe exit=128
[15-Apr-26 20:25:00.11] TORCS_DIR=C:\Users\szymo\source\repos\torcs\torcs\
[15-Apr-26 20:25:00.11] launching without vision
[15-Apr-26 20:25:00.12] start command dispatched
[15-Apr-26 20:25:01.11] running autostart C:\Users\szymo\source\repos\torcs\gym_torcs\autostart_windows.bat
[15-Apr-26 20:25:01.11] autostart exit=0

Image Name                     PID Session Name        Session#    Mem Usage
========================= ======== ================ =========== ============
wtorcs.exe                   54648 Console                    1     67,068 K
INFO: No tasks are running which match the specified criteria.
[15-Apr-26 20:25:02.81] start_torcs_windows.bat end

[15-Apr-26 20:25:08.11] start_torcs_windows.bat begin
[15-Apr-26 20:25:08.11] TORCS_EXE=C:\Users\szymo\source\repos\torcs\torcs\wtorcs.exe
[15-Apr-26 20:25:08.12] TORCS_IMAGE=wtorcs.exe
[15-Apr-26 20:25:08.12] VISION_FLAG=novision
SUCCESS: The process with PID 51032 (child process of PID 54648) has been terminated.
SUCCESS: The process with PID 54648 (child process of PID 49832) has been terminated.
[15-Apr-26 20:25:08.23] taskkill wtorcs.exe exit=0
ERROR: The process "torcs.exe" not found.
[15-Apr-26 20:25:08.35] taskkill torcs.exe exit=128
ERROR: The process "wtorcs.exe" not found.
[15-Apr-26 20:25:08.36] taskkill wtorcs.exe exit=128
[15-Apr-26 20:25:09.13] TORCS_DIR=C:\Users\szymo\source\repos\torcs\torcs\
[15-Apr-26 20:25:09.13] launching without vision
[15-Apr-26 20:25:09.14] start command dispatched
[15-Apr-26 20:25:10.13] running autostart C:\Users\szymo\source\repos\torcs\gym_torcs\autostart_windows.bat
[15-Apr-26 20:25:10.13] autostart exit=0

Image Name                     PID Session Name        Session#    Mem Usage
========================= ======== ================ =========== ============
wtorcs.exe                   50492 Console                    1     65,544 K
INFO: No tasks are running which match the specified criteria.
[15-Apr-26 20:25:11.84] start_torcs_windows.bat end

[15-Apr-26 20:29:10.57] start_torcs_windows.bat begin
[15-Apr-26 20:29:10.57] TORCS_EXE=C:\Users\szymo\source\repos\torcs\torcs\wtorcs.exe
[15-Apr-26 20:29:10.58] TORCS_IMAGE=wtorcs.exe
[15-Apr-26 20:29:10.58] VISION_FLAG=novision
ERROR: The process "wtorcs.exe" not found.
[15-Apr-26 20:29:10.68] taskkill wtorcs.exe exit=128
ERROR: The process "torcs.exe" not found.
[15-Apr-26 20:29:10.78] taskkill torcs.exe exit=128
ERROR: The process "wtorcs.exe" not found.
[15-Apr-26 20:29:10.78] taskkill wtorcs.exe exit=128
[15-Apr-26 20:29:11.11] TORCS_DIR=C:\Users\szymo\source\repos\torcs\torcs\
[15-Apr-26 20:29:11.11] launching without vision
[15-Apr-26 20:29:11.12] start command dispatched
[15-Apr-26 20:29:12.11] running autostart C:\Users\szymo\source\repos\torcs\gym_torcs\autostart_windows.bat
[15-Apr-26 20:29:12.11] autostart exit=0

Image Name                     PID Session Name        Session#    Mem Usage
========================= ======== ================ =========== ============
wtorcs.exe                   50588 Console                    1     67,060 K
INFO: No tasks are running which match the specified criteria.
[15-Apr-26 20:29:13.79] start_torcs_windows.bat end

[15-Apr-26 20:29:16.78] start_torcs_windows.bat begin
[15-Apr-26 20:29:16.79] TORCS_EXE=C:\Users\szymo\source\repos\torcs\torcs\wtorcs.exe
[15-Apr-26 20:29:16.79] TORCS_IMAGE=wtorcs.exe
[15-Apr-26 20:29:16.80] VISION_FLAG=novision
SUCCESS: The process with PID 55420 (child process of PID 50588) has been terminated.
SUCCESS: The process with PID 50588 (child process of PID 51808) has been terminated.
[15-Apr-26 20:29:16.90] taskkill wtorcs.exe exit=0
ERROR: The process "torcs.exe" not found.
[15-Apr-26 20:29:17.01] taskkill torcs.exe exit=128
ERROR: The process "wtorcs.exe" not found.
[15-Apr-26 20:29:17.02] taskkill wtorcs.exe exit=128
[15-Apr-26 20:29:18.11] TORCS_DIR=C:\Users\szymo\source\repos\torcs\torcs\
[15-Apr-26 20:29:18.11] launching without vision
[15-Apr-26 20:29:18.12] start command dispatched
[15-Apr-26 20:29:19.11] running autostart C:\Users\szymo\source\repos\torcs\gym_torcs\autostart_windows.bat
[15-Apr-26 20:29:19.11] autostart exit=0

Image Name                     PID Session Name        Session#    Mem Usage
========================= ======== ================ =========== ============
wtorcs.exe                   49752 Console                    1     67,072 K
INFO: No tasks are running which match the specified criteria.
[15-Apr-26 20:29:20.79] start_torcs_windows.bat end

[15-Apr-26 20:29:30.96] start_torcs_windows.bat begin
[15-Apr-26 20:29:30.96] TORCS_EXE=C:\Users\szymo\source\repos\torcs\torcs\wtorcs.exe
[15-Apr-26 20:29:30.97] TORCS_IMAGE=wtorcs.exe
[15-Apr-26 20:29:30.97] VISION_FLAG=novision
SUCCESS: The process with PID 53260 (child process of PID 49752) has been terminated.
SUCCESS: The process with PID 49752 (child process of PID 50044) has been terminated.
[15-Apr-26 20:29:31.08] taskkill wtorcs.exe exit=0
ERROR: The process "torcs.exe" not found.
[15-Apr-26 20:29:31.21] taskkill torcs.exe exit=128
ERROR: The process "wtorcs.exe" not found.
[15-Apr-26 20:29:31.21] taskkill wtorcs.exe exit=128
[15-Apr-26 20:29:32.21] TORCS_DIR=C:\Users\szymo\source\repos\torcs\torcs\
[15-Apr-26 20:29:32.21] launching without vision
[15-Apr-26 20:29:32.22] start command dispatched
[15-Apr-26 20:29:33.22] running autostart C:\Users\szymo\source\repos\torcs\gym_torcs\autostart_windows.bat
[15-Apr-26 20:29:33.22] autostart exit=0

Image Name                     PID Session Name        Session#    Mem Usage
========================= ======== ================ =========== ============
wtorcs.exe                   31656 Console                    1     67,276 K
INFO: No tasks are running which match the specified criteria.
[15-Apr-26 20:29:34.91] start_torcs_windows.bat end

[15-Apr-26 20:29:44.92] start_torcs_windows.bat begin
[15-Apr-26 20:29:44.92] TORCS_EXE=C:\Users\szymo\source\repos\torcs\torcs\wtorcs.exe
[15-Apr-26 20:29:44.93] TORCS_IMAGE=wtorcs.exe
[15-Apr-26 20:29:44.93] VISION_FLAG=novision
SUCCESS: The process with PID 53024 (child process of PID 31656) has been terminated.
SUCCESS: The process with PID 31656 (child process of PID 54788) has been terminated.
[15-Apr-26 20:29:45.05] taskkill wtorcs.exe exit=0
ERROR: The process "torcs.exe" not found.
[15-Apr-26 20:29:45.17] taskkill torcs.exe exit=128
ERROR: The process "wtorcs.exe" not found.
[15-Apr-26 20:29:45.17] taskkill wtorcs.exe exit=128
[15-Apr-26 20:29:46.16] TORCS_DIR=C:\Users\szymo\source\repos\torcs\torcs\
[15-Apr-26 20:29:46.16] launching without vision
[15-Apr-26 20:29:46.17] start command dispatched
[15-Apr-26 20:29:47.16] running autostart C:\Users\szymo\source\repos\torcs\gym_torcs\autostart_windows.bat
[15-Apr-26 20:29:47.16] autostart exit=0

Image Name                     PID Session Name        Session#    Mem Usage
========================= ======== ================ =========== ============
wtorcs.exe                   38504 Console                    1     67,024 K
INFO: No tasks are running which match the specified criteria.
[15-Apr-26 20:29:48.86] start_torcs_windows.bat end

[15-Apr-26 20:29:58.81] start_torcs_windows.bat begin
[15-Apr-26 20:29:58.82] TORCS_EXE=C:\Users\szymo\source\repos\torcs\torcs\wtorcs.exe
[15-Apr-26 20:29:58.82] TORCS_IMAGE=wtorcs.exe
[15-Apr-26 20:29:58.83] VISION_FLAG=novision
SUCCESS: The process with PID 51164 (child process of PID 38504) has been terminated.
SUCCESS: The process with PID 38504 (child process of PID 48700) has been terminated.
[15-Apr-26 20:29:58.93] taskkill wtorcs.exe exit=0
ERROR: The process "torcs.exe" not found.
[15-Apr-26 20:29:59.05] taskkill torcs.exe exit=128
ERROR: The process "wtorcs.exe" not found.
[15-Apr-26 20:29:59.06] taskkill wtorcs.exe exit=128
[15-Apr-26 20:30:00.14] TORCS_DIR=C:\Users\szymo\source\repos\torcs\torcs\
[15-Apr-26 20:30:00.14] launching without vision
[15-Apr-26 20:30:00.15] start command dispatched
[15-Apr-26 20:30:01.14] running autostart C:\Users\szymo\source\repos\torcs\gym_torcs\autostart_windows.bat
[15-Apr-26 20:30:01.14] autostart exit=0

Image Name                     PID Session Name        Session#    Mem Usage
========================= ======== ================ =========== ============
wtorcs.exe                   53600 Console                    1     67,216 K
INFO: No tasks are running which match the specified criteria.
[15-Apr-26 20:30:02.83] start_torcs_windows.bat end

[15-Apr-26 20:30:12.92] start_torcs_windows.bat begin
[15-Apr-26 20:30:12.92] TORCS_EXE=C:\Users\szymo\source\repos\torcs\torcs\wtorcs.exe
[15-Apr-26 20:30:12.93] TORCS_IMAGE=wtorcs.exe
[15-Apr-26 20:30:12.94] VISION_FLAG=novision
SUCCESS: The process with PID 16048 (child process of PID 53600) has been terminated.
SUCCESS: The process with PID 53600 (child process of PID 13724) has been terminated.
[15-Apr-26 20:30:13.04] taskkill wtorcs.exe exit=0
ERROR: The process "torcs.exe" not found.
[15-Apr-26 20:30:13.16] taskkill torcs.exe exit=128
ERROR: The process "wtorcs.exe" not found.
[15-Apr-26 20:30:13.17] taskkill wtorcs.exe exit=128
[15-Apr-26 20:30:14.16] TORCS_DIR=C:\Users\szymo\source\repos\torcs\torcs\
[15-Apr-26 20:30:14.16] launching without vision
[15-Apr-26 20:30:14.16] start command dispatched
[15-Apr-26 20:30:15.16] running autostart C:\Users\szymo\source\repos\torcs\gym_torcs\autostart_windows.bat
[15-Apr-26 20:30:15.16] autostart exit=0

Image Name                     PID Session Name        Session#    Mem Usage
========================= ======== ================ =========== ============
wtorcs.exe                    7924 Console                    1     67,160 K
INFO: No tasks are running which match the specified criteria.
[15-Apr-26 20:30:16.85] start_torcs_windows.bat end

[15-Apr-26 20:30:26.66] start_torcs_windows.bat begin
[15-Apr-26 20:30:26.67] TORCS_EXE=C:\Users\szymo\source\repos\torcs\torcs\wtorcs.exe
[15-Apr-26 20:30:26.67] TORCS_IMAGE=wtorcs.exe
[15-Apr-26 20:30:26.67] VISION_FLAG=novision
SUCCESS: The process with PID 11876 (child process of PID 7924) has been terminated.
SUCCESS: The process with PID 7924 (child process of PID 53824) has been terminated.
[15-Apr-26 20:30:26.78] taskkill wtorcs.exe exit=0
ERROR: The process "torcs.exe" not found.
[15-Apr-26 20:30:26.90] taskkill torcs.exe exit=128
ERROR: The process "wtorcs.exe" not found.
[15-Apr-26 20:30:26.91] taskkill wtorcs.exe exit=128
[15-Apr-26 20:30:28.11] TORCS_DIR=C:\Users\szymo\source\repos\torcs\torcs\
[15-Apr-26 20:30:28.11] launching without vision
[15-Apr-26 20:30:28.12] start command dispatched
[15-Apr-26 20:30:29.11] running autostart C:\Users\szymo\source\repos\torcs\gym_torcs\autostart_windows.bat
[15-Apr-26 20:30:29.11] autostart exit=0

Image Name                     PID Session Name        Session#    Mem Usage
========================= ======== ================ =========== ============
wtorcs.exe                   50552 Console                    1     67,232 K
INFO: No tasks are running which match the specified criteria.
[15-Apr-26 20:30:30.82] start_torcs_windows.bat end

[15-Apr-26 20:30:40.77] start_torcs_windows.bat begin
[15-Apr-26 20:30:40.78] TORCS_EXE=C:\Users\szymo\source\repos\torcs\torcs\wtorcs.exe
[15-Apr-26 20:30:40.78] TORCS_IMAGE=wtorcs.exe
[15-Apr-26 20:30:40.79] VISION_FLAG=novision
SUCCESS: The process with PID 440 (child process of PID 50552) has been terminated.
SUCCESS: The process with PID 50552 (child process of PID 420) has been terminated.
[15-Apr-26 20:30:40.89] taskkill wtorcs.exe exit=0
ERROR: The process "torcs.exe" not found.
[15-Apr-26 20:30:41.02] taskkill torcs.exe exit=128
ERROR: The process "wtorcs.exe" not found.
[15-Apr-26 20:30:41.02] taskkill wtorcs.exe exit=128
[15-Apr-26 20:30:42.11] TORCS_DIR=C:\Users\szymo\source\repos\torcs\torcs\
[15-Apr-26 20:30:42.11] launching without vision
[15-Apr-26 20:30:42.11] start command dispatched
[15-Apr-26 20:30:43.21] running autostart C:\Users\szymo\source\repos\torcs\gym_torcs\autostart_windows.bat
[15-Apr-26 20:30:43.21] autostart exit=0

Image Name                     PID Session Name        Session#    Mem Usage
========================= ======== ================ =========== ============
wtorcs.exe                   48716 Console                    1     65,412 K
INFO: No tasks are running which match the specified criteria.
[15-Apr-26 20:30:44.91] start_torcs_windows.bat end

[15-Apr-26 20:31:01.28] start_torcs_windows.bat begin
[15-Apr-26 20:31:01.29] TORCS_EXE=C:\Users\szymo\source\repos\torcs\torcs\wtorcs.exe
[15-Apr-26 20:31:01.29] TORCS_IMAGE=wtorcs.exe
[15-Apr-26 20:31:01.30] VISION_FLAG=novision
SUCCESS: The process with PID 29088 (child process of PID 48716) has been terminated.
SUCCESS: The process with PID 48716 (child process of PID 45784) has been terminated.
[15-Apr-26 20:31:01.41] taskkill wtorcs.exe exit=0
ERROR: The process "torcs.exe" not found.
[15-Apr-26 20:31:01.54] taskkill torcs.exe exit=128
ERROR: The process "wtorcs.exe" not found.
[15-Apr-26 20:31:01.55] taskkill wtorcs.exe exit=128
[15-Apr-26 20:31:02.20] TORCS_DIR=C:\Users\szymo\source\repos\torcs\torcs\
[15-Apr-26 20:31:02.21] launching without vision
[15-Apr-26 20:31:02.21] start command dispatched
[15-Apr-26 20:31:03.20] running autostart C:\Users\szymo\source\repos\torcs\gym_torcs\autostart_windows.bat
[15-Apr-26 20:31:03.20] autostart exit=0

Image Name                     PID Session Name        Session#    Mem Usage
========================= ======== ================ =========== ============
wtorcs.exe                   48040 Console                    1     65,456 K
INFO: No tasks are running which match the specified criteria.
[15-Apr-26 20:31:04.89] start_torcs_windows.bat end

[15-Apr-26 20:33:18.44] start_torcs_windows.bat begin
[15-Apr-26 20:33:18.44] TORCS_EXE=C:\Users\szymo\source\repos\torcs\torcs\wtorcs.exe
[15-Apr-26 20:33:18.45] TORCS_IMAGE=wtorcs.exe
[15-Apr-26 20:33:18.45] VISION_FLAG=novision
ERROR: The process "wtorcs.exe" not found.
[15-Apr-26 20:33:18.55] taskkill wtorcs.exe exit=128
ERROR: The process "torcs.exe" not found.
[15-Apr-26 20:33:18.65] taskkill torcs.exe exit=128
ERROR: The process "wtorcs.exe" not found.
[15-Apr-26 20:33:18.65] taskkill wtorcs.exe exit=128
[15-Apr-26 20:33:19.19] TORCS_DIR=C:\Users\szymo\source\repos\torcs\torcs\
[15-Apr-26 20:33:19.19] launching without vision
[15-Apr-26 20:33:19.20] start command dispatched
[15-Apr-26 20:33:20.20] running autostart C:\Users\szymo\source\repos\torcs\gym_torcs\autostart_windows.bat
[15-Apr-26 20:33:20.20] autostart exit=0

Image Name                     PID Session Name        Session#    Mem Usage
========================= ======== ================ =========== ============
wtorcs.exe                   49268 Console                    1     67,092 K
INFO: No tasks are running which match the specified criteria.
[15-Apr-26 20:33:21.88] start_torcs_windows.bat end

[15-Apr-26 20:33:24.85] start_torcs_windows.bat begin
[15-Apr-26 20:33:24.86] TORCS_EXE=C:\Users\szymo\source\repos\torcs\torcs\wtorcs.exe
[15-Apr-26 20:33:24.86] TORCS_IMAGE=wtorcs.exe
[15-Apr-26 20:33:24.86] VISION_FLAG=novision
SUCCESS: The process with PID 54540 (child process of PID 49268) has been terminated.
SUCCESS: The process with PID 49268 (child process of PID 53708) has been terminated.
[15-Apr-26 20:33:24.96] taskkill wtorcs.exe exit=0
ERROR: The process "torcs.exe" not found.
[15-Apr-26 20:33:25.08] taskkill torcs.exe exit=128
ERROR: The process "wtorcs.exe" not found.
[15-Apr-26 20:33:25.08] taskkill wtorcs.exe exit=128
[15-Apr-26 20:33:26.17] TORCS_DIR=C:\Users\szymo\source\repos\torcs\torcs\
[15-Apr-26 20:33:26.17] launching without vision
[15-Apr-26 20:33:26.18] start command dispatched
[15-Apr-26 20:33:27.17] running autostart C:\Users\szymo\source\repos\torcs\gym_torcs\autostart_windows.bat
[15-Apr-26 20:33:27.17] autostart exit=0

Image Name                     PID Session Name        Session#    Mem Usage
========================= ======== ================ =========== ============
wtorcs.exe                   56236 Console                    1     67,168 K
INFO: No tasks are running which match the specified criteria.
[15-Apr-26 20:33:28.85] start_torcs_windows.bat end

[15-Apr-26 20:33:38.72] start_torcs_windows.bat begin
[15-Apr-26 20:33:38.72] TORCS_EXE=C:\Users\szymo\source\repos\torcs\torcs\wtorcs.exe
[15-Apr-26 20:33:38.73] TORCS_IMAGE=wtorcs.exe
[15-Apr-26 20:33:38.73] VISION_FLAG=novision
SUCCESS: The process with PID 55716 (child process of PID 56236) has been terminated.
SUCCESS: The process with PID 56236 (child process of PID 55648) has been terminated.
[15-Apr-26 20:33:38.84] taskkill wtorcs.exe exit=0
ERROR: The process "torcs.exe" not found.
[15-Apr-26 20:33:38.96] taskkill torcs.exe exit=128
ERROR: The process "wtorcs.exe" not found.
[15-Apr-26 20:33:38.96] taskkill wtorcs.exe exit=128
[15-Apr-26 20:33:40.17] TORCS_DIR=C:\Users\szymo\source\repos\torcs\torcs\
[15-Apr-26 20:33:40.17] launching without vision
[15-Apr-26 20:33:40.18] start command dispatched
[15-Apr-26 20:33:41.17] running autostart C:\Users\szymo\source\repos\torcs\gym_torcs\autostart_windows.bat
[15-Apr-26 20:33:41.17] autostart exit=0

Image Name                     PID Session Name        Session#    Mem Usage
========================= ======== ================ =========== ============
wtorcs.exe                   53736 Console                    1     67,084 K
INFO: No tasks are running which match the specified criteria.
[15-Apr-26 20:33:42.86] start_torcs_windows.bat end

[15-Apr-26 20:33:52.09] start_torcs_windows.bat begin
[15-Apr-26 20:33:52.10] TORCS_EXE=C:\Users\szymo\source\repos\torcs\torcs\wtorcs.exe
[15-Apr-26 20:33:52.10] TORCS_IMAGE=wtorcs.exe
[15-Apr-26 20:33:52.11] VISION_FLAG=novision
SUCCESS: The process with PID 51788 (child process of PID 53736) has been terminated.
SUCCESS: The process with PID 53736 (child process of PID 53660) has been terminated.
[15-Apr-26 20:33:52.22] taskkill wtorcs.exe exit=0
ERROR: The process "torcs.exe" not found.
[15-Apr-26 20:33:52.34] taskkill torcs.exe exit=128
ERROR: The process "wtorcs.exe" not found.
[15-Apr-26 20:33:52.34] taskkill wtorcs.exe exit=128
[15-Apr-26 20:33:53.11] TORCS_DIR=C:\Users\szymo\source\repos\torcs\torcs\
[15-Apr-26 20:33:53.11] launching without vision
[15-Apr-26 20:33:53.12] start command dispatched
[15-Apr-26 20:33:54.12] running autostart C:\Users\szymo\source\repos\torcs\gym_torcs\autostart_windows.bat
[15-Apr-26 20:33:54.12] autostart exit=0

Image Name                     PID Session Name        Session#    Mem Usage
========================= ======== ================ =========== ============
wtorcs.exe                   51932 Console                    1     67,120 K
INFO: No tasks are running which match the specified criteria.
[15-Apr-26 20:33:55.79] start_torcs_windows.bat end

[15-Apr-26 20:34:05.45] start_torcs_windows.bat begin
[15-Apr-26 20:34:05.46] TORCS_EXE=C:\Users\szymo\source\repos\torcs\torcs\wtorcs.exe
[15-Apr-26 20:34:05.46] TORCS_IMAGE=wtorcs.exe
[15-Apr-26 20:34:05.47] VISION_FLAG=novision
SUCCESS: The process with PID 5708 (child process of PID 51932) has been terminated.
SUCCESS: The process with PID 51932 (child process of PID 37392) has been terminated.
[15-Apr-26 20:34:05.58] taskkill wtorcs.exe exit=0
ERROR: The process "torcs.exe" not found.
[15-Apr-26 20:34:05.70] taskkill torcs.exe exit=128
ERROR: The process "wtorcs.exe" not found.
[15-Apr-26 20:34:05.70] taskkill wtorcs.exe exit=128
[15-Apr-26 20:34:06.14] TORCS_DIR=C:\Users\szymo\source\repos\torcs\torcs\
[15-Apr-26 20:34:06.14] launching without vision
[15-Apr-26 20:34:06.14] start command dispatched
[15-Apr-26 20:34:07.14] running autostart C:\Users\szymo\source\repos\torcs\gym_torcs\autostart_windows.bat
[15-Apr-26 20:34:07.14] autostart exit=0

Image Name                     PID Session Name        Session#    Mem Usage
========================= ======== ================ =========== ============
wtorcs.exe                   51336 Console                    1     67,116 K
INFO: No tasks are running which match the specified criteria.
[15-Apr-26 20:34:08.82] start_torcs_windows.bat end

[15-Apr-26 20:34:20.66] start_torcs_windows.bat begin
[15-Apr-26 20:34:20.67] TORCS_EXE=C:\Users\szymo\source\repos\torcs\torcs\wtorcs.exe
[15-Apr-26 20:34:20.67] TORCS_IMAGE=wtorcs.exe
[15-Apr-26 20:34:20.68] VISION_FLAG=novision
SUCCESS: The process with PID 54040 (child process of PID 51336) has been terminated.
SUCCESS: The process with PID 51336 (child process of PID 52172) has been terminated.
[15-Apr-26 20:34:20.78] taskkill wtorcs.exe exit=0
ERROR: The process "torcs.exe" not found.
[15-Apr-26 20:34:20.90] taskkill torcs.exe exit=128
ERROR: The process "wtorcs.exe" not found.
[15-Apr-26 20:34:20.90] taskkill wtorcs.exe exit=128
[15-Apr-26 20:34:22.21] TORCS_DIR=C:\Users\szymo\source\repos\torcs\torcs\
[15-Apr-26 20:34:22.21] launching without vision
[15-Apr-26 20:34:22.22] start command dispatched
[15-Apr-26 20:34:23.21] running autostart C:\Users\szymo\source\repos\torcs\gym_torcs\autostart_windows.bat
[15-Apr-26 20:34:23.21] autostart exit=0

Image Name                     PID Session Name        Session#    Mem Usage
========================= ======== ================ =========== ============
wtorcs.exe                   56888 Console                    1     67,912 K
INFO: No tasks are running which match the specified criteria.
[15-Apr-26 20:34:24.91] start_torcs_windows.bat end

[15-Apr-26 20:34:34.65] start_torcs_windows.bat begin
[15-Apr-26 20:34:34.66] TORCS_EXE=C:\Users\szymo\source\repos\torcs\torcs\wtorcs.exe
[15-Apr-26 20:34:34.66] TORCS_IMAGE=wtorcs.exe
[15-Apr-26 20:34:34.67] VISION_FLAG=novision
SUCCESS: The process with PID 56916 (child process of PID 56888) has been terminated.
SUCCESS: The process with PID 56888 (child process of PID 56968) has been terminated.
[15-Apr-26 20:34:34.77] taskkill wtorcs.exe exit=0
ERROR: The process "torcs.exe" not found.
[15-Apr-26 20:34:34.88] taskkill torcs.exe exit=128
ERROR: The process "wtorcs.exe" not found.
[15-Apr-26 20:34:34.89] taskkill wtorcs.exe exit=128
[15-Apr-26 20:34:36.20] TORCS_DIR=C:\Users\szymo\source\repos\torcs\torcs\
[15-Apr-26 20:34:36.20] launching without vision
[15-Apr-26 20:34:36.21] start command dispatched
[15-Apr-26 20:34:37.20] running autostart C:\Users\szymo\source\repos\torcs\gym_torcs\autostart_windows.bat
[15-Apr-26 20:34:37.20] autostart exit=0

Image Name                     PID Session Name        Session#    Mem Usage
========================= ======== ================ =========== ============
wtorcs.exe                   51100 Console                    1     67,204 K
INFO: No tasks are running which match the specified criteria.
[15-Apr-26 20:34:38.89] start_torcs_windows.bat end

[15-Apr-26 20:34:48.30] start_torcs_windows.bat begin
[15-Apr-26 20:34:48.30] TORCS_EXE=C:\Users\szymo\source\repos\torcs\torcs\wtorcs.exe
[15-Apr-26 20:34:48.31] TORCS_IMAGE=wtorcs.exe
[15-Apr-26 20:34:48.31] VISION_FLAG=novision
SUCCESS: The process with PID 56824 (child process of PID 51100) has been terminated.
SUCCESS: The process with PID 51100 (child process of PID 56980) has been terminated.
[15-Apr-26 20:34:48.42] taskkill wtorcs.exe exit=0
ERROR: The process "torcs.exe" not found.
[15-Apr-26 20:34:48.54] taskkill torcs.exe exit=128
ERROR: The process "wtorcs.exe" not found.
[15-Apr-26 20:34:48.54] taskkill wtorcs.exe exit=128
[15-Apr-26 20:34:49.20] TORCS_DIR=C:\Users\szymo\source\repos\torcs\torcs\
[15-Apr-26 20:34:49.20] launching without vision
[15-Apr-26 20:34:49.20] start command dispatched
[15-Apr-26 20:34:50.20] running autostart C:\Users\szymo\source\repos\torcs\gym_torcs\autostart_windows.bat
[15-Apr-26 20:34:50.20] autostart exit=0

Image Name                     PID Session Name        Session#    Mem Usage
========================= ======== ================ =========== ============
wtorcs.exe                   53592 Console                    1     67,212 K
INFO: No tasks are running which match the specified criteria.
[15-Apr-26 20:34:51.91] start_torcs_windows.bat end

[15-Apr-26 20:35:01.05] start_torcs_windows.bat begin
[15-Apr-26 20:35:01.06] TORCS_EXE=C:\Users\szymo\source\repos\torcs\torcs\wtorcs.exe
[15-Apr-26 20:35:01.07] TORCS_IMAGE=wtorcs.exe
[15-Apr-26 20:35:01.07] VISION_FLAG=novision
SUCCESS: The process with PID 49480 (child process of PID 53592) has been terminated.
SUCCESS: The process with PID 53592 (child process of PID 56776) has been terminated.
[15-Apr-26 20:35:01.18] taskkill wtorcs.exe exit=0
ERROR: The process "torcs.exe" not found.
[15-Apr-26 20:35:01.29] taskkill torcs.exe exit=128
ERROR: The process "wtorcs.exe" not found.
[15-Apr-26 20:35:01.30] taskkill wtorcs.exe exit=128
[15-Apr-26 20:35:02.18] TORCS_DIR=C:\Users\szymo\source\repos\torcs\torcs\
[15-Apr-26 20:35:02.18] launching without vision
[15-Apr-26 20:35:02.18] start command dispatched
[15-Apr-26 20:35:03.18] running autostart C:\Users\szymo\source\repos\torcs\gym_torcs\autostart_windows.bat
[15-Apr-26 20:35:03.18] autostart exit=0

Image Name                     PID Session Name        Session#    Mem Usage
========================= ======== ================ =========== ============
wtorcs.exe                   52824 Console                    1     67,112 K
INFO: No tasks are running which match the specified criteria.
[15-Apr-26 20:35:04.86] start_torcs_windows.bat end

[15-Apr-26 20:35:15.46] start_torcs_windows.bat begin
[15-Apr-26 20:35:15.47] TORCS_EXE=C:\Users\szymo\source\repos\torcs\torcs\wtorcs.exe
[15-Apr-26 20:35:15.48] TORCS_IMAGE=wtorcs.exe
[15-Apr-26 20:35:15.48] VISION_FLAG=novision
SUCCESS: The process with PID 52036 (child process of PID 52824) has been terminated.
SUCCESS: The process with PID 52824 (child process of PID 55552) has been terminated.
[15-Apr-26 20:35:15.59] taskkill wtorcs.exe exit=0
ERROR: The process "torcs.exe" not found.
[15-Apr-26 20:35:15.69] taskkill torcs.exe exit=128
ERROR: The process "wtorcs.exe" not found.
[15-Apr-26 20:35:15.70] taskkill wtorcs.exe exit=128
[15-Apr-26 20:35:16.14] TORCS_DIR=C:\Users\szymo\source\repos\torcs\torcs\
[15-Apr-26 20:35:16.14] launching without vision
[15-Apr-26 20:35:16.14] start command dispatched
[15-Apr-26 20:35:17.13] running autostart C:\Users\szymo\source\repos\torcs\gym_torcs\autostart_windows.bat
[15-Apr-26 20:35:17.14] autostart exit=0

Image Name                     PID Session Name        Session#    Mem Usage
========================= ======== ================ =========== ============
wtorcs.exe                   54668 Console                    1     67,128 K
INFO: No tasks are running which match the specified criteria.
[15-Apr-26 20:35:18.82] start_torcs_windows.bat end

[15-Apr-26 20:35:29.42] start_torcs_windows.bat begin
[15-Apr-26 20:35:29.43] TORCS_EXE=C:\Users\szymo\source\repos\torcs\torcs\wtorcs.exe
[15-Apr-26 20:35:29.43] TORCS_IMAGE=wtorcs.exe
[15-Apr-26 20:35:29.44] VISION_FLAG=novision
SUCCESS: The process with PID 42512 (child process of PID 54668) has been terminated.
SUCCESS: The process with PID 54668 (child process of PID 5676) has been terminated.
[15-Apr-26 20:35:29.54] taskkill wtorcs.exe exit=0
ERROR: The process "torcs.exe" not found.
[15-Apr-26 20:35:29.65] taskkill torcs.exe exit=128
ERROR: The process "wtorcs.exe" not found.
[15-Apr-26 20:35:29.66] taskkill wtorcs.exe exit=128
[15-Apr-26 20:35:30.19] TORCS_DIR=C:\Users\szymo\source\repos\torcs\torcs\
[15-Apr-26 20:35:30.19] launching without vision
[15-Apr-26 20:35:30.20] start command dispatched
[15-Apr-26 20:35:31.20] running autostart C:\Users\szymo\source\repos\torcs\gym_torcs\autostart_windows.bat
[15-Apr-26 20:35:31.20] autostart exit=0

Image Name                     PID Session Name        Session#    Mem Usage
========================= ======== ================ =========== ============
wtorcs.exe                   49800 Console                    1     67,192 K
INFO: No tasks are running which match the specified criteria.
[15-Apr-26 20:35:32.88] start_torcs_windows.bat end

[15-Apr-26 20:35:42.68] start_torcs_windows.bat begin
[15-Apr-26 20:35:42.69] TORCS_EXE=C:\Users\szymo\source\repos\torcs\torcs\wtorcs.exe
[15-Apr-26 20:35:42.69] TORCS_IMAGE=wtorcs.exe
[15-Apr-26 20:35:42.70] VISION_FLAG=novision
SUCCESS: The process with PID 55684 (child process of PID 49800) has been terminated.
SUCCESS: The process with PID 49800 (child process of PID 56272) has been terminated.
[15-Apr-26 20:35:42.81] taskkill wtorcs.exe exit=0
ERROR: The process "torcs.exe" not found.
[15-Apr-26 20:35:42.92] taskkill torcs.exe exit=128
ERROR: The process "wtorcs.exe" not found.
[15-Apr-26 20:35:42.92] taskkill wtorcs.exe exit=128
[15-Apr-26 20:35:44.12] TORCS_DIR=C:\Users\szymo\source\repos\torcs\torcs\
[15-Apr-26 20:35:44.12] launching without vision
[15-Apr-26 20:35:44.12] start command dispatched
[15-Apr-26 20:35:45.12] running autostart C:\Users\szymo\source\repos\torcs\gym_torcs\autostart_windows.bat
[15-Apr-26 20:35:45.12] autostart exit=0

Image Name                     PID Session Name        Session#    Mem Usage
========================= ======== ================ =========== ============
wtorcs.exe                   56804 Console                    1     67,332 K
INFO: No tasks are running which match the specified criteria.
[15-Apr-26 20:35:46.81] start_torcs_windows.bat end

[15-Apr-26 20:35:56.67] start_torcs_windows.bat begin
[15-Apr-26 20:35:56.68] TORCS_EXE=C:\Users\szymo\source\repos\torcs\torcs\wtorcs.exe
[15-Apr-26 20:35:56.68] TORCS_IMAGE=wtorcs.exe
[15-Apr-26 20:35:56.69] VISION_FLAG=novision
SUCCESS: The process with PID 54268 (child process of PID 56804) has been terminated.
SUCCESS: The process with PID 56804 (child process of PID 37388) has been terminated.
[15-Apr-26 20:35:56.80] taskkill wtorcs.exe exit=0
ERROR: The process "torcs.exe" not found.
[15-Apr-26 20:35:56.91] taskkill torcs.exe exit=128
ERROR: The process "wtorcs.exe" not found.
[15-Apr-26 20:35:56.91] taskkill wtorcs.exe exit=128
[15-Apr-26 20:35:58.12] TORCS_DIR=C:\Users\szymo\source\repos\torcs\torcs\
[15-Apr-26 20:35:58.12] launching without vision
[15-Apr-26 20:35:58.13] start command dispatched
[15-Apr-26 20:35:59.12] running autostart C:\Users\szymo\source\repos\torcs\gym_torcs\autostart_windows.bat
[15-Apr-26 20:35:59.12] autostart exit=0

Image Name                     PID Session Name        Session#    Mem Usage
========================= ======== ================ =========== ============
wtorcs.exe                   56252 Console                    1     67,092 K
INFO: No tasks are running which match the specified criteria.
[15-Apr-26 20:36:00.81] start_torcs_windows.bat end

[15-Apr-26 20:36:10.60] start_torcs_windows.bat begin
[15-Apr-26 20:36:10.61] TORCS_EXE=C:\Users\szymo\source\repos\torcs\torcs\wtorcs.exe
[15-Apr-26 20:36:10.61] TORCS_IMAGE=wtorcs.exe
[15-Apr-26 20:36:10.61] VISION_FLAG=novision
SUCCESS: The process with PID 57020 (child process of PID 56252) has been terminated.
SUCCESS: The process with PID 56252 (child process of PID 54532) has been terminated.
[15-Apr-26 20:36:10.72] taskkill wtorcs.exe exit=0
ERROR: The process "torcs.exe" not found.
[15-Apr-26 20:36:10.83] taskkill torcs.exe exit=128
ERROR: The process "wtorcs.exe" not found.
[15-Apr-26 20:36:10.84] taskkill wtorcs.exe exit=128
[15-Apr-26 20:36:11.16] TORCS_DIR=C:\Users\szymo\source\repos\torcs\torcs\
[15-Apr-26 20:36:11.16] launching without vision
[15-Apr-26 20:36:11.17] start command dispatched
[15-Apr-26 20:36:12.16] running autostart C:\Users\szymo\source\repos\torcs\gym_torcs\autostart_windows.bat
[15-Apr-26 20:36:12.16] autostart exit=0

Image Name                     PID Session Name        Session#    Mem Usage
========================= ======== ================ =========== ============
wtorcs.exe                   52196 Console                    1     67,172 K
INFO: No tasks are running which match the specified criteria.
[15-Apr-26 20:36:13.87] start_torcs_windows.bat end

[15-Apr-26 20:36:23.07] start_torcs_windows.bat begin
[15-Apr-26 20:36:23.08] TORCS_EXE=C:\Users\szymo\source\repos\torcs\torcs\wtorcs.exe
[15-Apr-26 20:36:23.08] TORCS_IMAGE=wtorcs.exe
[15-Apr-26 20:36:23.09] VISION_FLAG=novision
SUCCESS: The process with PID 55624 (child process of PID 52196) has been terminated.
SUCCESS: The process with PID 52196 (child process of PID 21016) has been terminated.
[15-Apr-26 20:36:23.20] taskkill wtorcs.exe exit=0
ERROR: The process "torcs.exe" not found.
[15-Apr-26 20:36:23.32] taskkill torcs.exe exit=128
ERROR: The process "wtorcs.exe" not found.
[15-Apr-26 20:36:23.32] taskkill wtorcs.exe exit=128
[15-Apr-26 20:36:24.20] TORCS_DIR=C:\Users\szymo\source\repos\torcs\torcs\
[15-Apr-26 20:36:24.20] launching without vision
[15-Apr-26 20:36:24.21] start command dispatched
[15-Apr-26 20:36:25.21] running autostart C:\Users\szymo\source\repos\torcs\gym_torcs\autostart_windows.bat
[15-Apr-26 20:36:25.21] autostart exit=0

Image Name                     PID Session Name        Session#    Mem Usage
========================= ======== ================ =========== ============
wtorcs.exe                   48884 Console                    1     67,520 K
INFO: No tasks are running which match the specified criteria.
[15-Apr-26 20:36:26.89] start_torcs_windows.bat end

[15-Apr-26 20:36:36.55] start_torcs_windows.bat begin
[15-Apr-26 20:36:36.55] TORCS_EXE=C:\Users\szymo\source\repos\torcs\torcs\wtorcs.exe
[15-Apr-26 20:36:36.56] TORCS_IMAGE=wtorcs.exe
[15-Apr-26 20:36:36.56] VISION_FLAG=novision
SUCCESS: The process with PID 44812 (child process of PID 48884) has been terminated.
SUCCESS: The process with PID 48884 (child process of PID 57284) has been terminated.
[15-Apr-26 20:36:36.67] taskkill wtorcs.exe exit=0
ERROR: The process "torcs.exe" not found.
[15-Apr-26 20:36:36.78] taskkill torcs.exe exit=128
ERROR: The process "wtorcs.exe" not found.
[15-Apr-26 20:36:36.79] taskkill wtorcs.exe exit=128
[15-Apr-26 20:36:37.11] TORCS_DIR=C:\Users\szymo\source\repos\torcs\torcs\
[15-Apr-26 20:36:37.11] launching without vision
[15-Apr-26 20:36:37.12] start command dispatched
[15-Apr-26 20:36:38.11] running autostart C:\Users\szymo\source\repos\torcs\gym_torcs\autostart_windows.bat
[15-Apr-26 20:36:38.11] autostart exit=0

Image Name                     PID Session Name        Session#    Mem Usage
========================= ======== ================ =========== ============
wtorcs.exe                   18696 Console                    1     67,176 K
INFO: No tasks are running which match the specified criteria.
[15-Apr-26 20:36:39.80] start_torcs_windows.bat end

[15-Apr-26 20:36:54.16] start_torcs_windows.bat begin
[15-Apr-26 20:36:54.17] TORCS_EXE=C:\Users\szymo\source\repos\torcs\torcs\wtorcs.exe
[15-Apr-26 20:36:54.17] TORCS_IMAGE=wtorcs.exe
[15-Apr-26 20:36:54.18] VISION_FLAG=novision
SUCCESS: The process with PID 54640 (child process of PID 18696) has been terminated.
SUCCESS: The process with PID 18696 (child process of PID 55556) has been terminated.
[15-Apr-26 20:36:54.29] taskkill wtorcs.exe exit=0
ERROR: The process "torcs.exe" not found.
[15-Apr-26 20:36:54.39] taskkill torcs.exe exit=128
ERROR: The process "wtorcs.exe" not found.
[15-Apr-26 20:36:54.40] taskkill wtorcs.exe exit=128
[15-Apr-26 20:36:55.15] TORCS_DIR=C:\Users\szymo\source\repos\torcs\torcs\
[15-Apr-26 20:36:55.15] launching without vision
[15-Apr-26 20:36:55.16] start command dispatched
[15-Apr-26 20:36:56.16] running autostart C:\Users\szymo\source\repos\torcs\gym_torcs\autostart_windows.bat
[15-Apr-26 20:36:56.16] autostart exit=0

Image Name                     PID Session Name        Session#    Mem Usage
========================= ======== ================ =========== ============
wtorcs.exe                    3816 Console                    1     67,156 K
INFO: No tasks are running which match the specified criteria.
[15-Apr-26 20:36:57.86] start_torcs_windows.bat end

[15-Apr-26 20:37:08.02] start_torcs_windows.bat begin
[15-Apr-26 20:37:08.02] TORCS_EXE=C:\Users\szymo\source\repos\torcs\torcs\wtorcs.exe
[15-Apr-26 20:37:08.03] TORCS_IMAGE=wtorcs.exe
[15-Apr-26 20:37:08.03] VISION_FLAG=novision
SUCCESS: The process with PID 53892 (child process of PID 3816) has been terminated.
SUCCESS: The process with PID 3816 (child process of PID 51552) has been terminated.
[15-Apr-26 20:37:08.14] taskkill wtorcs.exe exit=0
ERROR: The process "torcs.exe" not found.
[15-Apr-26 20:37:08.25] taskkill torcs.exe exit=128
ERROR: The process "wtorcs.exe" not found.
[15-Apr-26 20:37:08.25] taskkill wtorcs.exe exit=128
[15-Apr-26 20:37:09.11] TORCS_DIR=C:\Users\szymo\source\repos\torcs\torcs\
[15-Apr-26 20:37:09.11] launching without vision
[15-Apr-26 20:37:09.12] start command dispatched
[15-Apr-26 20:37:10.11] running autostart C:\Users\szymo\source\repos\torcs\gym_torcs\autostart_windows.bat
[15-Apr-26 20:37:10.11] autostart exit=0

Image Name                     PID Session Name        Session#    Mem Usage
========================= ======== ================ =========== ============
wtorcs.exe                   44600 Console                    1     67,176 K
INFO: No tasks are running which match the specified criteria.
[15-Apr-26 20:37:11.79] start_torcs_windows.bat end

[15-Apr-26 20:37:21.91] start_torcs_windows.bat begin
[15-Apr-26 20:37:21.92] TORCS_EXE=C:\Users\szymo\source\repos\torcs\torcs\wtorcs.exe
[15-Apr-26 20:37:21.92] TORCS_IMAGE=wtorcs.exe
[15-Apr-26 20:37:21.93] VISION_FLAG=novision
SUCCESS: The process with PID 56488 (child process of PID 44600) has been terminated.
SUCCESS: The process with PID 44600 (child process of PID 21128) has been terminated.
[15-Apr-26 20:37:22.04] taskkill wtorcs.exe exit=0
ERROR: The process "torcs.exe" not found.
[15-Apr-26 20:37:22.15] taskkill torcs.exe exit=128
ERROR: The process "wtorcs.exe" not found.
[15-Apr-26 20:37:22.16] taskkill wtorcs.exe exit=128
[15-Apr-26 20:37:23.15] TORCS_DIR=C:\Users\szymo\source\repos\torcs\torcs\
[15-Apr-26 20:37:23.15] launching without vision
[15-Apr-26 20:37:23.15] start command dispatched
[15-Apr-26 20:37:24.14] running autostart C:\Users\szymo\source\repos\torcs\gym_torcs\autostart_windows.bat
[15-Apr-26 20:37:24.14] autostart exit=0

Image Name                     PID Session Name        Session#    Mem Usage
========================= ======== ================ =========== ============
wtorcs.exe                   39424 Console                    1     67,208 K
INFO: No tasks are running which match the specified criteria.
[15-Apr-26 20:37:25.82] start_torcs_windows.bat end

[15-Apr-26 20:37:36.77] start_torcs_windows.bat begin
[15-Apr-26 20:37:36.78] TORCS_EXE=C:\Users\szymo\source\repos\torcs\torcs\wtorcs.exe
[15-Apr-26 20:37:36.78] TORCS_IMAGE=wtorcs.exe
[15-Apr-26 20:37:36.79] VISION_FLAG=novision
SUCCESS: The process with PID 53268 (child process of PID 39424) has been terminated.
SUCCESS: The process with PID 39424 (child process of PID 20548) has been terminated.
[15-Apr-26 20:37:36.89] taskkill wtorcs.exe exit=0
ERROR: The process "torcs.exe" not found.
[15-Apr-26 20:37:37.01] taskkill torcs.exe exit=128
ERROR: The process "wtorcs.exe" not found.
[15-Apr-26 20:37:37.01] taskkill wtorcs.exe exit=128
[15-Apr-26 20:37:38.21] TORCS_DIR=C:\Users\szymo\source\repos\torcs\torcs\
[15-Apr-26 20:37:38.21] launching without vision
[15-Apr-26 20:37:38.22] start command dispatched
[15-Apr-26 20:37:39.21] running autostart C:\Users\szymo\source\repos\torcs\gym_torcs\autostart_windows.bat
[15-Apr-26 20:37:39.21] autostart exit=0

Image Name                     PID Session Name        Session#    Mem Usage
========================= ======== ================ =========== ============
wtorcs.exe                   55840 Console                    1     67,140 K
INFO: No tasks are running which match the specified criteria.
[15-Apr-26 20:37:40.90] start_torcs_windows.bat end

[15-Apr-26 20:37:52.52] start_torcs_windows.bat begin
[15-Apr-26 20:37:52.52] TORCS_EXE=C:\Users\szymo\source\repos\torcs\torcs\wtorcs.exe
[15-Apr-26 20:37:52.53] TORCS_IMAGE=wtorcs.exe
[15-Apr-26 20:37:52.53] VISION_FLAG=novision
SUCCESS: The process with PID 50988 (child process of PID 55840) has been terminated.
SUCCESS: The process with PID 55840 (child process of PID 55492) has been terminated.
[15-Apr-26 20:37:52.64] taskkill wtorcs.exe exit=0
ERROR: The process "torcs.exe" not found.
[15-Apr-26 20:37:52.75] taskkill torcs.exe exit=128
ERROR: The process "wtorcs.exe" not found.
[15-Apr-26 20:37:52.76] taskkill wtorcs.exe exit=128
[15-Apr-26 20:37:53.18] TORCS_DIR=C:\Users\szymo\source\repos\torcs\torcs\
[15-Apr-26 20:37:53.18] launching without vision
[15-Apr-26 20:37:53.19] start command dispatched
[15-Apr-26 20:37:54.17] running autostart C:\Users\szymo\source\repos\torcs\gym_torcs\autostart_windows.bat
[15-Apr-26 20:37:54.17] autostart exit=0

Image Name                     PID Session Name        Session#    Mem Usage
========================= ======== ================ =========== ============
wtorcs.exe                   53124 Console                    1     67,280 K
INFO: No tasks are running which match the specified criteria.
[15-Apr-26 20:37:55.87] start_torcs_windows.bat end

[15-Apr-26 20:38:05.44] start_torcs_windows.bat begin
[15-Apr-26 20:38:05.45] TORCS_EXE=C:\Users\szymo\source\repos\torcs\torcs\wtorcs.exe
[15-Apr-26 20:38:05.45] TORCS_IMAGE=wtorcs.exe
[15-Apr-26 20:38:05.46] VISION_FLAG=novision
SUCCESS: The process with PID 56456 (child process of PID 53124) has been terminated.
SUCCESS: The process with PID 53124 (child process of PID 43544) has been terminated.
[15-Apr-26 20:38:05.57] taskkill wtorcs.exe exit=0
ERROR: The process "torcs.exe" not found.
[15-Apr-26 20:38:05.68] taskkill torcs.exe exit=128
ERROR: The process "wtorcs.exe" not found.
[15-Apr-26 20:38:05.69] taskkill wtorcs.exe exit=128
[15-Apr-26 20:38:06.12] TORCS_DIR=C:\Users\szymo\source\repos\torcs\torcs\
[15-Apr-26 20:38:06.12] launching without vision
[15-Apr-26 20:38:06.13] start command dispatched
[15-Apr-26 20:38:07.13] running autostart C:\Users\szymo\source\repos\torcs\gym_torcs\autostart_windows.bat
[15-Apr-26 20:38:07.13] autostart exit=0

Image Name                     PID Session Name        Session#    Mem Usage
========================= ======== ================ =========== ============
wtorcs.exe                   49856 Console                    1     67,248 K
INFO: No tasks are running which match the specified criteria.
[15-Apr-26 20:38:08.81] start_torcs_windows.bat end

[15-Apr-26 20:38:20.80] start_torcs_windows.bat begin
[15-Apr-26 20:38:20.81] TORCS_EXE=C:\Users\szymo\source\repos\torcs\torcs\wtorcs.exe
[15-Apr-26 20:38:20.81] TORCS_IMAGE=wtorcs.exe
[15-Apr-26 20:38:20.82] VISION_FLAG=novision
SUCCESS: The process with PID 56616 (child process of PID 49856) has been terminated.
SUCCESS: The process with PID 49856 (child process of PID 53288) has been terminated.
[15-Apr-26 20:38:20.93] taskkill wtorcs.exe exit=0
ERROR: The process "torcs.exe" not found.
[15-Apr-26 20:38:21.04] taskkill torcs.exe exit=128
ERROR: The process "wtorcs.exe" not found.
[15-Apr-26 20:38:21.04] taskkill wtorcs.exe exit=128
[15-Apr-26 20:38:22.13] TORCS_DIR=C:\Users\szymo\source\repos\torcs\torcs\
[15-Apr-26 20:38:22.13] launching without vision
[15-Apr-26 20:38:22.14] start command dispatched
[15-Apr-26 20:38:23.13] running autostart C:\Users\szymo\source\repos\torcs\gym_torcs\autostart_windows.bat
[15-Apr-26 20:38:23.13] autostart exit=0

Image Name                     PID Session Name        Session#    Mem Usage
========================= ======== ================ =========== ============
wtorcs.exe                   57328 Console                    1     67,128 K
INFO: No tasks are running which match the specified criteria.
[15-Apr-26 20:38:24.82] start_torcs_windows.bat end

[15-Apr-26 20:38:33.95] start_torcs_windows.bat begin
[15-Apr-26 20:38:33.95] TORCS_EXE=C:\Users\szymo\source\repos\torcs\torcs\wtorcs.exe
[15-Apr-26 20:38:33.96] TORCS_IMAGE=wtorcs.exe
[15-Apr-26 20:38:33.96] VISION_FLAG=novision
SUCCESS: The process with PID 51332 (child process of PID 57328) has been terminated.
SUCCESS: The process with PID 57328 (child process of PID 50452) has been terminated.
[15-Apr-26 20:38:34.07] taskkill wtorcs.exe exit=0
ERROR: The process "torcs.exe" not found.
[15-Apr-26 20:38:34.19] taskkill torcs.exe exit=128
ERROR: The process "wtorcs.exe" not found.
[15-Apr-26 20:38:34.20] taskkill wtorcs.exe exit=128
[15-Apr-26 20:38:35.17] TORCS_DIR=C:\Users\szymo\source\repos\torcs\torcs\
[15-Apr-26 20:38:35.17] launching without vision
[15-Apr-26 20:38:35.18] start command dispatched
[15-Apr-26 20:38:36.17] running autostart C:\Users\szymo\source\repos\torcs\gym_torcs\autostart_windows.bat
[15-Apr-26 20:38:36.17] autostart exit=0

Image Name                     PID Session Name        Session#    Mem Usage
========================= ======== ================ =========== ============
wtorcs.exe                   49324 Console                    1     67,200 K
INFO: No tasks are running which match the specified criteria.
[15-Apr-26 20:38:37.86] start_torcs_windows.bat end

[15-Apr-26 20:38:48.04] start_torcs_windows.bat begin
[15-Apr-26 20:38:48.04] TORCS_EXE=C:\Users\szymo\source\repos\torcs\torcs\wtorcs.exe
[15-Apr-26 20:38:48.05] TORCS_IMAGE=wtorcs.exe
[15-Apr-26 20:38:48.05] VISION_FLAG=novision
SUCCESS: The process with PID 56352 (child process of PID 49324) has been terminated.
SUCCESS: The process with PID 49324 (child process of PID 43700) has been terminated.
[15-Apr-26 20:38:48.16] taskkill wtorcs.exe exit=0
ERROR: The process "torcs.exe" not found.
[15-Apr-26 20:38:48.28] taskkill torcs.exe exit=128
ERROR: The process "wtorcs.exe" not found.
[15-Apr-26 20:38:48.29] taskkill wtorcs.exe exit=128
[15-Apr-26 20:38:49.15] TORCS_DIR=C:\Users\szymo\source\repos\torcs\torcs\
[15-Apr-26 20:38:49.15] launching without vision
[15-Apr-26 20:38:49.16] start command dispatched
[15-Apr-26 20:38:50.15] running autostart C:\Users\szymo\source\repos\torcs\gym_torcs\autostart_windows.bat
[15-Apr-26 20:38:50.15] autostart exit=0

Image Name                     PID Session Name        Session#    Mem Usage
========================= ======== ================ =========== ============
wtorcs.exe                   56564 Console                    1     67,076 K
INFO: No tasks are running which match the specified criteria.
[15-Apr-26 20:38:51.85] start_torcs_windows.bat end

[15-Apr-26 20:39:02.68] start_torcs_windows.bat begin
[15-Apr-26 20:39:02.69] TORCS_EXE=C:\Users\szymo\source\repos\torcs\torcs\wtorcs.exe
[15-Apr-26 20:39:02.69] TORCS_IMAGE=wtorcs.exe
[15-Apr-26 20:39:02.70] VISION_FLAG=novision
SUCCESS: The process with PID 53452 (child process of PID 56564) has been terminated.
SUCCESS: The process with PID 56564 (child process of PID 56384) has been terminated.
[15-Apr-26 20:39:02.80] taskkill wtorcs.exe exit=0
ERROR: The process "torcs.exe" not found.
[15-Apr-26 20:39:02.92] taskkill torcs.exe exit=128
ERROR: The process "wtorcs.exe" not found.
[15-Apr-26 20:39:02.93] taskkill wtorcs.exe exit=128
[15-Apr-26 20:39:04.12] TORCS_DIR=C:\Users\szymo\source\repos\torcs\torcs\
[15-Apr-26 20:39:04.12] launching without vision
[15-Apr-26 20:39:04.13] start command dispatched
[15-Apr-26 20:39:05.11] running autostart C:\Users\szymo\source\repos\torcs\gym_torcs\autostart_windows.bat
[15-Apr-26 20:39:05.11] autostart exit=0

Image Name                     PID Session Name        Session#    Mem Usage
========================= ======== ================ =========== ============
wtorcs.exe                   54416 Console                    1     67,108 K
INFO: No tasks are running which match the specified criteria.
[15-Apr-26 20:39:06.80] start_torcs_windows.bat end

[15-Apr-26 20:39:17.11] start_torcs_windows.bat begin
[15-Apr-26 20:39:17.12] TORCS_EXE=C:\Users\szymo\source\repos\torcs\torcs\wtorcs.exe
[15-Apr-26 20:39:17.12] TORCS_IMAGE=wtorcs.exe
[15-Apr-26 20:39:17.13] VISION_FLAG=novision
SUCCESS: The process with PID 55620 (child process of PID 54416) has been terminated.
SUCCESS: The process with PID 54416 (child process of PID 56388) has been terminated.
[15-Apr-26 20:39:17.25] taskkill wtorcs.exe exit=0
ERROR: The process "torcs.exe" not found.
[15-Apr-26 20:39:17.37] taskkill torcs.exe exit=128
ERROR: The process "wtorcs.exe" not found.
[15-Apr-26 20:39:17.37] taskkill wtorcs.exe exit=128
[15-Apr-26 20:39:18.14] TORCS_DIR=C:\Users\szymo\source\repos\torcs\torcs\
[15-Apr-26 20:39:18.14] launching without vision
[15-Apr-26 20:39:18.15] start command dispatched
[15-Apr-26 20:39:19.13] running autostart C:\Users\szymo\source\repos\torcs\gym_torcs\autostart_windows.bat
[15-Apr-26 20:39:19.13] autostart exit=0

Image Name                     PID Session Name        Session#    Mem Usage
========================= ======== ================ =========== ============
wtorcs.exe                   56436 Console                    1     67,176 K
INFO: No tasks are running which match the specified criteria.
[15-Apr-26 20:39:20.82] start_torcs_windows.bat end

[15-Apr-26 20:39:33.94] start_torcs_windows.bat begin
[15-Apr-26 20:39:33.94] TORCS_EXE=C:\Users\szymo\source\repos\torcs\torcs\wtorcs.exe
[15-Apr-26 20:39:33.95] TORCS_IMAGE=wtorcs.exe
[15-Apr-26 20:39:33.95] VISION_FLAG=novision
SUCCESS: The process with PID 53860 (child process of PID 56436) has been terminated.
SUCCESS: The process with PID 56436 (child process of PID 57316) has been terminated.
[15-Apr-26 20:39:34.07] taskkill wtorcs.exe exit=0
ERROR: The process "torcs.exe" not found.
[15-Apr-26 20:39:34.18] taskkill torcs.exe exit=128
ERROR: The process "wtorcs.exe" not found.
[15-Apr-26 20:39:34.19] taskkill wtorcs.exe exit=128
[15-Apr-26 20:39:35.16] TORCS_DIR=C:\Users\szymo\source\repos\torcs\torcs\
[15-Apr-26 20:39:35.16] launching without vision
[15-Apr-26 20:39:35.17] start command dispatched
[15-Apr-26 20:39:36.16] running autostart C:\Users\szymo\source\repos\torcs\gym_torcs\autostart_windows.bat
[15-Apr-26 20:39:36.16] autostart exit=0

Image Name                     PID Session Name        Session#    Mem Usage
========================= ======== ================ =========== ============
wtorcs.exe                   56644 Console                    1     67,096 K
INFO: No tasks are running which match the specified criteria.
[15-Apr-26 20:39:37.86] start_torcs_windows.bat end

[15-Apr-26 20:39:46.78] start_torcs_windows.bat begin
[15-Apr-26 20:39:46.79] TORCS_EXE=C:\Users\szymo\source\repos\torcs\torcs\wtorcs.exe
[15-Apr-26 20:39:46.79] TORCS_IMAGE=wtorcs.exe
[15-Apr-26 20:39:46.80] VISION_FLAG=novision
SUCCESS: The process with PID 56524 (child process of PID 56644) has been terminated.
SUCCESS: The process with PID 56644 (child process of PID 56220) has been terminated.
[15-Apr-26 20:39:46.90] taskkill wtorcs.exe exit=0
ERROR: The process "torcs.exe" not found.
[15-Apr-26 20:39:47.01] taskkill torcs.exe exit=128
ERROR: The process "wtorcs.exe" not found.
[15-Apr-26 20:39:47.02] taskkill wtorcs.exe exit=128
[15-Apr-26 20:39:48.11] TORCS_DIR=C:\Users\szymo\source\repos\torcs\torcs\
[15-Apr-26 20:39:48.11] launching without vision
[15-Apr-26 20:39:48.12] start command dispatched
[15-Apr-26 20:39:49.21] running autostart C:\Users\szymo\source\repos\torcs\gym_torcs\autostart_windows.bat
[15-Apr-26 20:39:49.21] autostart exit=0

Image Name                     PID Session Name        Session#    Mem Usage
========================= ======== ================ =========== ============
wtorcs.exe                   54524 Console                    1     67,116 K
INFO: No tasks are running which match the specified criteria.
[15-Apr-26 20:39:50.90] start_torcs_windows.bat end

[15-Apr-26 20:40:01.71] start_torcs_windows.bat begin
[15-Apr-26 20:40:01.71] TORCS_EXE=C:\Users\szymo\source\repos\torcs\torcs\wtorcs.exe
[15-Apr-26 20:40:01.72] TORCS_IMAGE=wtorcs.exe
[15-Apr-26 20:40:01.73] VISION_FLAG=novision
SUCCESS: The process with PID 56896 (child process of PID 54524) has been terminated.
SUCCESS: The process with PID 54524 (child process of PID 38352) has been terminated.
[15-Apr-26 20:40:01.83] taskkill wtorcs.exe exit=0
ERROR: The process "torcs.exe" not found.
[15-Apr-26 20:40:01.94] taskkill torcs.exe exit=128
ERROR: The process "wtorcs.exe" not found.
[15-Apr-26 20:40:01.95] taskkill wtorcs.exe exit=128
[15-Apr-26 20:40:03.14] TORCS_DIR=C:\Users\szymo\source\repos\torcs\torcs\
[15-Apr-26 20:40:03.14] launching without vision
[15-Apr-26 20:40:03.15] start command dispatched
[15-Apr-26 20:40:04.14] running autostart C:\Users\szymo\source\repos\torcs\gym_torcs\autostart_windows.bat
[15-Apr-26 20:40:04.14] autostart exit=0

Image Name                     PID Session Name        Session#    Mem Usage
========================= ======== ================ =========== ============
wtorcs.exe                   55148 Console                    1     67,208 K
INFO: No tasks are running which match the specified criteria.
[15-Apr-26 20:40:05.82] start_torcs_windows.bat end

[15-Apr-26 20:40:15.17] start_torcs_windows.bat begin
[15-Apr-26 20:40:15.17] TORCS_EXE=C:\Users\szymo\source\repos\torcs\torcs\wtorcs.exe
[15-Apr-26 20:40:15.18] TORCS_IMAGE=wtorcs.exe
[15-Apr-26 20:40:15.18] VISION_FLAG=novision
SUCCESS: The process with PID 56680 (child process of PID 55148) has been terminated.
SUCCESS: The process with PID 55148 (child process of PID 57096) has been terminated.
[15-Apr-26 20:40:15.29] taskkill wtorcs.exe exit=0
ERROR: The process "torcs.exe" not found.
[15-Apr-26 20:40:15.41] taskkill torcs.exe exit=128
ERROR: The process "wtorcs.exe" not found.
[15-Apr-26 20:40:15.41] taskkill wtorcs.exe exit=128
[15-Apr-26 20:40:16.17] TORCS_DIR=C:\Users\szymo\source\repos\torcs\torcs\
[15-Apr-26 20:40:16.17] launching without vision
[15-Apr-26 20:40:16.18] start command dispatched
[15-Apr-26 20:40:17.17] running autostart C:\Users\szymo\source\repos\torcs\gym_torcs\autostart_windows.bat
[15-Apr-26 20:40:17.17] autostart exit=0

Image Name                     PID Session Name        Session#    Mem Usage
========================= ======== ================ =========== ============
wtorcs.exe                   54680 Console                    1     67,244 K
INFO: No tasks are running which match the specified criteria.
[15-Apr-26 20:40:18.85] start_torcs_windows.bat end

[15-Apr-26 20:40:28.09] start_torcs_windows.bat begin
[15-Apr-26 20:40:28.10] TORCS_EXE=C:\Users\szymo\source\repos\torcs\torcs\wtorcs.exe
[15-Apr-26 20:40:28.10] TORCS_IMAGE=wtorcs.exe
[15-Apr-26 20:40:28.11] VISION_FLAG=novision
SUCCESS: The process with PID 45848 (child process of PID 54680) has been terminated.
SUCCESS: The process with PID 54680 (child process of PID 56912) has been terminated.
[15-Apr-26 20:40:28.21] taskkill wtorcs.exe exit=0
ERROR: The process "torcs.exe" not found.
[15-Apr-26 20:40:28.31] taskkill torcs.exe exit=128
ERROR: The process "wtorcs.exe" not found.
[15-Apr-26 20:40:28.32] taskkill wtorcs.exe exit=128
[15-Apr-26 20:40:29.19] TORCS_DIR=C:\Users\szymo\source\repos\torcs\torcs\
[15-Apr-26 20:40:29.19] launching without vision
[15-Apr-26 20:40:29.19] start command dispatched
[15-Apr-26 20:40:30.18] running autostart C:\Users\szymo\source\repos\torcs\gym_torcs\autostart_windows.bat
[15-Apr-26 20:40:30.18] autostart exit=0

Image Name                     PID Session Name        Session#    Mem Usage
========================= ======== ================ =========== ============
wtorcs.exe                   57084 Console                    1     67,316 K
INFO: No tasks are running which match the specified criteria.
[15-Apr-26 20:40:31.85] start_torcs_windows.bat end

[15-Apr-26 20:40:42.10] start_torcs_windows.bat begin
[15-Apr-26 20:40:42.11] TORCS_EXE=C:\Users\szymo\source\repos\torcs\torcs\wtorcs.exe
[15-Apr-26 20:40:42.12] TORCS_IMAGE=wtorcs.exe
[15-Apr-26 20:40:42.12] VISION_FLAG=novision
SUCCESS: The process with PID 57016 (child process of PID 57084) has been terminated.
SUCCESS: The process with PID 57084 (child process of PID 56324) has been terminated.
[15-Apr-26 20:40:42.22] taskkill wtorcs.exe exit=0
ERROR: The process "torcs.exe" not found.
[15-Apr-26 20:40:42.33] taskkill torcs.exe exit=128
ERROR: The process "wtorcs.exe" not found.
[15-Apr-26 20:40:42.34] taskkill wtorcs.exe exit=128
[15-Apr-26 20:40:43.21] TORCS_DIR=C:\Users\szymo\source\repos\torcs\torcs\
[15-Apr-26 20:40:43.21] launching without vision
[15-Apr-26 20:40:43.22] start command dispatched
[15-Apr-26 20:40:44.21] running autostart C:\Users\szymo\source\repos\torcs\gym_torcs\autostart_windows.bat
[15-Apr-26 20:40:44.21] autostart exit=0

Image Name                     PID Session Name        Session#    Mem Usage
========================= ======== ================ =========== ============
wtorcs.exe                   56480 Console                    1     60,536 K
INFO: No tasks are running which match the specified criteria.
[15-Apr-26 20:40:45.91] start_torcs_windows.bat end

[15-Apr-26 20:41:04.62] start_torcs_windows.bat begin
[15-Apr-26 20:41:04.63] TORCS_EXE=C:\Users\szymo\source\repos\torcs\torcs\wtorcs.exe
[15-Apr-26 20:41:04.63] TORCS_IMAGE=wtorcs.exe
[15-Apr-26 20:41:04.64] VISION_FLAG=novision
SUCCESS: The process with PID 40612 (child process of PID 56480) has been terminated.
SUCCESS: The process with PID 56480 (child process of PID 16960) has been terminated.
[15-Apr-26 20:41:04.74] taskkill wtorcs.exe exit=0
ERROR: The process "torcs.exe" not found.
[15-Apr-26 20:41:04.85] taskkill torcs.exe exit=128
ERROR: The process "wtorcs.exe" not found.
[15-Apr-26 20:41:04.86] taskkill wtorcs.exe exit=128
[15-Apr-26 20:41:05.18] TORCS_DIR=C:\Users\szymo\source\repos\torcs\torcs\
[15-Apr-26 20:41:05.18] launching without vision
[15-Apr-26 20:41:05.19] start command dispatched
[15-Apr-26 20:41:06.17] running autostart C:\Users\szymo\source\repos\torcs\gym_torcs\autostart_windows.bat
[15-Apr-26 20:41:06.17] autostart exit=0

Image Name                     PID Session Name        Session#    Mem Usage
========================= ======== ================ =========== ============
wtorcs.exe                   57216 Console                    1     60,788 K
INFO: No tasks are running which match the specified criteria.
[15-Apr-26 20:41:07.85] start_torcs_windows.bat end

[15-Apr-26 20:41:25.15] start_torcs_windows.bat begin
[15-Apr-26 20:41:25.16] TORCS_EXE=C:\Users\szymo\source\repos\torcs\torcs\wtorcs.exe
[15-Apr-26 20:41:25.16] TORCS_IMAGE=wtorcs.exe
[15-Apr-26 20:41:25.17] VISION_FLAG=novision
SUCCESS: The process with PID 57212 (child process of PID 57216) has been terminated.
SUCCESS: The process with PID 57216 (child process of PID 56832) has been terminated.
[15-Apr-26 20:41:25.27] taskkill wtorcs.exe exit=0
ERROR: The process "torcs.exe" not found.
[15-Apr-26 20:41:25.39] taskkill torcs.exe exit=128
ERROR: The process "wtorcs.exe" not found.
[15-Apr-26 20:41:25.39] taskkill wtorcs.exe exit=128
[15-Apr-26 20:41:26.15] TORCS_DIR=C:\Users\szymo\source\repos\torcs\torcs\
[15-Apr-26 20:41:26.15] launching without vision
[15-Apr-26 20:41:26.16] start command dispatched
[15-Apr-26 20:41:27.15] running autostart C:\Users\szymo\source\repos\torcs\gym_torcs\autostart_windows.bat
[15-Apr-26 20:41:27.15] autostart exit=0

Image Name                     PID Session Name        Session#    Mem Usage
========================= ======== ================ =========== ============
wtorcs.exe                   57308 Console                    1     67,116 K
INFO: No tasks are running which match the specified criteria.
[15-Apr-26 20:41:28.83] start_torcs_windows.bat end

[15-Apr-26 20:41:46.35] start_torcs_windows.bat begin
[15-Apr-26 20:41:46.35] TORCS_EXE=C:\Users\szymo\source\repos\torcs\torcs\wtorcs.exe
[15-Apr-26 20:41:46.36] TORCS_IMAGE=wtorcs.exe
[15-Apr-26 20:41:46.36] VISION_FLAG=novision
SUCCESS: The process with PID 48148 (child process of PID 57308) has been terminated.
SUCCESS: The process with PID 57308 (child process of PID 56956) has been terminated.
[15-Apr-26 20:41:46.47] taskkill wtorcs.exe exit=0
ERROR: The process "torcs.exe" not found.
[15-Apr-26 20:41:46.58] taskkill torcs.exe exit=128
ERROR: The process "wtorcs.exe" not found.
[15-Apr-26 20:41:46.58] taskkill wtorcs.exe exit=128
[15-Apr-26 20:41:47.12] TORCS_DIR=C:\Users\szymo\source\repos\torcs\torcs\
[15-Apr-26 20:41:47.12] launching without vision
[15-Apr-26 20:41:47.13] start command dispatched
[15-Apr-26 20:41:48.13] running autostart C:\Users\szymo\source\repos\torcs\gym_torcs\autostart_windows.bat
[15-Apr-26 20:41:48.13] autostart exit=0

Image Name                     PID Session Name        Session#    Mem Usage
========================= ======== ================ =========== ============
wtorcs.exe                   54692 Console                    1     62,340 K
INFO: No tasks are running which match the specified criteria.
[15-Apr-26 20:41:49.82] start_torcs_windows.bat end

[15-Apr-26 20:42:23.74] start_torcs_windows.bat begin
[15-Apr-26 20:42:23.75] TORCS_EXE=C:\Users\szymo\source\repos\torcs\torcs\wtorcs.exe
[15-Apr-26 20:42:23.75] TORCS_IMAGE=wtorcs.exe
[15-Apr-26 20:42:23.75] VISION_FLAG=novision
SUCCESS: The process with PID 50776 (child process of PID 54692) has been terminated.
SUCCESS: The process with PID 54692 (child process of PID 56400) has been terminated.
[15-Apr-26 20:42:23.86] taskkill wtorcs.exe exit=0
ERROR: The process "torcs.exe" not found.
[15-Apr-26 20:42:23.98] taskkill torcs.exe exit=128
ERROR: The process "wtorcs.exe" not found.
[15-Apr-26 20:42:23.98] taskkill wtorcs.exe exit=128
[15-Apr-26 20:42:25.20] TORCS_DIR=C:\Users\szymo\source\repos\torcs\torcs\
[15-Apr-26 20:42:25.20] launching without vision
[15-Apr-26 20:42:25.21] start command dispatched
[15-Apr-26 20:42:26.21] running autostart C:\Users\szymo\source\repos\torcs\gym_torcs\autostart_windows.bat
[15-Apr-26 20:42:26.21] autostart exit=0

Image Name                     PID Session Name        Session#    Mem Usage
========================= ======== ================ =========== ============
wtorcs.exe                   54752 Console                    1     67,656 K
INFO: No tasks are running which match the specified criteria.
[15-Apr-26 20:42:27.90] start_torcs_windows.bat end

[15-Apr-26 20:42:37.28] start_torcs_windows.bat begin
[15-Apr-26 20:42:37.29] TORCS_EXE=C:\Users\szymo\source\repos\torcs\torcs\wtorcs.exe
[15-Apr-26 20:42:37.29] TORCS_IMAGE=wtorcs.exe
[15-Apr-26 20:42:37.30] VISION_FLAG=novision
SUCCESS: The process with PID 48132 (child process of PID 54752) has been terminated.
SUCCESS: The process with PID 54752 (child process of PID 21024) has been terminated.
[15-Apr-26 20:42:37.40] taskkill wtorcs.exe exit=0
ERROR: The process "torcs.exe" not found.
[15-Apr-26 20:42:37.51] taskkill torcs.exe exit=128
ERROR: The process "wtorcs.exe" not found.
[15-Apr-26 20:42:37.52] taskkill wtorcs.exe exit=128
[15-Apr-26 20:42:38.17] TORCS_DIR=C:\Users\szymo\source\repos\torcs\torcs\
[15-Apr-26 20:42:38.17] launching without vision
[15-Apr-26 20:42:38.18] start command dispatched
[15-Apr-26 20:42:39.18] running autostart C:\Users\szymo\source\repos\torcs\gym_torcs\autostart_windows.bat
[15-Apr-26 20:42:39.18] autostart exit=0

Image Name                     PID Session Name        Session#    Mem Usage
========================= ======== ================ =========== ============
wtorcs.exe                   56932 Console                    1     65,608 K
INFO: No tasks are running which match the specified criteria.
[15-Apr-26 20:42:40.88] start_torcs_windows.bat end

[15-Apr-26 20:42:55.76] start_torcs_windows.bat begin
[15-Apr-26 20:42:55.77] TORCS_EXE=C:\Users\szymo\source\repos\torcs\torcs\wtorcs.exe
[15-Apr-26 20:42:55.77] TORCS_IMAGE=wtorcs.exe
[15-Apr-26 20:42:55.78] VISION_FLAG=novision
SUCCESS: The process with PID 56284 (child process of PID 56932) has been terminated.
SUCCESS: The process with PID 56932 (child process of PID 50148) has been terminated.
[15-Apr-26 20:42:55.88] taskkill wtorcs.exe exit=0
ERROR: The process "torcs.exe" not found.
[15-Apr-26 20:42:55.99] taskkill torcs.exe exit=128
ERROR: The process "wtorcs.exe" not found.
[15-Apr-26 20:42:56.00] taskkill wtorcs.exe exit=128
[15-Apr-26 20:42:57.21] TORCS_DIR=C:\Users\szymo\source\repos\torcs\torcs\
[15-Apr-26 20:42:57.21] launching without vision
[15-Apr-26 20:42:57.22] start command dispatched
[15-Apr-26 20:42:58.11] running autostart C:\Users\szymo\source\repos\torcs\gym_torcs\autostart_windows.bat
[15-Apr-26 20:42:58.11] autostart exit=0

Image Name                     PID Session Name        Session#    Mem Usage
========================= ======== ================ =========== ============
wtorcs.exe                   55852 Console                    1     67,120 K
INFO: No tasks are running which match the specified criteria.
[15-Apr-26 20:42:59.79] start_torcs_windows.bat end

[15-Apr-26 20:43:09.74] start_torcs_windows.bat begin
[15-Apr-26 20:43:09.74] TORCS_EXE=C:\Users\szymo\source\repos\torcs\torcs\wtorcs.exe
[15-Apr-26 20:43:09.75] TORCS_IMAGE=wtorcs.exe
[15-Apr-26 20:43:09.75] VISION_FLAG=novision
SUCCESS: The process with PID 53996 (child process of PID 55852) has been terminated.
SUCCESS: The process with PID 55852 (child process of PID 53420) has been terminated.
[15-Apr-26 20:43:09.86] taskkill wtorcs.exe exit=0
ERROR: The process "torcs.exe" not found.
[15-Apr-26 20:43:09.97] taskkill torcs.exe exit=128
ERROR: The process "wtorcs.exe" not found.
[15-Apr-26 20:43:09.98] taskkill wtorcs.exe exit=128
[15-Apr-26 20:43:11.18] TORCS_DIR=C:\Users\szymo\source\repos\torcs\torcs\
[15-Apr-26 20:43:11.18] launching without vision
[15-Apr-26 20:43:11.19] start command dispatched
[15-Apr-26 20:43:12.19] running autostart C:\Users\szymo\source\repos\torcs\gym_torcs\autostart_windows.bat
[15-Apr-26 20:43:12.19] autostart exit=0

Image Name                     PID Session Name        Session#    Mem Usage
========================= ======== ================ =========== ============
wtorcs.exe                   56340 Console                    1     67,228 K
INFO: No tasks are running which match the specified criteria.
[15-Apr-26 20:43:13.87] start_torcs_windows.bat end

[15-Apr-26 20:43:24.43] start_torcs_windows.bat begin
[15-Apr-26 20:43:24.44] TORCS_EXE=C:\Users\szymo\source\repos\torcs\torcs\wtorcs.exe
[15-Apr-26 20:43:24.44] TORCS_IMAGE=wtorcs.exe
[15-Apr-26 20:43:24.45] VISION_FLAG=novision
SUCCESS: The process with PID 56928 (child process of PID 56340) has been terminated.
SUCCESS: The process with PID 56340 (child process of PID 56192) has been terminated.
[15-Apr-26 20:43:24.56] taskkill wtorcs.exe exit=0
ERROR: The process "torcs.exe" not found.
[15-Apr-26 20:43:24.67] taskkill torcs.exe exit=128
ERROR: The process "wtorcs.exe" not found.
[15-Apr-26 20:43:24.67] taskkill wtorcs.exe exit=128
[15-Apr-26 20:43:25.11] TORCS_DIR=C:\Users\szymo\source\repos\torcs\torcs\
[15-Apr-26 20:43:25.11] launching without vision
[15-Apr-26 20:43:25.12] start command dispatched
[15-Apr-26 20:43:26.11] running autostart C:\Users\szymo\source\repos\torcs\gym_torcs\autostart_windows.bat
[15-Apr-26 20:43:26.11] autostart exit=0

Image Name                     PID Session Name        Session#    Mem Usage
========================= ======== ================ =========== ============
wtorcs.exe                   46932 Console                    1     60,576 K
INFO: No tasks are running which match the specified criteria.
[15-Apr-26 20:43:27.81] start_torcs_windows.bat end

[15-Apr-26 20:43:43.76] start_torcs_windows.bat begin
[15-Apr-26 20:43:43.77] TORCS_EXE=C:\Users\szymo\source\repos\torcs\torcs\wtorcs.exe
[15-Apr-26 20:43:43.77] TORCS_IMAGE=wtorcs.exe
[15-Apr-26 20:43:43.78] VISION_FLAG=novision
SUCCESS: The process with PID 52684 (child process of PID 46932) has been terminated.
SUCCESS: The process with PID 46932 (child process of PID 27712) has been terminated.
[15-Apr-26 20:43:43.89] taskkill wtorcs.exe exit=0
ERROR: The process "torcs.exe" not found.
[15-Apr-26 20:43:43.99] taskkill torcs.exe exit=128
ERROR: The process "wtorcs.exe" not found.
[15-Apr-26 20:43:44.00] taskkill wtorcs.exe exit=128
[15-Apr-26 20:43:45.21] TORCS_DIR=C:\Users\szymo\source\repos\torcs\torcs\
[15-Apr-26 20:43:45.21] launching without vision
[15-Apr-26 20:43:45.22] start command dispatched
[15-Apr-26 20:43:46.21] running autostart C:\Users\szymo\source\repos\torcs\gym_torcs\autostart_windows.bat
[15-Apr-26 20:43:46.21] autostart exit=0

Image Name                     PID Session Name        Session#    Mem Usage
========================= ======== ================ =========== ============
wtorcs.exe                   44516 Console                    1     67,696 K
INFO: No tasks are running which match the specified criteria.
[15-Apr-26 20:43:47.91] start_torcs_windows.bat end

[15-Apr-26 20:43:57.99] start_torcs_windows.bat begin
[15-Apr-26 20:43:58.00] TORCS_EXE=C:\Users\szymo\source\repos\torcs\torcs\wtorcs.exe
[15-Apr-26 20:43:58.00] TORCS_IMAGE=wtorcs.exe
[15-Apr-26 20:43:58.01] VISION_FLAG=novision
SUCCESS: The process with PID 53608 (child process of PID 44516) has been terminated.
SUCCESS: The process with PID 44516 (child process of PID 14220) has been terminated.
[15-Apr-26 20:43:58.11] taskkill wtorcs.exe exit=0
ERROR: The process "torcs.exe" not found.
[15-Apr-26 20:43:58.22] taskkill torcs.exe exit=128
ERROR: The process "wtorcs.exe" not found.
[15-Apr-26 20:43:58.23] taskkill wtorcs.exe exit=128
[15-Apr-26 20:43:59.20] TORCS_DIR=C:\Users\szymo\source\repos\torcs\torcs\
[15-Apr-26 20:43:59.20] launching without vision
[15-Apr-26 20:43:59.21] start command dispatched
[15-Apr-26 20:44:00.20] running autostart C:\Users\szymo\source\repos\torcs\gym_torcs\autostart_windows.bat
[15-Apr-26 20:44:00.20] autostart exit=0

Image Name                     PID Session Name        Session#    Mem Usage
========================= ======== ================ =========== ============
wtorcs.exe                   37136 Console                    1     67,108 K
INFO: No tasks are running which match the specified criteria.
[15-Apr-26 20:44:01.92] start_torcs_windows.bat end

[15-Apr-26 20:44:12.23] start_torcs_windows.bat begin
[15-Apr-26 20:44:12.24] TORCS_EXE=C:\Users\szymo\source\repos\torcs\torcs\wtorcs.exe
[15-Apr-26 20:44:12.25] TORCS_IMAGE=wtorcs.exe
[15-Apr-26 20:44:12.25] VISION_FLAG=novision
SUCCESS: The process with PID 54888 (child process of PID 37136) has been terminated.
SUCCESS: The process with PID 37136 (child process of PID 51504) has been terminated.
[15-Apr-26 20:44:12.35] taskkill wtorcs.exe exit=0
ERROR: The process "torcs.exe" not found.
[15-Apr-26 20:44:12.46] taskkill torcs.exe exit=128
ERROR: The process "wtorcs.exe" not found.
[15-Apr-26 20:44:12.46] taskkill wtorcs.exe exit=128
[15-Apr-26 20:44:13.11] TORCS_DIR=C:\Users\szymo\source\repos\torcs\torcs\
[15-Apr-26 20:44:13.11] launching without vision
[15-Apr-26 20:44:13.12] start command dispatched
[15-Apr-26 20:44:14.11] running autostart C:\Users\szymo\source\repos\torcs\gym_torcs\autostart_windows.bat
[15-Apr-26 20:44:14.11] autostart exit=0

Image Name                     PID Session Name        Session#    Mem Usage
========================= ======== ================ =========== ============
wtorcs.exe                   56412 Console                    1     67,180 K
INFO: No tasks are running which match the specified criteria.
[15-Apr-26 20:44:15.79] start_torcs_windows.bat end

[15-Apr-26 20:44:26.96] start_torcs_windows.bat begin
[15-Apr-26 20:44:26.97] TORCS_EXE=C:\Users\szymo\source\repos\torcs\torcs\wtorcs.exe
[15-Apr-26 20:44:26.97] TORCS_IMAGE=wtorcs.exe
[15-Apr-26 20:44:26.98] VISION_FLAG=novision
SUCCESS: The process with PID 47632 (child process of PID 56412) has been terminated.
SUCCESS: The process with PID 56412 (child process of PID 56468) has been terminated.
[15-Apr-26 20:44:27.09] taskkill wtorcs.exe exit=0
ERROR: The process "torcs.exe" not found.
[15-Apr-26 20:44:27.20] taskkill torcs.exe exit=128
ERROR: The process "wtorcs.exe" not found.
[15-Apr-26 20:44:27.20] taskkill wtorcs.exe exit=128
[15-Apr-26 20:44:28.17] TORCS_DIR=C:\Users\szymo\source\repos\torcs\torcs\
[15-Apr-26 20:44:28.17] launching without vision
[15-Apr-26 20:44:28.18] start command dispatched
[15-Apr-26 20:44:29.17] running autostart C:\Users\szymo\source\repos\torcs\gym_torcs\autostart_windows.bat
[15-Apr-26 20:44:29.17] autostart exit=0

Image Name                     PID Session Name        Session#    Mem Usage
========================= ======== ================ =========== ============
wtorcs.exe                   54480 Console                    1     67,032 K
INFO: No tasks are running which match the specified criteria.
[15-Apr-26 20:44:30.84] start_torcs_windows.bat end

[15-Apr-26 20:44:41.45] start_torcs_windows.bat begin
[15-Apr-26 20:44:41.46] TORCS_EXE=C:\Users\szymo\source\repos\torcs\torcs\wtorcs.exe
[15-Apr-26 20:44:41.46] TORCS_IMAGE=wtorcs.exe
[15-Apr-26 20:44:41.47] VISION_FLAG=novision
SUCCESS: The process with PID 46884 (child process of PID 54480) has been terminated.
SUCCESS: The process with PID 54480 (child process of PID 49364) has been terminated.
[15-Apr-26 20:44:41.57] taskkill wtorcs.exe exit=0
ERROR: The process "torcs.exe" not found.
[15-Apr-26 20:44:41.67] taskkill torcs.exe exit=128
ERROR: The process "wtorcs.exe" not found.
[15-Apr-26 20:44:41.68] taskkill wtorcs.exe exit=128
[15-Apr-26 20:44:42.12] TORCS_DIR=C:\Users\szymo\source\repos\torcs\torcs\
[15-Apr-26 20:44:42.12] launching without vision
[15-Apr-26 20:44:42.13] start command dispatched
[15-Apr-26 20:44:43.12] running autostart C:\Users\szymo\source\repos\torcs\gym_torcs\autostart_windows.bat
[15-Apr-26 20:44:43.12] autostart exit=0

Image Name                     PID Session Name        Session#    Mem Usage
========================= ======== ================ =========== ============
wtorcs.exe                   45716 Console                    1     62,436 K
INFO: No tasks are running which match the specified criteria.
[15-Apr-26 20:44:44.80] start_torcs_windows.bat end

[15-Apr-26 20:49:44.90] start_torcs_windows.bat begin
[15-Apr-26 20:49:44.91] TORCS_EXE=C:\Users\szymo\source\repos\torcs\torcs\wtorcs.exe
[15-Apr-26 20:49:44.91] TORCS_IMAGE=wtorcs.exe
[15-Apr-26 20:49:44.92] VISION_FLAG=novision
ERROR: The process "wtorcs.exe" not found.
[15-Apr-26 20:49:45.03] taskkill wtorcs.exe exit=128
ERROR: The process "torcs.exe" not found.
[15-Apr-26 20:49:45.13] taskkill torcs.exe exit=128
ERROR: The process "wtorcs.exe" not found.
[15-Apr-26 20:49:45.14] taskkill wtorcs.exe exit=128
[15-Apr-26 20:49:46.11] TORCS_DIR=C:\Users\szymo\source\repos\torcs\torcs\
[15-Apr-26 20:49:46.11] launching without vision
[15-Apr-26 20:49:46.12] start command dispatched
[15-Apr-26 20:49:47.12] running autostart C:\Users\szymo\source\repos\torcs\gym_torcs\autostart_windows.bat
[15-Apr-26 20:49:47.12] autostart exit=0

Image Name                     PID Session Name        Session#    Mem Usage
========================= ======== ================ =========== ============
wtorcs.exe                   51544 Console                    1     67,120 K
INFO: No tasks are running which match the specified criteria.
[15-Apr-26 20:49:48.82] start_torcs_windows.bat end

[15-Apr-26 20:49:51.79] start_torcs_windows.bat begin
[15-Apr-26 20:49:51.79] TORCS_EXE=C:\Users\szymo\source\repos\torcs\torcs\wtorcs.exe
[15-Apr-26 20:49:51.80] TORCS_IMAGE=wtorcs.exe
[15-Apr-26 20:49:51.80] VISION_FLAG=novision
SUCCESS: The process with PID 55968 (child process of PID 51544) has been terminated.
SUCCESS: The process with PID 51544 (child process of PID 54880) has been terminated.
[15-Apr-26 20:49:51.90] taskkill wtorcs.exe exit=0
ERROR: The process "torcs.exe" not found.
[15-Apr-26 20:49:52.01] taskkill torcs.exe exit=128
ERROR: The process "wtorcs.exe" not found.
[15-Apr-26 20:49:52.02] taskkill wtorcs.exe exit=128
[15-Apr-26 20:49:53.11] TORCS_DIR=C:\Users\szymo\source\repos\torcs\torcs\
[15-Apr-26 20:49:53.11] launching without vision
[15-Apr-26 20:49:53.12] start command dispatched
[15-Apr-26 20:49:54.11] running autostart C:\Users\szymo\source\repos\torcs\gym_torcs\autostart_windows.bat
[15-Apr-26 20:49:54.11] autostart exit=0

Image Name                     PID Session Name        Session#    Mem Usage
========================= ======== ================ =========== ============
wtorcs.exe                   58172 Console                    1     67,588 K
INFO: No tasks are running which match the specified criteria.
[15-Apr-26 20:49:55.81] start_torcs_windows.bat end

[15-Apr-26 20:50:19.69] start_torcs_windows.bat begin
[15-Apr-26 20:50:19.70] TORCS_EXE=C:\Users\szymo\source\repos\torcs\torcs\wtorcs.exe
[15-Apr-26 20:50:19.70] TORCS_IMAGE=wtorcs.exe
[15-Apr-26 20:50:19.71] VISION_FLAG=novision
SUCCESS: The process with PID 58180 (child process of PID 58172) has been terminated.
SUCCESS: The process with PID 58172 (child process of PID 57676) has been terminated.
[15-Apr-26 20:50:19.82] taskkill wtorcs.exe exit=0
ERROR: The process "torcs.exe" not found.
[15-Apr-26 20:50:19.95] taskkill torcs.exe exit=128
ERROR: The process "wtorcs.exe" not found.
[15-Apr-26 20:50:19.95] taskkill wtorcs.exe exit=128
[15-Apr-26 20:50:21.16] TORCS_DIR=C:\Users\szymo\source\repos\torcs\torcs\
[15-Apr-26 20:50:21.16] launching without vision
[15-Apr-26 20:50:21.17] start command dispatched
[15-Apr-26 20:50:22.16] running autostart C:\Users\szymo\source\repos\torcs\gym_torcs\autostart_windows.bat
[15-Apr-26 20:50:22.16] autostart exit=0

Image Name                     PID Session Name        Session#    Mem Usage
========================= ======== ================ =========== ============
wtorcs.exe                   57356 Console                    1     67,192 K
INFO: No tasks are running which match the specified criteria.
[15-Apr-26 20:50:23.85] start_torcs_windows.bat end

[15-Apr-26 20:50:33.57] start_torcs_windows.bat begin
[15-Apr-26 20:50:33.58] TORCS_EXE=C:\Users\szymo\source\repos\torcs\torcs\wtorcs.exe
[15-Apr-26 20:50:33.58] TORCS_IMAGE=wtorcs.exe
[15-Apr-26 20:50:33.58] VISION_FLAG=novision
SUCCESS: The process with PID 45116 (child process of PID 57356) has been terminated.
SUCCESS: The process with PID 57356 (child process of PID 50948) has been terminated.
[15-Apr-26 20:50:33.70] taskkill wtorcs.exe exit=0
ERROR: The process "torcs.exe" not found.
[15-Apr-26 20:50:33.82] taskkill torcs.exe exit=128
ERROR: The process "wtorcs.exe" not found.
[15-Apr-26 20:50:33.83] taskkill wtorcs.exe exit=128
[15-Apr-26 20:50:34.16] TORCS_DIR=C:\Users\szymo\source\repos\torcs\torcs\
[15-Apr-26 20:50:34.16] launching without vision
[15-Apr-26 20:50:34.16] start command dispatched
[15-Apr-26 20:50:35.16] running autostart C:\Users\szymo\source\repos\torcs\gym_torcs\autostart_windows.bat
[15-Apr-26 20:50:35.16] autostart exit=0

Image Name                     PID Session Name        Session#    Mem Usage
========================= ======== ================ =========== ============
wtorcs.exe                   58224 Console                    1     67,780 K
INFO: No tasks are running which match the specified criteria.
[15-Apr-26 20:50:36.87] start_torcs_windows.bat end

[15-Apr-26 20:50:47.09] start_torcs_windows.bat begin
[15-Apr-26 20:50:47.10] TORCS_EXE=C:\Users\szymo\source\repos\torcs\torcs\wtorcs.exe
[15-Apr-26 20:50:47.11] TORCS_IMAGE=wtorcs.exe
[15-Apr-26 20:50:47.11] VISION_FLAG=novision
SUCCESS: The process with PID 57772 (child process of PID 58224) has been terminated.
SUCCESS: The process with PID 58224 (child process of PID 50052) has been terminated.
[15-Apr-26 20:50:47.22] taskkill wtorcs.exe exit=0
ERROR: The process "torcs.exe" not found.
[15-Apr-26 20:50:47.34] taskkill torcs.exe exit=128
ERROR: The process "wtorcs.exe" not found.
[15-Apr-26 20:50:47.34] taskkill wtorcs.exe exit=128
[15-Apr-26 20:50:48.12] TORCS_DIR=C:\Users\szymo\source\repos\torcs\torcs\
[15-Apr-26 20:50:48.12] launching without vision
[15-Apr-26 20:50:48.13] start command dispatched
[15-Apr-26 20:50:49.12] running autostart C:\Users\szymo\source\repos\torcs\gym_torcs\autostart_windows.bat
[15-Apr-26 20:50:49.12] autostart exit=0

Image Name                     PID Session Name        Session#    Mem Usage
========================= ======== ================ =========== ============
wtorcs.exe                   58076 Console                    1     62,312 K
INFO: No tasks are running which match the specified criteria.
[15-Apr-26 20:50:50.82] start_torcs_windows.bat end

[15-Apr-26 20:51:10.89] start_torcs_windows.bat begin
[15-Apr-26 20:51:10.90] TORCS_EXE=C:\Users\szymo\source\repos\torcs\torcs\wtorcs.exe
[15-Apr-26 20:51:10.90] TORCS_IMAGE=wtorcs.exe
[15-Apr-26 20:51:10.91] VISION_FLAG=novision
SUCCESS: The process with PID 54944 (child process of PID 58076) has been terminated.
SUCCESS: The process with PID 58076 (child process of PID 57928) has been terminated.
[15-Apr-26 20:51:11.02] taskkill wtorcs.exe exit=0
ERROR: The process "torcs.exe" not found.
[15-Apr-26 20:51:11.14] taskkill torcs.exe exit=128
ERROR: The process "wtorcs.exe" not found.
[15-Apr-26 20:51:11.15] taskkill wtorcs.exe exit=128
[15-Apr-26 20:51:12.15] TORCS_DIR=C:\Users\szymo\source\repos\torcs\torcs\
[15-Apr-26 20:51:12.15] launching without vision
[15-Apr-26 20:51:12.16] start command dispatched
[15-Apr-26 20:51:13.15] running autostart C:\Users\szymo\source\repos\torcs\gym_torcs\autostart_windows.bat
[15-Apr-26 20:51:13.15] autostart exit=0

Image Name                     PID Session Name        Session#    Mem Usage
========================= ======== ================ =========== ============
wtorcs.exe                   58360 Console                    1     67,152 K
INFO: No tasks are running which match the specified criteria.
[15-Apr-26 20:51:14.86] start_torcs_windows.bat end

[15-Apr-26 20:51:24.25] start_torcs_windows.bat begin
[15-Apr-26 20:51:24.26] TORCS_EXE=C:\Users\szymo\source\repos\torcs\torcs\wtorcs.exe
[15-Apr-26 20:51:24.26] TORCS_IMAGE=wtorcs.exe
[15-Apr-26 20:51:24.27] VISION_FLAG=novision
SUCCESS: The process with PID 55952 (child process of PID 58360) has been terminated.
SUCCESS: The process with PID 58360 (child process of PID 56684) has been terminated.
[15-Apr-26 20:51:24.38] taskkill wtorcs.exe exit=0
ERROR: The process "torcs.exe" not found.
[15-Apr-26 20:51:24.50] taskkill torcs.exe exit=128
ERROR: The process "wtorcs.exe" not found.
[15-Apr-26 20:51:24.50] taskkill wtorcs.exe exit=128
[15-Apr-26 20:51:25.16] TORCS_DIR=C:\Users\szymo\source\repos\torcs\torcs\
[15-Apr-26 20:51:25.16] launching without vision
[15-Apr-26 20:51:25.17] start command dispatched
[15-Apr-26 20:51:26.16] running autostart C:\Users\szymo\source\repos\torcs\gym_torcs\autostart_windows.bat
[15-Apr-26 20:51:26.16] autostart exit=0

Image Name                     PID Session Name        Session#    Mem Usage
========================= ======== ================ =========== ============
wtorcs.exe                   53412 Console                    1     67,168 K
INFO: No tasks are running which match the specified criteria.
[15-Apr-26 20:51:27.88] start_torcs_windows.bat end

[15-Apr-26 20:51:38.15] start_torcs_windows.bat begin
[15-Apr-26 20:51:38.15] TORCS_EXE=C:\Users\szymo\source\repos\torcs\torcs\wtorcs.exe
[15-Apr-26 20:51:38.16] TORCS_IMAGE=wtorcs.exe
[15-Apr-26 20:51:38.16] VISION_FLAG=novision
SUCCESS: The process with PID 5704 (child process of PID 53412) has been terminated.
SUCCESS: The process with PID 53412 (child process of PID 32220) has been terminated.
[15-Apr-26 20:51:38.27] taskkill wtorcs.exe exit=0
ERROR: The process "torcs.exe" not found.
[15-Apr-26 20:51:38.39] taskkill torcs.exe exit=128
ERROR: The process "wtorcs.exe" not found.
[15-Apr-26 20:51:38.39] taskkill wtorcs.exe exit=128
[15-Apr-26 20:51:39.15] TORCS_DIR=C:\Users\szymo\source\repos\torcs\torcs\
[15-Apr-26 20:51:39.15] launching without vision
[15-Apr-26 20:51:39.15] start command dispatched
[15-Apr-26 20:51:40.15] running autostart C:\Users\szymo\source\repos\torcs\gym_torcs\autostart_windows.bat
[15-Apr-26 20:51:40.15] autostart exit=0

Image Name                     PID Session Name        Session#    Mem Usage
========================= ======== ================ =========== ============
wtorcs.exe                   58004 Console                    1     67,308 K
INFO: No tasks are running which match the specified criteria.
[15-Apr-26 20:51:41.83] start_torcs_windows.bat end

[15-Apr-26 20:51:55.20] start_torcs_windows.bat begin
[15-Apr-26 20:51:55.20] TORCS_EXE=C:\Users\szymo\source\repos\torcs\torcs\wtorcs.exe
[15-Apr-26 20:51:55.21] TORCS_IMAGE=wtorcs.exe
[15-Apr-26 20:51:55.21] VISION_FLAG=novision
ERROR: The process "wtorcs.exe" not found.
[15-Apr-26 20:51:55.31] taskkill wtorcs.exe exit=128
ERROR: The process "torcs.exe" not found.
[15-Apr-26 20:51:55.41] taskkill torcs.exe exit=128
ERROR: The process "wtorcs.exe" not found.
[15-Apr-26 20:51:55.41] taskkill wtorcs.exe exit=128
[15-Apr-26 20:51:56.17] TORCS_DIR=C:\Users\szymo\source\repos\torcs\torcs\
[15-Apr-26 20:51:56.17] launching without vision
[15-Apr-26 20:51:56.18] start command dispatched
[15-Apr-26 20:51:57.17] running autostart C:\Users\szymo\source\repos\torcs\gym_torcs\autostart_windows.bat
[15-Apr-26 20:51:57.17] autostart exit=0

Image Name                     PID Session Name        Session#    Mem Usage
========================= ======== ================ =========== ============
wtorcs.exe                    2940 Console                    1     67,084 K
INFO: No tasks are running which match the specified criteria.
[15-Apr-26 20:51:58.85] start_torcs_windows.bat end

[15-Apr-26 20:52:01.78] start_torcs_windows.bat begin
[15-Apr-26 20:52:01.78] TORCS_EXE=C:\Users\szymo\source\repos\torcs\torcs\wtorcs.exe
[15-Apr-26 20:52:01.79] TORCS_IMAGE=wtorcs.exe
[15-Apr-26 20:52:01.79] VISION_FLAG=novision
SUCCESS: The process with PID 58156 (child process of PID 2940) has been terminated.
SUCCESS: The process with PID 2940 (child process of PID 52216) has been terminated.
[15-Apr-26 20:52:01.89] taskkill wtorcs.exe exit=0
ERROR: The process "torcs.exe" not found.
[15-Apr-26 20:52:02.00] taskkill torcs.exe exit=128
ERROR: The process "wtorcs.exe" not found.
[15-Apr-26 20:52:02.01] taskkill wtorcs.exe exit=128
[15-Apr-26 20:52:03.21] TORCS_DIR=C:\Users\szymo\source\repos\torcs\torcs\
[15-Apr-26 20:52:03.21] launching without vision
[15-Apr-26 20:52:03.22] start command dispatched
[15-Apr-26 20:52:04.21] running autostart C:\Users\szymo\source\repos\torcs\gym_torcs\autostart_windows.bat
[15-Apr-26 20:52:04.21] autostart exit=0

Image Name                     PID Session Name        Session#    Mem Usage
========================= ======== ================ =========== ============
wtorcs.exe                   48516 Console                    1     67,904 K
INFO: No tasks are running which match the specified criteria.
[15-Apr-26 20:52:05.90] start_torcs_windows.bat end

[15-Apr-26 20:52:16.29] start_torcs_windows.bat begin
[15-Apr-26 20:52:16.30] TORCS_EXE=C:\Users\szymo\source\repos\torcs\torcs\wtorcs.exe
[15-Apr-26 20:52:16.30] TORCS_IMAGE=wtorcs.exe
[15-Apr-26 20:52:16.30] VISION_FLAG=novision
SUCCESS: The process with PID 53648 (child process of PID 48516) has been terminated.
SUCCESS: The process with PID 48516 (child process of PID 53700) has been terminated.
[15-Apr-26 20:52:16.41] taskkill wtorcs.exe exit=0
ERROR: The process "torcs.exe" not found.
[15-Apr-26 20:52:16.51] taskkill torcs.exe exit=128
ERROR: The process "wtorcs.exe" not found.
[15-Apr-26 20:52:16.52] taskkill wtorcs.exe exit=128
[15-Apr-26 20:52:17.17] TORCS_DIR=C:\Users\szymo\source\repos\torcs\torcs\
[15-Apr-26 20:52:17.17] launching without vision
[15-Apr-26 20:52:17.18] start command dispatched
[15-Apr-26 20:52:18.17] running autostart C:\Users\szymo\source\repos\torcs\gym_torcs\autostart_windows.bat
[15-Apr-26 20:52:18.17] autostart exit=0

Image Name                     PID Session Name        Session#    Mem Usage
========================= ======== ================ =========== ============
wtorcs.exe                   21732 Console                    1     67,300 K
INFO: No tasks are running which match the specified criteria.
[15-Apr-26 20:52:19.86] start_torcs_windows.bat end

[15-Apr-26 20:52:29.01] start_torcs_windows.bat begin
[15-Apr-26 20:52:29.02] TORCS_EXE=C:\Users\szymo\source\repos\torcs\torcs\wtorcs.exe
[15-Apr-26 20:52:29.03] TORCS_IMAGE=wtorcs.exe
[15-Apr-26 20:52:29.03] VISION_FLAG=novision
SUCCESS: The process with PID 54772 (child process of PID 21732) has been terminated.
SUCCESS: The process with PID 21732 (child process of PID 54948) has been terminated.
[15-Apr-26 20:52:29.13] taskkill wtorcs.exe exit=0
ERROR: The process "torcs.exe" not found.
[15-Apr-26 20:52:29.25] taskkill torcs.exe exit=128
ERROR: The process "wtorcs.exe" not found.
[15-Apr-26 20:52:29.25] taskkill wtorcs.exe exit=128
[15-Apr-26 20:52:30.12] TORCS_DIR=C:\Users\szymo\source\repos\torcs\torcs\
[15-Apr-26 20:52:30.12] launching without vision
[15-Apr-26 20:52:30.13] start command dispatched
[15-Apr-26 20:52:31.12] running autostart C:\Users\szymo\source\repos\torcs\gym_torcs\autostart_windows.bat
[15-Apr-26 20:52:31.12] autostart exit=0

Image Name                     PID Session Name        Session#    Mem Usage
========================= ======== ================ =========== ============
wtorcs.exe                   57428 Console                    1     67,188 K
INFO: No tasks are running which match the specified criteria.
[15-Apr-26 20:52:32.82] start_torcs_windows.bat end

[15-Apr-26 20:52:44.91] start_torcs_windows.bat begin
[15-Apr-26 20:52:44.92] TORCS_EXE=C:\Users\szymo\source\repos\torcs\torcs\wtorcs.exe
[15-Apr-26 20:52:44.93] TORCS_IMAGE=wtorcs.exe
[15-Apr-26 20:52:44.93] VISION_FLAG=novision
SUCCESS: The process with PID 56048 (child process of PID 57428) has been terminated.
SUCCESS: The process with PID 57428 (child process of PID 54396) has been terminated.
[15-Apr-26 20:52:45.04] taskkill wtorcs.exe exit=0
ERROR: The process "torcs.exe" not found.
[15-Apr-26 20:52:45.15] taskkill torcs.exe exit=128
ERROR: The process "wtorcs.exe" not found.
[15-Apr-26 20:52:45.16] taskkill wtorcs.exe exit=128
[15-Apr-26 20:52:46.14] TORCS_DIR=C:\Users\szymo\source\repos\torcs\torcs\
[15-Apr-26 20:52:46.14] launching without vision
[15-Apr-26 20:52:46.15] start command dispatched
[15-Apr-26 20:52:47.14] running autostart C:\Users\szymo\source\repos\torcs\gym_torcs\autostart_windows.bat
[15-Apr-26 20:52:47.14] autostart exit=0

Image Name                     PID Session Name        Session#    Mem Usage
========================= ======== ================ =========== ============
wtorcs.exe                   51488 Console                    1     67,732 K
INFO: No tasks are running which match the specified criteria.
[15-Apr-26 20:52:48.85] start_torcs_windows.bat end

[15-Apr-26 20:52:57.82] start_torcs_windows.bat begin
[15-Apr-26 20:52:57.82] TORCS_EXE=C:\Users\szymo\source\repos\torcs\torcs\wtorcs.exe
[15-Apr-26 20:52:57.83] TORCS_IMAGE=wtorcs.exe
[15-Apr-26 20:52:57.83] VISION_FLAG=novision
SUCCESS: The process with PID 45888 (child process of PID 51488) has been terminated.
SUCCESS: The process with PID 51488 (child process of PID 58284) has been terminated.
[15-Apr-26 20:52:57.94] taskkill wtorcs.exe exit=0
ERROR: The process "torcs.exe" not found.
[15-Apr-26 20:52:58.07] taskkill torcs.exe exit=128
ERROR: The process "wtorcs.exe" not found.
[15-Apr-26 20:52:58.07] taskkill wtorcs.exe exit=128
[15-Apr-26 20:52:59.17] TORCS_DIR=C:\Users\szymo\source\repos\torcs\torcs\
[15-Apr-26 20:52:59.17] launching without vision
[15-Apr-26 20:52:59.17] start command dispatched
[15-Apr-26 20:53:00.17] running autostart C:\Users\szymo\source\repos\torcs\gym_torcs\autostart_windows.bat
[15-Apr-26 20:53:00.17] autostart exit=0

Image Name                     PID Session Name        Session#    Mem Usage
========================= ======== ================ =========== ============
wtorcs.exe                   57816 Console                    1     67,160 K
INFO: No tasks are running which match the specified criteria.
[15-Apr-26 20:53:01.85] start_torcs_windows.bat end

[15-Apr-26 20:53:11.75] start_torcs_windows.bat begin
[15-Apr-26 20:53:11.75] TORCS_EXE=C:\Users\szymo\source\repos\torcs\torcs\wtorcs.exe
[15-Apr-26 20:53:11.76] TORCS_IMAGE=wtorcs.exe
[15-Apr-26 20:53:11.76] VISION_FLAG=novision
SUCCESS: The process with PID 50760 (child process of PID 57816) has been terminated.
SUCCESS: The process with PID 57816 (child process of PID 55524) has been terminated.
[15-Apr-26 20:53:11.87] taskkill wtorcs.exe exit=0
ERROR: The process "torcs.exe" not found.
[15-Apr-26 20:53:12.00] taskkill torcs.exe exit=128
ERROR: The process "wtorcs.exe" not found.
[15-Apr-26 20:53:12.00] taskkill wtorcs.exe exit=128
[15-Apr-26 20:53:13.11] TORCS_DIR=C:\Users\szymo\source\repos\torcs\torcs\
[15-Apr-26 20:53:13.11] launching without vision
[15-Apr-26 20:53:13.12] start command dispatched
[15-Apr-26 20:53:14.12] running autostart C:\Users\szymo\source\repos\torcs\gym_torcs\autostart_windows.bat
[15-Apr-26 20:53:14.12] autostart exit=0

Image Name                     PID Session Name        Session#    Mem Usage
========================= ======== ================ =========== ============
wtorcs.exe                   54324 Console                    1     67,172 K
INFO: No tasks are running which match the specified criteria.
[15-Apr-26 20:53:15.81] start_torcs_windows.bat end

[15-Apr-26 20:53:25.74] start_torcs_windows.bat begin
[15-Apr-26 20:53:25.74] TORCS_EXE=C:\Users\szymo\source\repos\torcs\torcs\wtorcs.exe
[15-Apr-26 20:53:25.75] TORCS_IMAGE=wtorcs.exe
[15-Apr-26 20:53:25.75] VISION_FLAG=novision
SUCCESS: The process with PID 49656 (child process of PID 54324) has been terminated.
SUCCESS: The process with PID 54324 (child process of PID 58220) has been terminated.
[15-Apr-26 20:53:25.87] taskkill wtorcs.exe exit=0
ERROR: The process "torcs.exe" not found.
[15-Apr-26 20:53:25.98] taskkill torcs.exe exit=128
ERROR: The process "wtorcs.exe" not found.
[15-Apr-26 20:53:25.99] taskkill wtorcs.exe exit=128
[15-Apr-26 20:53:27.19] TORCS_DIR=C:\Users\szymo\source\repos\torcs\torcs\
[15-Apr-26 20:53:27.20] launching without vision
[15-Apr-26 20:53:27.20] start command dispatched
[15-Apr-26 20:53:28.19] running autostart C:\Users\szymo\source\repos\torcs\gym_torcs\autostart_windows.bat
[15-Apr-26 20:53:28.19] autostart exit=0

Image Name                     PID Session Name        Session#    Mem Usage
========================= ======== ================ =========== ============
wtorcs.exe                   56372 Console                    1     67,176 K
INFO: No tasks are running which match the specified criteria.
[15-Apr-26 20:53:29.89] start_torcs_windows.bat end

[15-Apr-26 20:53:42.35] start_torcs_windows.bat begin
[15-Apr-26 20:53:42.36] TORCS_EXE=C:\Users\szymo\source\repos\torcs\torcs\wtorcs.exe
[15-Apr-26 20:53:42.36] TORCS_IMAGE=wtorcs.exe
[15-Apr-26 20:53:42.36] VISION_FLAG=novision
SUCCESS: The process with PID 56348 (child process of PID 56372) has been terminated.
SUCCESS: The process with PID 56372 (child process of PID 57028) has been terminated.
[15-Apr-26 20:53:42.47] taskkill wtorcs.exe exit=0
ERROR: The process "torcs.exe" not found.
[15-Apr-26 20:53:42.59] taskkill torcs.exe exit=128
ERROR: The process "wtorcs.exe" not found.
[15-Apr-26 20:53:42.59] taskkill wtorcs.exe exit=128
[15-Apr-26 20:53:43.15] TORCS_DIR=C:\Users\szymo\source\repos\torcs\torcs\
[15-Apr-26 20:53:43.15] launching without vision
[15-Apr-26 20:53:43.16] start command dispatched
[15-Apr-26 20:53:44.15] running autostart C:\Users\szymo\source\repos\torcs\gym_torcs\autostart_windows.bat
[15-Apr-26 20:53:44.15] autostart exit=0

Image Name                     PID Session Name        Session#    Mem Usage
========================= ======== ================ =========== ============
wtorcs.exe                   56752 Console                    1     67,152 K
INFO: No tasks are running which match the specified criteria.
[15-Apr-26 20:53:45.85] start_torcs_windows.bat end

[15-Apr-26 20:54:05.87] start_torcs_windows.bat begin
[15-Apr-26 20:54:05.87] TORCS_EXE=C:\Users\szymo\source\repos\torcs\torcs\wtorcs.exe
[15-Apr-26 20:54:05.88] TORCS_IMAGE=wtorcs.exe
[15-Apr-26 20:54:05.88] VISION_FLAG=novision
SUCCESS: The process with PID 57412 (child process of PID 56752) has been terminated.
SUCCESS: The process with PID 56752 (child process of PID 39416) has been terminated.
[15-Apr-26 20:54:05.99] taskkill wtorcs.exe exit=0
ERROR: The process "torcs.exe" not found.
[15-Apr-26 20:54:06.11] taskkill torcs.exe exit=128
ERROR: The process "wtorcs.exe" not found.
[15-Apr-26 20:54:06.12] taskkill wtorcs.exe exit=128
[15-Apr-26 20:54:07.21] TORCS_DIR=C:\Users\szymo\source\repos\torcs\torcs\
[15-Apr-26 20:54:07.21] launching without vision
[15-Apr-26 20:54:07.22] start command dispatched
[15-Apr-26 20:54:08.21] running autostart C:\Users\szymo\source\repos\torcs\gym_torcs\autostart_windows.bat
[15-Apr-26 20:54:08.21] autostart exit=0

Image Name                     PID Session Name        Session#    Mem Usage
========================= ======== ================ =========== ============
wtorcs.exe                   48480 Console                    1     62,376 K
INFO: No tasks are running which match the specified criteria.
[15-Apr-26 20:54:10.28] start_torcs_windows.bat end

[15-Apr-26 20:54:52.95] start_torcs_windows.bat begin
[15-Apr-26 20:54:52.96] TORCS_EXE=C:\Users\szymo\source\repos\torcs\torcs\wtorcs.exe
[15-Apr-26 20:54:52.96] TORCS_IMAGE=wtorcs.exe
[15-Apr-26 20:54:52.97] VISION_FLAG=novision
SUCCESS: The process with PID 42436 (child process of PID 48480) has been terminated.
SUCCESS: The process with PID 48480 (child process of PID 55496) has been terminated.
[15-Apr-26 20:54:53.08] taskkill wtorcs.exe exit=0
ERROR: The process "torcs.exe" not found.
[15-Apr-26 20:54:53.19] taskkill torcs.exe exit=128
ERROR: The process "wtorcs.exe" not found.
[15-Apr-26 20:54:53.19] taskkill wtorcs.exe exit=128
[15-Apr-26 20:54:54.18] TORCS_DIR=C:\Users\szymo\source\repos\torcs\torcs\
[15-Apr-26 20:54:54.18] launching without vision
[15-Apr-26 20:54:54.19] start command dispatched
[15-Apr-26 20:54:55.18] running autostart C:\Users\szymo\source\repos\torcs\gym_torcs\autostart_windows.bat
[15-Apr-26 20:54:55.18] autostart exit=0

Image Name                     PID Session Name        Session#    Mem Usage
========================= ======== ================ =========== ============
wtorcs.exe                   57160 Console                    1     82,240 K
INFO: No tasks are running which match the specified criteria.
[15-Apr-26 20:54:57.13] start_torcs_windows.bat end

[15-Apr-26 20:55:17.31] start_torcs_windows.bat begin
[15-Apr-26 20:55:17.31] TORCS_EXE=C:\Users\szymo\source\repos\torcs\torcs\wtorcs.exe
[15-Apr-26 20:55:17.31] TORCS_IMAGE=wtorcs.exe
[15-Apr-26 20:55:17.32] VISION_FLAG=novision
[15-Apr-26 20:55:17.32] LAUNCH_MODE=background
SUCCESS: The process with PID 57920 (child process of PID 57160) has been terminated.
SUCCESS: The process with PID 57160 (child process of PID 50376) has been terminated.
[15-Apr-26 20:55:17.43] taskkill wtorcs.exe exit=0
ERROR: The process "torcs.exe" not found.
[15-Apr-26 20:55:17.54] taskkill torcs.exe exit=128
ERROR: The process "wtorcs.exe" not found.
[15-Apr-26 20:55:17.55] taskkill wtorcs.exe exit=128
[15-Apr-26 20:55:18.20] TORCS_DIR=C:\Users\szymo\source\repos\torcs\torcs\
[15-Apr-26 20:55:18.20] launching without vision
[15-Apr-26 20:55:18.21] start command dispatched
[15-Apr-26 20:55:19.20] running autostart C:\Users\szymo\source\repos\torcs\gym_torcs\autostart_windows.bat
[15-Apr-26 20:55:19.20] autostart exit=0
[15-Apr-26 20:55:20.97] minimizing TORCS window for background mode

Image Name                     PID Session Name        Session#    Mem Usage
========================= ======== ================ =========== ============
wtorcs.exe                   51736 Console                    1     58,948 K
INFO: No tasks are running which match the specified criteria.
[15-Apr-26 20:55:22.19] start_torcs_windows.bat end

[15-Apr-26 20:55:35.35] start_torcs_windows.bat begin
[15-Apr-26 20:55:35.35] TORCS_EXE=C:\Users\szymo\source\repos\torcs\torcs\wtorcs.exe
[15-Apr-26 20:55:35.36] TORCS_IMAGE=wtorcs.exe
[15-Apr-26 20:55:35.36] VISION_FLAG=novision
[15-Apr-26 20:55:35.37] LAUNCH_MODE=background
ERROR: The process "wtorcs.exe" not found.
[15-Apr-26 20:55:35.46] taskkill wtorcs.exe exit=128
ERROR: The process "torcs.exe" not found.
[15-Apr-26 20:55:35.56] taskkill torcs.exe exit=128
ERROR: The process "wtorcs.exe" not found.
[15-Apr-26 20:55:35.57] taskkill wtorcs.exe exit=128
[15-Apr-26 20:55:36.12] TORCS_DIR=C:\Users\szymo\source\repos\torcs\torcs\
[15-Apr-26 20:55:36.12] launching without vision
[15-Apr-26 20:55:36.13] start command dispatched
[15-Apr-26 20:55:37.13] running autostart C:\Users\szymo\source\repos\torcs\gym_torcs\autostart_windows.bat
[15-Apr-26 20:55:37.13] autostart exit=0
[15-Apr-26 20:55:39.03] minimizing TORCS window for background mode

Image Name                     PID Session Name        Session#    Mem Usage
========================= ======== ================ =========== ============
wtorcs.exe                   54828 Console                    1     58,972 K
INFO: No tasks are running which match the specified criteria.
[15-Apr-26 20:55:40.02] start_torcs_windows.bat end

[15-Apr-26 20:55:54.23] start_torcs_windows.bat begin
[15-Apr-26 20:55:54.23] TORCS_EXE=C:\Users\szymo\source\repos\torcs\torcs\wtorcs.exe
[15-Apr-26 20:55:54.24] TORCS_IMAGE=wtorcs.exe
[15-Apr-26 20:55:54.24] VISION_FLAG=novision
[15-Apr-26 20:55:54.25] LAUNCH_MODE=background
SUCCESS: The process with PID 54128 (child process of PID 54828) has been terminated.
SUCCESS: The process with PID 54828 (child process of PID 57168) has been terminated.
[15-Apr-26 20:55:54.35] taskkill wtorcs.exe exit=0
ERROR: The process "torcs.exe" not found.
[15-Apr-26 20:55:54.45] taskkill torcs.exe exit=128
ERROR: The process "wtorcs.exe" not found.
[15-Apr-26 20:55:54.46] taskkill wtorcs.exe exit=128
[15-Apr-26 20:55:55.11] TORCS_DIR=C:\Users\szymo\source\repos\torcs\torcs\
[15-Apr-26 20:55:55.11] launching without vision
[15-Apr-26 20:55:55.12] start command dispatched
[15-Apr-26 20:55:56.11] running autostart C:\Users\szymo\source\repos\torcs\gym_torcs\autostart_windows.bat
[15-Apr-26 20:55:56.11] autostart exit=0
[15-Apr-26 20:55:57.98] minimizing TORCS window for background mode

Image Name                     PID Session Name        Session#    Mem Usage
========================= ======== ================ =========== ============
wtorcs.exe                   57828 Console                    1     59,116 K
INFO: No tasks are running which match the specified criteria.
[15-Apr-26 20:55:58.94] start_torcs_windows.bat end

[15-Apr-26 20:56:34.61] start_torcs_windows.bat begin
[15-Apr-26 20:56:34.61] TORCS_EXE=C:\Users\szymo\source\repos\torcs\torcs\wtorcs.exe
[15-Apr-26 20:56:34.62] TORCS_IMAGE=wtorcs.exe
[15-Apr-26 20:56:34.62] VISION_FLAG=novision
[15-Apr-26 20:56:34.63] LAUNCH_MODE=background
ERROR: The process "wtorcs.exe" not found.
[15-Apr-26 20:56:34.72] taskkill wtorcs.exe exit=128
ERROR: The process "torcs.exe" not found.
[15-Apr-26 20:56:34.82] taskkill torcs.exe exit=128
ERROR: The process "wtorcs.exe" not found.
[15-Apr-26 20:56:34.83] taskkill wtorcs.exe exit=128
[15-Apr-26 20:56:35.16] TORCS_DIR=C:\Users\szymo\source\repos\torcs\torcs\
[15-Apr-26 20:56:35.16] launching without vision
[15-Apr-26 20:56:35.17] start command dispatched
[15-Apr-26 20:56:36.16] running autostart C:\Users\szymo\source\repos\torcs\gym_torcs\autostart_windows.bat
[15-Apr-26 20:56:36.16] autostart exit=0
[15-Apr-26 20:56:38.05] minimizing TORCS window for background mode

Image Name                     PID Session Name        Session#    Mem Usage
========================= ======== ================ =========== ============
wtorcs.exe                   53500 Console                    1     58,952 K
INFO: No tasks are running which match the specified criteria.
[15-Apr-26 20:56:39.02] start_torcs_windows.bat end

[15-Apr-26 20:56:58.78] start_torcs_windows.bat begin
[15-Apr-26 20:56:58.79] TORCS_EXE=C:\Users\szymo\source\repos\torcs\torcs\wtorcs.exe
[15-Apr-26 20:56:58.80] TORCS_IMAGE=wtorcs.exe
[15-Apr-26 20:56:58.80] VISION_FLAG=novision
ERROR: The process "wtorcs.exe" not found.
[15-Apr-26 20:56:58.90] taskkill wtorcs.exe exit=128
ERROR: The process "torcs.exe" not found.
[15-Apr-26 20:56:59.00] taskkill torcs.exe exit=128
ERROR: The process "wtorcs.exe" not found.
[15-Apr-26 20:56:59.01] taskkill wtorcs.exe exit=128
[15-Apr-26 20:57:00.21] TORCS_DIR=C:\Users\szymo\source\repos\torcs\torcs\
[15-Apr-26 20:57:00.21] launching without vision
[15-Apr-26 20:57:00.22] start command dispatched
[15-Apr-26 20:57:01.20] running autostart C:\Users\szymo\source\repos\torcs\gym_torcs\autostart_windows.bat
[15-Apr-26 20:57:01.20] autostart exit=0

Image Name                     PID Session Name        Session#    Mem Usage
========================= ======== ================ =========== ============
wtorcs.exe                   58300 Console                    1     62,412 K
INFO: No tasks are running which match the specified criteria.
[15-Apr-26 20:57:03.27] start_torcs_windows.bat end

[15-Apr-26 20:59:08.86] start_torcs_windows.bat begin
[15-Apr-26 20:59:08.86] TORCS_EXE=C:\Users\szymo\source\repos\torcs\torcs\wtorcs.exe
[15-Apr-26 20:59:08.87] TORCS_IMAGE=wtorcs.exe
[15-Apr-26 20:59:08.87] VISION_FLAG=novision
ERROR: The process "wtorcs.exe" not found.
[15-Apr-26 20:59:08.97] taskkill wtorcs.exe exit=128
ERROR: The process "torcs.exe" not found.
[15-Apr-26 20:59:09.07] taskkill torcs.exe exit=128
ERROR: The process "wtorcs.exe" not found.
[15-Apr-26 20:59:09.07] taskkill wtorcs.exe exit=128
[15-Apr-26 20:59:10.16] TORCS_DIR=C:\Users\szymo\source\repos\torcs\torcs\
[15-Apr-26 20:59:10.16] launching without vision
[15-Apr-26 20:59:10.17] start command dispatched
[15-Apr-26 20:59:11.16] running autostart C:\Users\szymo\source\repos\torcs\gym_torcs\autostart_windows.bat
[15-Apr-26 20:59:11.16] autostart exit=0

Image Name                     PID Session Name        Session#    Mem Usage
========================= ======== ================ =========== ============
wtorcs.exe                   57872 Console                    1     65,808 K
INFO: No tasks are running which match the specified criteria.
[15-Apr-26 20:59:13.12] start_torcs_windows.bat end

[15-Apr-26 20:59:33.53] start_torcs_windows.bat begin
[15-Apr-26 20:59:33.53] TORCS_EXE=C:\Users\szymo\source\repos\torcs\torcs\wtorcs.exe
[15-Apr-26 20:59:33.54] TORCS_IMAGE=wtorcs.exe
[15-Apr-26 20:59:33.54] VISION_FLAG=novision
ERROR: The process "wtorcs.exe" not found.
[15-Apr-26 20:59:33.64] taskkill wtorcs.exe exit=128
ERROR: The process "torcs.exe" not found.
[15-Apr-26 20:59:33.74] taskkill torcs.exe exit=128
ERROR: The process "wtorcs.exe" not found.
[15-Apr-26 20:59:33.75] taskkill wtorcs.exe exit=128
[15-Apr-26 20:59:34.19] TORCS_DIR=C:\Users\szymo\source\repos\torcs\torcs\
[15-Apr-26 20:59:34.19] launching without vision
[15-Apr-26 20:59:34.20] start command dispatched
[15-Apr-26 20:59:35.19] running autostart C:\Users\szymo\source\repos\torcs\gym_torcs\autostart_windows.bat
[15-Apr-26 20:59:35.19] autostart exit=0

Image Name                     PID Session Name        Session#    Mem Usage
========================= ======== ================ =========== ============
wtorcs.exe                   53368 Console                    1     81,916 K
INFO: No tasks are running which match the specified criteria.
[15-Apr-26 20:59:37.11] start_torcs_windows.bat end

[15-Apr-26 20:59:40.08] start_torcs_windows.bat begin
[15-Apr-26 20:59:40.09] TORCS_EXE=C:\Users\szymo\source\repos\torcs\torcs\wtorcs.exe
[15-Apr-26 20:59:40.09] TORCS_IMAGE=wtorcs.exe
[15-Apr-26 20:59:40.10] VISION_FLAG=novision
SUCCESS: The process with PID 54008 (child process of PID 53368) has been terminated.
SUCCESS: The process with PID 53368 (child process of PID 57644) has been terminated.
[15-Apr-26 20:59:40.21] taskkill wtorcs.exe exit=0
ERROR: The process "torcs.exe" not found.
[15-Apr-26 20:59:40.33] taskkill torcs.exe exit=128
ERROR: The process "wtorcs.exe" not found.
[15-Apr-26 20:59:40.33] taskkill wtorcs.exe exit=128
[15-Apr-26 20:59:41.21] TORCS_DIR=C:\Users\szymo\source\repos\torcs\torcs\
[15-Apr-26 20:59:41.21] launching without vision
[15-Apr-26 20:59:41.22] start command dispatched
[15-Apr-26 20:59:42.11] running autostart C:\Users\szymo\source\repos\torcs\gym_torcs\autostart_windows.bat
[15-Apr-26 20:59:42.11] autostart exit=0

Image Name                     PID Session Name        Session#    Mem Usage
========================= ======== ================ =========== ============
wtorcs.exe                   57728 Console                    1     62,340 K
INFO: No tasks are running which match the specified criteria.
[15-Apr-26 20:59:44.05] start_torcs_windows.bat end

[15-Apr-26 21:03:27.28] start_torcs_windows.bat begin
[15-Apr-26 21:03:27.28] TORCS_EXE=C:\Users\szymo\source\repos\torcs\torcs\wtorcs.exe
[15-Apr-26 21:03:27.29] TORCS_IMAGE=wtorcs.exe
[15-Apr-26 21:03:27.29] VISION_FLAG=novision
ERROR: The process "wtorcs.exe" not found.
[15-Apr-26 21:03:27.39] taskkill wtorcs.exe exit=128
ERROR: The process "torcs.exe" not found.
[15-Apr-26 21:03:27.48] taskkill torcs.exe exit=128
ERROR: The process "wtorcs.exe" not found.
[15-Apr-26 21:03:27.49] taskkill wtorcs.exe exit=128
[15-Apr-26 21:03:28.14] TORCS_DIR=C:\Users\szymo\source\repos\torcs\torcs\
[15-Apr-26 21:03:28.14] launching without vision
[15-Apr-26 21:03:28.15] start command dispatched

[15-Apr-26 21:03:50.21] start_torcs_windows.bat begin
[15-Apr-26 21:03:50.22] TORCS_EXE=C:\Users\szymo\source\repos\torcs\torcs\wtorcs.exe
[15-Apr-26 21:03:50.23] TORCS_IMAGE=wtorcs.exe
[15-Apr-26 21:03:50.23] VISION_FLAG=novision
SUCCESS: The process with PID 54432 (child process of PID 53804) has been terminated.
SUCCESS: The process with PID 53804 (child process of PID 58200) has been terminated.
[15-Apr-26 21:03:50.33] taskkill wtorcs.exe exit=0
ERROR: The process "torcs.exe" not found.
[15-Apr-26 21:03:50.43] taskkill torcs.exe exit=128
ERROR: The process "wtorcs.exe" not found.
[15-Apr-26 21:03:50.44] taskkill wtorcs.exe exit=128
[15-Apr-26 21:03:51.19] TORCS_DIR=C:\Users\szymo\source\repos\torcs\torcs\
[15-Apr-26 21:03:51.19] launching without vision
[15-Apr-26 21:03:51.20] start command dispatched
[15-Apr-26 21:03:52.19] running autostart C:\Users\szymo\source\repos\torcs\gym_torcs\autostart_windows.bat
At C:\Users\szymo\source\repos\torcs\gym_torcs\autostart_windows.ps1:161 char:3
+         } else {
+         ~
Unexpected token '}' in expression or statement.
At C:\Users\szymo\source\repos\torcs\gym_torcs\autostart_windows.ps1:164 char:2
+     }
+     ~
Unexpected token '}' in expression or statement.
At C:\Users\szymo\source\repos\torcs\gym_torcs\autostart_windows.ps1:167 char:1
+ }
+ ~
Unexpected token '}' in expression or statement.
    + CategoryInfo          : ParserError: (:) [], ParentContainsErrorRecordException
    + FullyQualifiedErrorId : UnexpectedToken
 
[15-Apr-26 21:03:52.19] autostart exit=0

Image Name                     PID Session Name        Session#    Mem Usage
========================= ======== ================ =========== ============
wtorcs.exe                   55864 Console                    1     62,308 K
INFO: No tasks are running which match the specified criteria.
[15-Apr-26 21:03:52.99] start_torcs_windows.bat end

[15-Apr-26 21:04:12.34] start_torcs_windows.bat begin
[15-Apr-26 21:04:12.35] TORCS_EXE=C:\Users\szymo\source\repos\torcs\torcs\wtorcs.exe
[15-Apr-26 21:04:12.35] TORCS_IMAGE=wtorcs.exe
[15-Apr-26 21:04:12.35] VISION_FLAG=novision
SUCCESS: The process with PID 31648 (child process of PID 55864) has been terminated.
SUCCESS: The process with PID 55864 (child process of PID 54140) has been terminated.
[15-Apr-26 21:04:12.45] taskkill wtorcs.exe exit=0
ERROR: The process "torcs.exe" not found.
[15-Apr-26 21:04:12.57] taskkill torcs.exe exit=128
ERROR: The process "wtorcs.exe" not found.
[15-Apr-26 21:04:12.57] taskkill wtorcs.exe exit=128
[15-Apr-26 21:04:13.13] TORCS_DIR=C:\Users\szymo\source\repos\torcs\torcs\
[15-Apr-26 21:04:13.13] launching without vision
[15-Apr-26 21:04:13.13] start command dispatched
[15-Apr-26 21:04:14.12] running autostart C:\Users\szymo\source\repos\torcs\gym_torcs\autostart_windows.bat
At C:\Users\szymo\source\repos\torcs\gym_torcs\autostart_windows.ps1:161 char:3
+         } else {
+         ~
Unexpected token '}' in expression or statement.
At C:\Users\szymo\source\repos\torcs\gym_torcs\autostart_windows.ps1:164 char:2
+     }
+     ~
Unexpected token '}' in expression or statement.
At C:\Users\szymo\source\repos\torcs\gym_torcs\autostart_windows.ps1:167 char:1
+ }
+ ~
Unexpected token '}' in expression or statement.
    + CategoryInfo          : ParserError: (:) [], ParentContainsErrorRecordException
    + FullyQualifiedErrorId : UnexpectedToken
 
[15-Apr-26 21:04:14.12] autostart exit=0

Image Name                     PID Session Name        Session#    Mem Usage
========================= ======== ================ =========== ============
wtorcs.exe                   56632 Console                    1     62,392 K
INFO: No tasks are running which match the specified criteria.
[15-Apr-26 21:04:14.85] start_torcs_windows.bat end

[15-Apr-26 21:06:16.08] start_torcs_windows.bat begin
[15-Apr-26 21:06:16.09] TORCS_EXE=C:\Users\szymo\source\repos\torcs\torcs\wtorcs.exe
[15-Apr-26 21:06:16.09] TORCS_IMAGE=wtorcs.exe
[15-Apr-26 21:06:16.10] VISION_FLAG=novision
ERROR: The process "wtorcs.exe" not found.
[15-Apr-26 21:06:16.20] taskkill wtorcs.exe exit=128
ERROR: The process "torcs.exe" not found.
[15-Apr-26 21:06:16.29] taskkill torcs.exe exit=128
ERROR: The process "wtorcs.exe" not found.
[15-Apr-26 21:06:16.30] taskkill wtorcs.exe exit=128
[15-Apr-26 21:06:17.17] TORCS_DIR=C:\Users\szymo\source\repos\torcs\torcs\
[15-Apr-26 21:06:17.17] launching without vision
[15-Apr-26 21:06:17.18] start command dispatched
[15-Apr-26 21:06:18.17] running autostart C:\Users\szymo\source\repos\torcs\gym_torcs\autostart_windows.bat
[15-Apr-26 21:06:18.17] autostart exit=0

Image Name                     PID Session Name        Session#    Mem Usage
========================= ======== ================ =========== ============
wtorcs.exe                   57476 Console                    1     83,604 K
INFO: No tasks are running which match the specified criteria.
[15-Apr-26 21:06:20.39] start_torcs_windows.bat end

[15-Apr-26 21:06:23.40] start_torcs_windows.bat begin
[15-Apr-26 21:06:23.41] TORCS_EXE=C:\Users\szymo\source\repos\torcs\torcs\wtorcs.exe
[15-Apr-26 21:06:23.41] TORCS_IMAGE=wtorcs.exe
[15-Apr-26 21:06:23.42] VISION_FLAG=novision
SUCCESS: The process with PID 39560 (child process of PID 57476) has been terminated.
SUCCESS: The process with PID 57476 (child process of PID 53136) has been terminated.
[15-Apr-26 21:06:23.52] taskkill wtorcs.exe exit=0
ERROR: The process "torcs.exe" not found.
[15-Apr-26 21:06:23.65] taskkill torcs.exe exit=128
ERROR: The process "wtorcs.exe" not found.
[15-Apr-26 21:06:23.65] taskkill wtorcs.exe exit=128
[15-Apr-26 21:06:24.20] TORCS_DIR=C:\Users\szymo\source\repos\torcs\torcs\
[15-Apr-26 21:06:24.20] launching without vision
[15-Apr-26 21:06:24.21] start command dispatched
[15-Apr-26 21:06:25.20] running autostart C:\Users\szymo\source\repos\torcs\gym_torcs\autostart_windows.bat
[15-Apr-26 21:06:25.20] autostart exit=0

Image Name                     PID Session Name        Session#    Mem Usage
========================= ======== ================ =========== ============
wtorcs.exe                   59344 Console                    1     83,792 K
INFO: No tasks are running which match the specified criteria.
[15-Apr-26 21:06:27.32] start_torcs_windows.bat end

[15-Apr-26 21:06:42.06] start_torcs_windows.bat begin
[15-Apr-26 21:06:42.07] TORCS_EXE=C:\Users\szymo\source\repos\torcs\torcs\wtorcs.exe
[15-Apr-26 21:06:42.07] TORCS_IMAGE=wtorcs.exe
[15-Apr-26 21:06:42.08] VISION_FLAG=novision
SUCCESS: The process with PID 59352 (child process of PID 59344) has been terminated.
SUCCESS: The process with PID 59344 (child process of PID 58792) has been terminated.
[15-Apr-26 21:06:42.20] taskkill wtorcs.exe exit=0
ERROR: The process "torcs.exe" not found.
[15-Apr-26 21:06:42.31] taskkill torcs.exe exit=128
ERROR: The process "wtorcs.exe" not found.
[15-Apr-26 21:06:42.31] taskkill wtorcs.exe exit=128
[15-Apr-26 21:06:43.19] TORCS_DIR=C:\Users\szymo\source\repos\torcs\torcs\
[15-Apr-26 21:06:43.19] launching without vision
[15-Apr-26 21:06:43.19] start command dispatched
[15-Apr-26 21:06:44.18] running autostart C:\Users\szymo\source\repos\torcs\gym_torcs\autostart_windows.bat
[15-Apr-26 21:06:44.18] autostart exit=0

Image Name                     PID Session Name        Session#    Mem Usage
========================= ======== ================ =========== ============
wtorcs.exe                   59888 Console                    1     83,548 K
INFO: No tasks are running which match the specified criteria.
[15-Apr-26 21:06:46.29] start_torcs_windows.bat end

[15-Apr-26 21:06:55.44] start_torcs_windows.bat begin
[15-Apr-26 21:06:55.44] TORCS_EXE=C:\Users\szymo\source\repos\torcs\torcs\wtorcs.exe
[15-Apr-26 21:06:55.45] TORCS_IMAGE=wtorcs.exe
[15-Apr-26 21:06:55.45] VISION_FLAG=novision
SUCCESS: The process with PID 59896 (child process of PID 59888) has been terminated.
SUCCESS: The process with PID 59888 (child process of PID 59648) has been terminated.
[15-Apr-26 21:06:55.56] taskkill wtorcs.exe exit=0
ERROR: The process "torcs.exe" not found.
[15-Apr-26 21:06:55.68] taskkill torcs.exe exit=128
ERROR: The process "wtorcs.exe" not found.
[15-Apr-26 21:06:55.68] taskkill wtorcs.exe exit=128
[15-Apr-26 21:06:56.11] TORCS_DIR=C:\Users\szymo\source\repos\torcs\torcs\
[15-Apr-26 21:06:56.11] launching without vision
[15-Apr-26 21:06:56.12] start command dispatched
[15-Apr-26 21:06:57.11] running autostart C:\Users\szymo\source\repos\torcs\gym_torcs\autostart_windows.bat
[15-Apr-26 21:06:57.11] autostart exit=0

Image Name                     PID Session Name        Session#    Mem Usage
========================= ======== ================ =========== ============
wtorcs.exe                   58572 Console                    1     62,380 K
INFO: No tasks are running which match the specified criteria.
[15-Apr-26 21:06:59.22] start_torcs_windows.bat end

[15-Apr-26 21:07:28.26] start_torcs_windows.bat begin
[15-Apr-26 21:07:28.27] TORCS_EXE=C:\Users\szymo\source\repos\torcs\torcs\wtorcs.exe
[15-Apr-26 21:07:28.27] TORCS_IMAGE=wtorcs.exe
[15-Apr-26 21:07:28.28] VISION_FLAG=novision
SUCCESS: The process with PID 58392 (child process of PID 58572) has been terminated.
SUCCESS: The process with PID 58572 (child process of PID 59788) has been terminated.
[15-Apr-26 21:07:28.40] taskkill wtorcs.exe exit=0
ERROR: The process "torcs.exe" not found.
[15-Apr-26 21:07:28.51] taskkill torcs.exe exit=128
ERROR: The process "wtorcs.exe" not found.
[15-Apr-26 21:07:28.52] taskkill wtorcs.exe exit=128
[15-Apr-26 21:07:29.17] TORCS_DIR=C:\Users\szymo\source\repos\torcs\torcs\
[15-Apr-26 21:07:29.17] launching without vision
[15-Apr-26 21:07:29.18] start command dispatched
[15-Apr-26 21:07:30.18] running autostart C:\Users\szymo\source\repos\torcs\gym_torcs\autostart_windows.bat
[15-Apr-26 21:07:30.18] autostart exit=0

Image Name                     PID Session Name        Session#    Mem Usage
========================= ======== ================ =========== ============
wtorcs.exe                   59428 Console                    1     82,784 K
INFO: No tasks are running which match the specified criteria.
[15-Apr-26 21:07:32.28] start_torcs_windows.bat end

[15-Apr-26 21:07:42.26] start_torcs_windows.bat begin
[15-Apr-26 21:07:42.26] TORCS_EXE=C:\Users\szymo\source\repos\torcs\torcs\wtorcs.exe
[15-Apr-26 21:07:42.27] TORCS_IMAGE=wtorcs.exe
[15-Apr-26 21:07:42.27] VISION_FLAG=novision
SUCCESS: The process with PID 57468 (child process of PID 59428) has been terminated.
SUCCESS: The process with PID 59428 (child process of PID 54288) has been terminated.
[15-Apr-26 21:07:42.38] taskkill wtorcs.exe exit=0
ERROR: The process "torcs.exe" not found.
[15-Apr-26 21:07:42.49] taskkill torcs.exe exit=128
ERROR: The process "wtorcs.exe" not found.
[15-Apr-26 21:07:42.50] taskkill wtorcs.exe exit=128
[15-Apr-26 21:07:43.16] TORCS_DIR=C:\Users\szymo\source\repos\torcs\torcs\
[15-Apr-26 21:07:43.16] launching without vision
[15-Apr-26 21:07:43.17] start command dispatched
[15-Apr-26 21:07:44.17] running autostart C:\Users\szymo\source\repos\torcs\gym_torcs\autostart_windows.bat
[15-Apr-26 21:07:44.17] autostart exit=0

Image Name                     PID Session Name        Session#    Mem Usage
========================= ======== ================ =========== ============
wtorcs.exe                   59232 Console                    1     83,316 K
INFO: No tasks are running which match the specified criteria.
[15-Apr-26 21:07:46.25] start_torcs_windows.bat end

[15-Apr-26 21:07:56.45] start_torcs_windows.bat begin
[15-Apr-26 21:07:56.46] TORCS_EXE=C:\Users\szymo\source\repos\torcs\torcs\wtorcs.exe
[15-Apr-26 21:07:56.46] TORCS_IMAGE=wtorcs.exe
[15-Apr-26 21:07:56.47] VISION_FLAG=novision
SUCCESS: The process with PID 57588 (child process of PID 59232) has been terminated.
SUCCESS: The process with PID 59232 (child process of PID 60300) has been terminated.
[15-Apr-26 21:07:56.58] taskkill wtorcs.exe exit=0
ERROR: The process "torcs.exe" not found.
[15-Apr-26 21:07:56.70] taskkill torcs.exe exit=128
ERROR: The process "wtorcs.exe" not found.
[15-Apr-26 21:07:56.71] taskkill wtorcs.exe exit=128
[15-Apr-26 21:07:57.15] TORCS_DIR=C:\Users\szymo\source\repos\torcs\torcs\
[15-Apr-26 21:07:57.15] launching without vision
[15-Apr-26 21:07:57.16] start command dispatched
[15-Apr-26 21:07:58.15] running autostart C:\Users\szymo\source\repos\torcs\gym_torcs\autostart_windows.bat
[15-Apr-26 21:07:58.15] autostart exit=0

Image Name                     PID Session Name        Session#    Mem Usage
========================= ======== ================ =========== ============
wtorcs.exe                   58536 Console                    1     84,840 K
INFO: No tasks are running which match the specified criteria.
[15-Apr-26 21:08:00.26] start_torcs_windows.bat end

[15-Apr-26 21:08:09.33] start_torcs_windows.bat begin
[15-Apr-26 21:08:09.33] TORCS_EXE=C:\Users\szymo\source\repos\torcs\torcs\wtorcs.exe
[15-Apr-26 21:08:09.34] TORCS_IMAGE=wtorcs.exe
[15-Apr-26 21:08:09.34] VISION_FLAG=novision
SUCCESS: The process with PID 59868 (child process of PID 58536) has been terminated.
SUCCESS: The process with PID 58536 (child process of PID 60228) has been terminated.
[15-Apr-26 21:08:09.45] taskkill wtorcs.exe exit=0
ERROR: The process "torcs.exe" not found.
[15-Apr-26 21:08:09.56] taskkill torcs.exe exit=128
ERROR: The process "wtorcs.exe" not found.
[15-Apr-26 21:08:09.57] taskkill wtorcs.exe exit=128
[15-Apr-26 21:08:10.12] TORCS_DIR=C:\Users\szymo\source\repos\torcs\torcs\
[15-Apr-26 21:08:10.12] launching without vision
[15-Apr-26 21:08:10.13] start command dispatched
[15-Apr-26 21:08:11.13] running autostart C:\Users\szymo\source\repos\torcs\gym_torcs\autostart_windows.bat
[15-Apr-26 21:08:11.13] autostart exit=0

Image Name                     PID Session Name        Session#    Mem Usage
========================= ======== ================ =========== ============
wtorcs.exe                   35116 Console                    1     84,280 K
INFO: No tasks are running which match the specified criteria.
[15-Apr-26 21:08:13.25] start_torcs_windows.bat end

[15-Apr-26 21:08:23.12] start_torcs_windows.bat begin
[15-Apr-26 21:08:23.13] TORCS_EXE=C:\Users\szymo\source\repos\torcs\torcs\wtorcs.exe
[15-Apr-26 21:08:23.13] TORCS_IMAGE=wtorcs.exe
[15-Apr-26 21:08:23.14] VISION_FLAG=novision
SUCCESS: The process with PID 59248 (child process of PID 35116) has been terminated.
SUCCESS: The process with PID 35116 (child process of PID 57880) has been terminated.
[15-Apr-26 21:08:23.25] taskkill wtorcs.exe exit=0
ERROR: The process "torcs.exe" not found.
[15-Apr-26 21:08:23.37] taskkill torcs.exe exit=128
ERROR: The process "wtorcs.exe" not found.
[15-Apr-26 21:08:23.38] taskkill wtorcs.exe exit=128
[15-Apr-26 21:08:24.14] TORCS_DIR=C:\Users\szymo\source\repos\torcs\torcs\
[15-Apr-26 21:08:24.14] launching without vision
[15-Apr-26 21:08:24.15] start command dispatched
[15-Apr-26 21:08:25.15] running autostart C:\Users\szymo\source\repos\torcs\gym_torcs\autostart_windows.bat
[15-Apr-26 21:08:25.15] autostart exit=0

Image Name                     PID Session Name        Session#    Mem Usage
========================= ======== ================ =========== ============
wtorcs.exe                   59324 Console                    1     83,280 K
INFO: No tasks are running which match the specified criteria.
[15-Apr-26 21:08:27.26] start_torcs_windows.bat end

[15-Apr-26 21:08:38.03] start_torcs_windows.bat begin
[15-Apr-26 21:08:38.04] TORCS_EXE=C:\Users\szymo\source\repos\torcs\torcs\wtorcs.exe
[15-Apr-26 21:08:38.04] TORCS_IMAGE=wtorcs.exe
[15-Apr-26 21:08:38.05] VISION_FLAG=novision
SUCCESS: The process with PID 59936 (child process of PID 59324) has been terminated.
SUCCESS: The process with PID 59324 (child process of PID 59548) has been terminated.
[15-Apr-26 21:08:38.15] taskkill wtorcs.exe exit=0
ERROR: The process "torcs.exe" not found.
[15-Apr-26 21:08:38.26] taskkill torcs.exe exit=128
ERROR: The process "wtorcs.exe" not found.
[15-Apr-26 21:08:38.27] taskkill wtorcs.exe exit=128
[15-Apr-26 21:08:39.15] TORCS_DIR=C:\Users\szymo\source\repos\torcs\torcs\
[15-Apr-26 21:08:39.15] launching without vision
[15-Apr-26 21:08:39.16] start command dispatched
[15-Apr-26 21:08:40.15] running autostart C:\Users\szymo\source\repos\torcs\gym_torcs\autostart_windows.bat
[15-Apr-26 21:08:40.15] autostart exit=0

Image Name                     PID Session Name        Session#    Mem Usage
========================= ======== ================ =========== ============
wtorcs.exe                   55692 Console                    1     83,308 K
INFO: No tasks are running which match the specified criteria.
[15-Apr-26 21:08:42.26] start_torcs_windows.bat end

[15-Apr-26 21:08:52.03] start_torcs_windows.bat begin
[15-Apr-26 21:08:52.03] TORCS_EXE=C:\Users\szymo\source\repos\torcs\torcs\wtorcs.exe
[15-Apr-26 21:08:52.04] TORCS_IMAGE=wtorcs.exe
[15-Apr-26 21:08:52.04] VISION_FLAG=novision
SUCCESS: The process with PID 60024 (child process of PID 55692) has been terminated.
SUCCESS: The process with PID 55692 (child process of PID 53728) has been terminated.
[15-Apr-26 21:08:52.15] taskkill wtorcs.exe exit=0
ERROR: The process "torcs.exe" not found.
[15-Apr-26 21:08:52.26] taskkill torcs.exe exit=128
ERROR: The process "wtorcs.exe" not found.
[15-Apr-26 21:08:52.27] taskkill wtorcs.exe exit=128
[15-Apr-26 21:08:53.14] TORCS_DIR=C:\Users\szymo\source\repos\torcs\torcs\
[15-Apr-26 21:08:53.14] launching without vision
[15-Apr-26 21:08:53.15] start command dispatched
[15-Apr-26 21:08:54.15] running autostart C:\Users\szymo\source\repos\torcs\gym_torcs\autostart_windows.bat
[15-Apr-26 21:08:54.15] autostart exit=0

Image Name                     PID Session Name        Session#    Mem Usage
========================= ======== ================ =========== ============
wtorcs.exe                   58456 Console                    1     84,068 K
INFO: No tasks are running which match the specified criteria.
[15-Apr-26 21:08:56.28] start_torcs_windows.bat end

[15-Apr-26 21:09:08.29] start_torcs_windows.bat begin
[15-Apr-26 21:09:08.29] TORCS_EXE=C:\Users\szymo\source\repos\torcs\torcs\wtorcs.exe
[15-Apr-26 21:09:08.30] TORCS_IMAGE=wtorcs.exe
[15-Apr-26 21:09:08.30] VISION_FLAG=novision
SUCCESS: The process with PID 58460 (child process of PID 58456) has been terminated.
SUCCESS: The process with PID 58456 (child process of PID 23408) has been terminated.
[15-Apr-26 21:09:08.41] taskkill wtorcs.exe exit=0
ERROR: The process "torcs.exe" not found.
[15-Apr-26 21:09:08.52] taskkill torcs.exe exit=128
ERROR: The process "wtorcs.exe" not found.
[15-Apr-26 21:09:08.52] taskkill wtorcs.exe exit=128
[15-Apr-26 21:09:09.18] TORCS_DIR=C:\Users\szymo\source\repos\torcs\torcs\
[15-Apr-26 21:09:09.18] launching without vision
[15-Apr-26 21:09:09.19] start command dispatched
[15-Apr-26 21:09:10.18] running autostart C:\Users\szymo\source\repos\torcs\gym_torcs\autostart_windows.bat
[15-Apr-26 21:09:10.18] autostart exit=0

Image Name                     PID Session Name        Session#    Mem Usage
========================= ======== ================ =========== ============
wtorcs.exe                   14380 Console                    1     82,928 K
INFO: No tasks are running which match the specified criteria.
[15-Apr-26 21:09:12.29] start_torcs_windows.bat end

[15-Apr-26 21:09:23.73] start_torcs_windows.bat begin
[15-Apr-26 21:09:23.74] TORCS_EXE=C:\Users\szymo\source\repos\torcs\torcs\wtorcs.exe
[15-Apr-26 21:09:23.75] TORCS_IMAGE=wtorcs.exe
[15-Apr-26 21:09:23.75] VISION_FLAG=novision
SUCCESS: The process with PID 59748 (child process of PID 14380) has been terminated.
SUCCESS: The process with PID 14380 (child process of PID 54884) has been terminated.
[15-Apr-26 21:09:23.86] taskkill wtorcs.exe exit=0
ERROR: The process "torcs.exe" not found.
[15-Apr-26 21:09:23.97] taskkill torcs.exe exit=128
ERROR: The process "wtorcs.exe" not found.
[15-Apr-26 21:09:23.98] taskkill wtorcs.exe exit=128
[15-Apr-26 21:09:25.17] TORCS_DIR=C:\Users\szymo\source\repos\torcs\torcs\
[15-Apr-26 21:09:25.17] launching without vision
[15-Apr-26 21:09:25.18] start command dispatched
[15-Apr-26 21:09:26.17] running autostart C:\Users\szymo\source\repos\torcs\gym_torcs\autostart_windows.bat
[15-Apr-26 21:09:26.17] autostart exit=0

Image Name                     PID Session Name        Session#    Mem Usage
========================= ======== ================ =========== ============
wtorcs.exe                   54192 Console                    1     83,596 K
INFO: No tasks are running which match the specified criteria.
[15-Apr-26 21:09:28.28] start_torcs_windows.bat end

[15-Apr-26 21:09:38.18] start_torcs_windows.bat begin
[15-Apr-26 21:09:38.18] TORCS_EXE=C:\Users\szymo\source\repos\torcs\torcs\wtorcs.exe
[15-Apr-26 21:09:38.19] TORCS_IMAGE=wtorcs.exe
[15-Apr-26 21:09:38.19] VISION_FLAG=novision
SUCCESS: The process with PID 53784 (child process of PID 54192) has been terminated.
SUCCESS: The process with PID 54192 (child process of PID 44212) has been terminated.
[15-Apr-26 21:09:38.30] taskkill wtorcs.exe exit=0
ERROR: The process "torcs.exe" not found.
[15-Apr-26 21:09:38.42] taskkill torcs.exe exit=128
ERROR: The process "wtorcs.exe" not found.
[15-Apr-26 21:09:38.43] taskkill wtorcs.exe exit=128
[15-Apr-26 21:09:39.19] TORCS_DIR=C:\Users\szymo\source\repos\torcs\torcs\
[15-Apr-26 21:09:39.19] launching without vision
[15-Apr-26 21:09:39.20] start command dispatched
[15-Apr-26 21:09:40.18] running autostart C:\Users\szymo\source\repos\torcs\gym_torcs\autostart_windows.bat
[15-Apr-26 21:09:40.18] autostart exit=0

Image Name                     PID Session Name        Session#    Mem Usage
========================= ======== ================ =========== ============
wtorcs.exe                   58528 Console                    1     82,900 K
INFO: No tasks are running which match the specified criteria.
[15-Apr-26 21:09:42.28] start_torcs_windows.bat end

[15-Apr-26 21:09:52.35] start_torcs_windows.bat begin
[15-Apr-26 21:09:52.36] TORCS_EXE=C:\Users\szymo\source\repos\torcs\torcs\wtorcs.exe
[15-Apr-26 21:09:52.36] TORCS_IMAGE=wtorcs.exe
[15-Apr-26 21:09:52.37] VISION_FLAG=novision
SUCCESS: The process with PID 59772 (child process of PID 58528) has been terminated.
SUCCESS: The process with PID 58528 (child process of PID 54604) has been terminated.
[15-Apr-26 21:09:52.48] taskkill wtorcs.exe exit=0
ERROR: The process "torcs.exe" not found.
[15-Apr-26 21:09:52.62] taskkill torcs.exe exit=128
ERROR: The process "wtorcs.exe" not found.
[15-Apr-26 21:09:52.63] taskkill wtorcs.exe exit=128
[15-Apr-26 21:09:53.18] TORCS_DIR=C:\Users\szymo\source\repos\torcs\torcs\
[15-Apr-26 21:09:53.18] launching without vision
[15-Apr-26 21:09:53.19] start command dispatched
[15-Apr-26 21:09:54.17] running autostart C:\Users\szymo\source\repos\torcs\gym_torcs\autostart_windows.bat
[15-Apr-26 21:09:54.17] autostart exit=0

Image Name                     PID Session Name        Session#    Mem Usage
========================= ======== ================ =========== ============
wtorcs.exe                   55344 Console                    1     65,648 K
INFO: No tasks are running which match the specified criteria.
[15-Apr-26 21:09:56.31] start_torcs_windows.bat end

[15-Apr-26 21:10:57.01] start_torcs_windows.bat begin
[15-Apr-26 21:10:57.01] TORCS_EXE=C:\Users\szymo\source\repos\torcs\torcs\wtorcs.exe
[15-Apr-26 21:10:57.02] TORCS_IMAGE=wtorcs.exe
[15-Apr-26 21:10:57.02] VISION_FLAG=novision
ERROR: The process "wtorcs.exe" not found.
[15-Apr-26 21:10:57.12] taskkill wtorcs.exe exit=128
ERROR: The process "torcs.exe" not found.
[15-Apr-26 21:10:57.22] taskkill torcs.exe exit=128
ERROR: The process "wtorcs.exe" not found.
[15-Apr-26 21:10:57.22] taskkill wtorcs.exe exit=128
[15-Apr-26 21:10:58.21] TORCS_DIR=C:\Users\szymo\source\repos\torcs\torcs\
[15-Apr-26 21:10:58.21] launching without vision
[15-Apr-26 21:10:58.22] start command dispatched
[15-Apr-26 21:10:59.21] running autostart C:\Users\szymo\source\repos\torcs\gym_torcs\autostart_windows.bat
[15-Apr-26 21:10:59.21] autostart exit=0

Image Name                     PID Session Name        Session#    Mem Usage
========================= ======== ================ =========== ============
wtorcs.exe                   60216 Console                    1     83,308 K
INFO: No tasks are running which match the specified criteria.
[15-Apr-26 21:11:01.33] start_torcs_windows.bat end

[15-Apr-26 21:11:04.29] start_torcs_windows.bat begin
[15-Apr-26 21:11:04.29] TORCS_EXE=C:\Users\szymo\source\repos\torcs\torcs\wtorcs.exe
[15-Apr-26 21:11:04.30] TORCS_IMAGE=wtorcs.exe
[15-Apr-26 21:11:04.30] VISION_FLAG=novision
SUCCESS: The process with PID 59328 (child process of PID 60216) has been terminated.
SUCCESS: The process with PID 60216 (child process of PID 53112) has been terminated.
[15-Apr-26 21:11:04.40] taskkill wtorcs.exe exit=0
ERROR: The process "torcs.exe" not found.
[15-Apr-26 21:11:04.52] taskkill torcs.exe exit=128
ERROR: The process "wtorcs.exe" not found.
[15-Apr-26 21:11:04.52] taskkill wtorcs.exe exit=128
[15-Apr-26 21:11:05.18] TORCS_DIR=C:\Users\szymo\source\repos\torcs\torcs\
[15-Apr-26 21:11:05.18] launching without vision
[15-Apr-26 21:11:05.19] start command dispatched
[15-Apr-26 21:11:06.18] running autostart C:\Users\szymo\source\repos\torcs\gym_torcs\autostart_windows.bat
[15-Apr-26 21:11:06.18] autostart exit=0

Image Name                     PID Session Name        Session#    Mem Usage
========================= ======== ================ =========== ============
wtorcs.exe                   60220 Console                    1     83,012 K
INFO: No tasks are running which match the specified criteria.
[15-Apr-26 21:11:08.30] start_torcs_windows.bat end

[15-Apr-26 21:11:23.77] start_torcs_windows.bat begin
[15-Apr-26 21:11:23.78] TORCS_EXE=C:\Users\szymo\source\repos\torcs\torcs\wtorcs.exe
[15-Apr-26 21:11:23.78] TORCS_IMAGE=wtorcs.exe
[15-Apr-26 21:11:23.79] VISION_FLAG=novision
SUCCESS: The process with PID 21740 (child process of PID 60220) has been terminated.
SUCCESS: The process with PID 60220 (child process of PID 31624) has been terminated.
[15-Apr-26 21:11:23.90] taskkill wtorcs.exe exit=0
ERROR: The process "torcs.exe" not found.
[15-Apr-26 21:11:24.02] taskkill torcs.exe exit=128
ERROR: The process "wtorcs.exe" not found.
[15-Apr-26 21:11:24.03] taskkill wtorcs.exe exit=128
[15-Apr-26 21:11:25.11] TORCS_DIR=C:\Users\szymo\source\repos\torcs\torcs\
[15-Apr-26 21:11:25.11] launching without vision
[15-Apr-26 21:11:25.12] start command dispatched
[15-Apr-26 21:11:26.11] running autostart C:\Users\szymo\source\repos\torcs\gym_torcs\autostart_windows.bat
[15-Apr-26 21:11:26.11] autostart exit=0

Image Name                     PID Session Name        Session#    Mem Usage
========================= ======== ================ =========== ============
wtorcs.exe                   53520 Console                    1     83,796 K
INFO: No tasks are running which match the specified criteria.
[15-Apr-26 21:11:28.23] start_torcs_windows.bat end

[15-Apr-26 21:11:37.33] start_torcs_windows.bat begin
[15-Apr-26 21:11:37.34] TORCS_EXE=C:\Users\szymo\source\repos\torcs\torcs\wtorcs.exe
[15-Apr-26 21:11:37.34] TORCS_IMAGE=wtorcs.exe
[15-Apr-26 21:11:37.35] VISION_FLAG=novision
SUCCESS: The process with PID 59668 (child process of PID 53520) has been terminated.
SUCCESS: The process with PID 53520 (child process of PID 1608) has been terminated.
[15-Apr-26 21:11:37.46] taskkill wtorcs.exe exit=0
ERROR: The process "torcs.exe" not found.
[15-Apr-26 21:11:37.57] taskkill torcs.exe exit=128
ERROR: The process "wtorcs.exe" not found.
[15-Apr-26 21:11:37.58] taskkill wtorcs.exe exit=128
[15-Apr-26 21:11:38.13] TORCS_DIR=C:\Users\szymo\source\repos\torcs\torcs\
[15-Apr-26 21:11:38.13] launching without vision
[15-Apr-26 21:11:38.14] start command dispatched
[15-Apr-26 21:11:39.13] running autostart C:\Users\szymo\source\repos\torcs\gym_torcs\autostart_windows.bat
[15-Apr-26 21:11:39.13] autostart exit=0

Image Name                     PID Session Name        Session#    Mem Usage
========================= ======== ================ =========== ============
wtorcs.exe                   59628 Console                    1     84,200 K
INFO: No tasks are running which match the specified criteria.
[15-Apr-26 21:11:41.25] start_torcs_windows.bat end

[15-Apr-26 21:11:53.35] start_torcs_windows.bat begin
[15-Apr-26 21:11:53.35] TORCS_EXE=C:\Users\szymo\source\repos\torcs\torcs\wtorcs.exe
[15-Apr-26 21:11:53.36] TORCS_IMAGE=wtorcs.exe
[15-Apr-26 21:11:53.36] VISION_FLAG=novision
SUCCESS: The process with PID 51968 (child process of PID 59628) has been terminated.
SUCCESS: The process with PID 59628 (child process of PID 56404) has been terminated.
[15-Apr-26 21:11:53.47] taskkill wtorcs.exe exit=0
ERROR: The process "torcs.exe" not found.
[15-Apr-26 21:11:53.59] taskkill torcs.exe exit=128
ERROR: The process "wtorcs.exe" not found.
[15-Apr-26 21:11:53.59] taskkill wtorcs.exe exit=128
[15-Apr-26 21:11:54.15] TORCS_DIR=C:\Users\szymo\source\repos\torcs\torcs\
[15-Apr-26 21:11:54.15] launching without vision
[15-Apr-26 21:11:54.16] start command dispatched
[15-Apr-26 21:11:55.14] running autostart C:\Users\szymo\source\repos\torcs\gym_torcs\autostart_windows.bat
[15-Apr-26 21:11:55.14] autostart exit=0

Image Name                     PID Session Name        Session#    Mem Usage
========================= ======== ================ =========== ============
wtorcs.exe                   56588 Console                    1     63,088 K
INFO: No tasks are running which match the specified criteria.
[15-Apr-26 21:11:57.24] start_torcs_windows.bat end

[15-Apr-26 21:12:34.56] start_torcs_windows.bat begin
[15-Apr-26 21:12:34.57] TORCS_EXE=C:\Users\szymo\source\repos\torcs\torcs\wtorcs.exe
[15-Apr-26 21:12:34.57] TORCS_IMAGE=wtorcs.exe
[15-Apr-26 21:12:34.58] VISION_FLAG=novision
SUCCESS: The process with PID 3744 (child process of PID 56588) has been terminated.
SUCCESS: The process with PID 56588 (child process of PID 58488) has been terminated.
[15-Apr-26 21:12:34.69] taskkill wtorcs.exe exit=0
ERROR: The process "torcs.exe" not found.
[15-Apr-26 21:12:34.80] taskkill torcs.exe exit=128
ERROR: The process "wtorcs.exe" not found.
[15-Apr-26 21:12:34.81] taskkill wtorcs.exe exit=128
[15-Apr-26 21:12:35.14] TORCS_DIR=C:\Users\szymo\source\repos\torcs\torcs\
[15-Apr-26 21:12:35.14] launching without vision
[15-Apr-26 21:12:35.15] start command dispatched
[15-Apr-26 21:12:36.14] running autostart C:\Users\szymo\source\repos\torcs\gym_torcs\autostart_windows.bat
[15-Apr-26 21:12:36.14] autostart exit=0

Image Name                     PID Session Name        Session#    Mem Usage
========================= ======== ================ =========== ============
wtorcs.exe                   54988 Console                    1     84,884 K
INFO: No tasks are running which match the specified criteria.
[15-Apr-26 21:12:38.26] start_torcs_windows.bat end

[15-Apr-26 21:12:57.27] start_torcs_windows.bat begin
[15-Apr-26 21:12:57.28] TORCS_EXE=C:\Users\szymo\source\repos\torcs\torcs\wtorcs.exe
[15-Apr-26 21:12:57.29] TORCS_IMAGE=wtorcs.exe
[15-Apr-26 21:12:57.29] VISION_FLAG=novision
ERROR: The process "wtorcs.exe" not found.
[15-Apr-26 21:12:57.39] taskkill wtorcs.exe exit=128
ERROR: The process "torcs.exe" not found.
[15-Apr-26 21:12:57.49] taskkill torcs.exe exit=128
ERROR: The process "wtorcs.exe" not found.
[15-Apr-26 21:12:57.49] taskkill wtorcs.exe exit=128
[15-Apr-26 21:12:58.15] TORCS_DIR=C:\Users\szymo\source\repos\torcs\torcs\
[15-Apr-26 21:12:58.15] launching without vision
[15-Apr-26 21:12:58.16] start command dispatched
[15-Apr-26 21:12:59.16] running autostart C:\Users\szymo\source\repos\torcs\gym_torcs\autostart_windows.bat
[15-Apr-26 21:12:59.16] autostart exit=0

Image Name                     PID Session Name        Session#    Mem Usage
========================= ======== ================ =========== ============
wtorcs.exe                   58932 Console                    1     84,732 K
INFO: No tasks are running which match the specified criteria.
[15-Apr-26 21:13:01.26] start_torcs_windows.bat end

[15-Apr-26 21:13:04.21] start_torcs_windows.bat begin
[15-Apr-26 21:13:04.22] TORCS_EXE=C:\Users\szymo\source\repos\torcs\torcs\wtorcs.exe
[15-Apr-26 21:13:04.22] TORCS_IMAGE=wtorcs.exe
[15-Apr-26 21:13:04.23] VISION_FLAG=novision
SUCCESS: The process with PID 58720 (child process of PID 58932) has been terminated.
SUCCESS: The process with PID 58932 (child process of PID 60032) has been terminated.
[15-Apr-26 21:13:04.33] taskkill wtorcs.exe exit=0
ERROR: The process "torcs.exe" not found.
[15-Apr-26 21:13:04.44] taskkill torcs.exe exit=128
ERROR: The process "wtorcs.exe" not found.
[15-Apr-26 21:13:04.45] taskkill wtorcs.exe exit=128
[15-Apr-26 21:13:05.20] TORCS_DIR=C:\Users\szymo\source\repos\torcs\torcs\
[15-Apr-26 21:13:05.20] launching without vision
[15-Apr-26 21:13:05.21] start command dispatched
[15-Apr-26 21:13:06.21] running autostart C:\Users\szymo\source\repos\torcs\gym_torcs\autostart_windows.bat
[15-Apr-26 21:13:06.21] autostart exit=0

Image Name                     PID Session Name        Session#    Mem Usage
========================= ======== ================ =========== ============
wtorcs.exe                   59680 Console                    1     83,464 K
INFO: No tasks are running which match the specified criteria.
[15-Apr-26 21:13:08.33] start_torcs_windows.bat end

[15-Apr-26 21:13:19.16] start_torcs_windows.bat begin
[15-Apr-26 21:13:19.17] TORCS_EXE=C:\Users\szymo\source\repos\torcs\torcs\wtorcs.exe
[15-Apr-26 21:13:19.17] TORCS_IMAGE=wtorcs.exe
[15-Apr-26 21:13:19.18] VISION_FLAG=novision
SUCCESS: The process with PID 39688 (child process of PID 59680) has been terminated.
SUCCESS: The process with PID 59680 (child process of PID 44808) has been terminated.
[15-Apr-26 21:13:19.28] taskkill wtorcs.exe exit=0
ERROR: The process "torcs.exe" not found.
[15-Apr-26 21:13:19.41] taskkill torcs.exe exit=128
ERROR: The process "wtorcs.exe" not found.
[15-Apr-26 21:13:19.41] taskkill wtorcs.exe exit=128
[15-Apr-26 21:13:20.18] TORCS_DIR=C:\Users\szymo\source\repos\torcs\torcs\
[15-Apr-26 21:13:20.18] launching without vision
[15-Apr-26 21:13:20.19] start command dispatched
[15-Apr-26 21:13:21.18] running autostart C:\Users\szymo\source\repos\torcs\gym_torcs\autostart_windows.bat
[15-Apr-26 21:13:21.18] autostart exit=0

Image Name                     PID Session Name        Session#    Mem Usage
========================= ======== ================ =========== ============
wtorcs.exe                   60200 Console                    1     84,084 K
INFO: No tasks are running which match the specified criteria.
[15-Apr-26 21:13:23.28] start_torcs_windows.bat end

[15-Apr-26 21:13:33.26] start_torcs_windows.bat begin
[15-Apr-26 21:13:33.26] TORCS_EXE=C:\Users\szymo\source\repos\torcs\torcs\wtorcs.exe
[15-Apr-26 21:13:33.27] TORCS_IMAGE=wtorcs.exe
[15-Apr-26 21:13:33.27] VISION_FLAG=novision
SUCCESS: The process with PID 51680 (child process of PID 60200) has been terminated.
SUCCESS: The process with PID 60200 (child process of PID 59912) has been terminated.
[15-Apr-26 21:13:33.38] taskkill wtorcs.exe exit=0
ERROR: The process "torcs.exe" not found.
[15-Apr-26 21:13:33.50] taskkill torcs.exe exit=128
ERROR: The process "wtorcs.exe" not found.
[15-Apr-26 21:13:33.51] taskkill wtorcs.exe exit=128
[15-Apr-26 21:13:34.16] TORCS_DIR=C:\Users\szymo\source\repos\torcs\torcs\
[15-Apr-26 21:13:34.16] launching without vision
[15-Apr-26 21:13:34.17] start command dispatched
[15-Apr-26 21:13:35.16] running autostart C:\Users\szymo\source\repos\torcs\gym_torcs\autostart_windows.bat
[15-Apr-26 21:13:35.16] autostart exit=0

Image Name                     PID Session Name        Session#    Mem Usage
========================= ======== ================ =========== ============
wtorcs.exe                   54464 Console                    1     84,700 K
INFO: No tasks are running which match the specified criteria.
[15-Apr-26 21:13:37.25] start_torcs_windows.bat end

[15-Apr-26 21:13:46.38] start_torcs_windows.bat begin
[15-Apr-26 21:13:46.39] TORCS_EXE=C:\Users\szymo\source\repos\torcs\torcs\wtorcs.exe
[15-Apr-26 21:13:46.39] TORCS_IMAGE=wtorcs.exe
[15-Apr-26 21:13:46.40] VISION_FLAG=novision
SUCCESS: The process with PID 58568 (child process of PID 54464) has been terminated.
SUCCESS: The process with PID 54464 (child process of PID 59932) has been terminated.
[15-Apr-26 21:13:46.51] taskkill wtorcs.exe exit=0
ERROR: The process "torcs.exe" not found.
[15-Apr-26 21:13:46.62] taskkill torcs.exe exit=128
ERROR: The process "wtorcs.exe" not found.
[15-Apr-26 21:13:46.63] taskkill wtorcs.exe exit=128
[15-Apr-26 21:13:47.17] TORCS_DIR=C:\Users\szymo\source\repos\torcs\torcs\
[15-Apr-26 21:13:47.17] launching without vision
[15-Apr-26 21:13:47.18] start command dispatched
[15-Apr-26 21:13:48.17] running autostart C:\Users\szymo\source\repos\torcs\gym_torcs\autostart_windows.bat
[15-Apr-26 21:13:48.17] autostart exit=0

Image Name                     PID Session Name        Session#    Mem Usage
========================= ======== ================ =========== ============
wtorcs.exe                   56216 Console                    1     83,268 K
INFO: No tasks are running which match the specified criteria.
[15-Apr-26 21:13:50.27] start_torcs_windows.bat end

[15-Apr-26 21:13:59.38] start_torcs_windows.bat begin
[15-Apr-26 21:13:59.38] TORCS_EXE=C:\Users\szymo\source\repos\torcs\torcs\wtorcs.exe
[15-Apr-26 21:13:59.39] TORCS_IMAGE=wtorcs.exe
[15-Apr-26 21:13:59.39] VISION_FLAG=novision
SUCCESS: The process with PID 58396 (child process of PID 56216) has been terminated.
SUCCESS: The process with PID 56216 (child process of PID 57664) has been terminated.
[15-Apr-26 21:13:59.50] taskkill wtorcs.exe exit=0
ERROR: The process "torcs.exe" not found.
[15-Apr-26 21:13:59.62] taskkill torcs.exe exit=128
ERROR: The process "wtorcs.exe" not found.
[15-Apr-26 21:13:59.63] taskkill wtorcs.exe exit=128
[15-Apr-26 21:14:00.16] TORCS_DIR=C:\Users\szymo\source\repos\torcs\torcs\
[15-Apr-26 21:14:00.16] launching without vision
[15-Apr-26 21:14:00.17] start command dispatched
[15-Apr-26 21:14:01.17] running autostart C:\Users\szymo\source\repos\torcs\gym_torcs\autostart_windows.bat
[15-Apr-26 21:14:01.17] autostart exit=0

Image Name                     PID Session Name        Session#    Mem Usage
========================= ======== ================ =========== ============
wtorcs.exe                   59900 Console                    1     82,776 K
INFO: No tasks are running which match the specified criteria.
[15-Apr-26 21:14:03.29] start_torcs_windows.bat end

[15-Apr-26 21:14:16.10] start_torcs_windows.bat begin
[15-Apr-26 21:14:16.11] TORCS_EXE=C:\Users\szymo\source\repos\torcs\torcs\wtorcs.exe
[15-Apr-26 21:14:16.12] TORCS_IMAGE=wtorcs.exe
[15-Apr-26 21:14:16.12] VISION_FLAG=novision
SUCCESS: The process with PID 58684 (child process of PID 59900) has been terminated.
SUCCESS: The process with PID 59900 (child process of PID 49672) has been terminated.
[15-Apr-26 21:14:16.23] taskkill wtorcs.exe exit=0
ERROR: The process "torcs.exe" not found.
[15-Apr-26 21:14:16.35] taskkill torcs.exe exit=128
ERROR: The process "wtorcs.exe" not found.
[15-Apr-26 21:14:16.36] taskkill wtorcs.exe exit=128
[15-Apr-26 21:14:17.13] TORCS_DIR=C:\Users\szymo\source\repos\torcs\torcs\
[15-Apr-26 21:14:17.13] launching without vision
[15-Apr-26 21:14:17.13] start command dispatched
[15-Apr-26 21:14:18.13] running autostart C:\Users\szymo\source\repos\torcs\gym_torcs\autostart_windows.bat
[15-Apr-26 21:14:18.13] autostart exit=0

Image Name                     PID Session Name        Session#    Mem Usage
========================= ======== ================ =========== ============
wtorcs.exe                   60244 Console                    1     84,140 K
INFO: No tasks are running which match the specified criteria.
[15-Apr-26 21:14:20.23] start_torcs_windows.bat end

[15-Apr-26 21:14:30.35] start_torcs_windows.bat begin
[15-Apr-26 21:14:30.36] TORCS_EXE=C:\Users\szymo\source\repos\torcs\torcs\wtorcs.exe
[15-Apr-26 21:14:30.36] TORCS_IMAGE=wtorcs.exe
[15-Apr-26 21:14:30.36] VISION_FLAG=novision
SUCCESS: The process with PID 58964 (child process of PID 60244) has been terminated.
SUCCESS: The process with PID 60244 (child process of PID 41356) has been terminated.
[15-Apr-26 21:14:30.47] taskkill wtorcs.exe exit=0
ERROR: The process "torcs.exe" not found.
[15-Apr-26 21:14:30.60] taskkill torcs.exe exit=128
ERROR: The process "wtorcs.exe" not found.
[15-Apr-26 21:14:30.60] taskkill wtorcs.exe exit=128
[15-Apr-26 21:14:31.17] TORCS_DIR=C:\Users\szymo\source\repos\torcs\torcs\
[15-Apr-26 21:14:31.17] launching without vision
[15-Apr-26 21:14:31.18] start command dispatched
[15-Apr-26 21:14:32.17] running autostart C:\Users\szymo\source\repos\torcs\gym_torcs\autostart_windows.bat
[15-Apr-26 21:14:32.17] autostart exit=0

Image Name                     PID Session Name        Session#    Mem Usage
========================= ======== ================ =========== ============
wtorcs.exe                   49272 Console                    1     72,504 K
INFO: No tasks are running which match the specified criteria.
[15-Apr-26 21:14:34.27] start_torcs_windows.bat end

[15-Apr-26 21:15:05.66] start_torcs_windows.bat begin
[15-Apr-26 21:15:05.66] TORCS_EXE=C:\Users\szymo\source\repos\torcs\torcs\wtorcs.exe
[15-Apr-26 21:15:05.67] TORCS_IMAGE=wtorcs.exe
[15-Apr-26 21:15:05.67] VISION_FLAG=novision
ERROR: The process "wtorcs.exe" not found.
[15-Apr-26 21:15:05.78] taskkill wtorcs.exe exit=128
ERROR: The process "torcs.exe" not found.
[15-Apr-26 21:15:05.89] taskkill torcs.exe exit=128
ERROR: The process "wtorcs.exe" not found.
[15-Apr-26 21:15:05.89] taskkill wtorcs.exe exit=128
[15-Apr-26 21:15:07.19] TORCS_DIR=C:\Users\szymo\source\repos\torcs\torcs\
[15-Apr-26 21:15:07.19] launching without vision
[15-Apr-26 21:15:07.20] start command dispatched
[15-Apr-26 21:15:08.20] running autostart C:\Users\szymo\source\repos\torcs\gym_torcs\autostart_windows.bat
[15-Apr-26 21:15:08.20] autostart exit=0

Image Name                     PID Session Name        Session#    Mem Usage
========================= ======== ================ =========== ============
wtorcs.exe                   58308 Console                    1     83,564 K
INFO: No tasks are running which match the specified criteria.
[15-Apr-26 21:15:10.31] start_torcs_windows.bat end

[15-Apr-26 21:15:13.27] start_torcs_windows.bat begin
[15-Apr-26 21:15:13.28] TORCS_EXE=C:\Users\szymo\source\repos\torcs\torcs\wtorcs.exe
[15-Apr-26 21:15:13.28] TORCS_IMAGE=wtorcs.exe
[15-Apr-26 21:15:13.29] VISION_FLAG=novision
SUCCESS: The process with PID 52940 (child process of PID 58308) has been terminated.
SUCCESS: The process with PID 58308 (child process of PID 60384) has been terminated.
[15-Apr-26 21:15:13.39] taskkill wtorcs.exe exit=0
ERROR: The process "torcs.exe" not found.
[15-Apr-26 21:15:13.49] taskkill torcs.exe exit=128
ERROR: The process "wtorcs.exe" not found.
[15-Apr-26 21:15:13.50] taskkill wtorcs.exe exit=128
[15-Apr-26 21:15:14.16] TORCS_DIR=C:\Users\szymo\source\repos\torcs\torcs\
[15-Apr-26 21:15:14.16] launching without vision
[15-Apr-26 21:15:14.17] start command dispatched
[15-Apr-26 21:15:15.15] running autostart C:\Users\szymo\source\repos\torcs\gym_torcs\autostart_windows.bat
[15-Apr-26 21:15:15.15] autostart exit=0

Image Name                     PID Session Name        Session#    Mem Usage
========================= ======== ================ =========== ============
wtorcs.exe                   59160 Console                    1     62,420 K
INFO: No tasks are running which match the specified criteria.
[15-Apr-26 21:15:17.27] start_torcs_windows.bat end

[15-Apr-26 21:15:36.12] start_torcs_windows.bat begin
[15-Apr-26 21:15:36.13] TORCS_EXE=C:\Users\szymo\source\repos\torcs\torcs\wtorcs.exe
[15-Apr-26 21:15:36.13] TORCS_IMAGE=wtorcs.exe
[15-Apr-26 21:15:36.13] VISION_FLAG=novision
SUCCESS: The process with PID 51592 (child process of PID 59160) has been terminated.
SUCCESS: The process with PID 59160 (child process of PID 11124) has been terminated.
[15-Apr-26 21:15:36.25] taskkill wtorcs.exe exit=0
ERROR: The process "torcs.exe" not found.
[15-Apr-26 21:15:36.36] taskkill torcs.exe exit=128
ERROR: The process "wtorcs.exe" not found.
[15-Apr-26 21:15:36.36] taskkill wtorcs.exe exit=128
[15-Apr-26 21:15:37.12] TORCS_DIR=C:\Users\szymo\source\repos\torcs\torcs\
[15-Apr-26 21:15:37.12] launching without vision
[15-Apr-26 21:15:37.13] start command dispatched
[15-Apr-26 21:15:38.12] running autostart C:\Users\szymo\source\repos\torcs\gym_torcs\autostart_windows.bat
[15-Apr-26 21:15:38.12] autostart exit=0

Image Name                     PID Session Name        Session#    Mem Usage
========================= ======== ================ =========== ============
wtorcs.exe                   55032 Console                    1     82,872 K
INFO: No tasks are running which match the specified criteria.
[15-Apr-26 21:15:40.22] start_torcs_windows.bat end

[15-Apr-26 21:15:49.78] start_torcs_windows.bat begin
[15-Apr-26 21:15:49.78] TORCS_EXE=C:\Users\szymo\source\repos\torcs\torcs\wtorcs.exe
[15-Apr-26 21:15:49.79] TORCS_IMAGE=wtorcs.exe
[15-Apr-26 21:15:49.79] VISION_FLAG=novision
SUCCESS: The process with PID 59156 (child process of PID 55032) has been terminated.
SUCCESS: The process with PID 55032 (child process of PID 36944) has been terminated.
[15-Apr-26 21:15:49.91] taskkill wtorcs.exe exit=0
ERROR: The process "torcs.exe" not found.
[15-Apr-26 21:15:50.03] taskkill torcs.exe exit=128
ERROR: The process "wtorcs.exe" not found.
[15-Apr-26 21:15:50.04] taskkill wtorcs.exe exit=128
[15-Apr-26 21:15:51.13] TORCS_DIR=C:\Users\szymo\source\repos\torcs\torcs\
[15-Apr-26 21:15:51.13] launching without vision
[15-Apr-26 21:15:51.14] start command dispatched
[15-Apr-26 21:15:52.13] running autostart C:\Users\szymo\source\repos\torcs\gym_torcs\autostart_windows.bat
[15-Apr-26 21:15:52.13] autostart exit=0

Image Name                     PID Session Name        Session#    Mem Usage
========================= ======== ================ =========== ============
wtorcs.exe                   59536 Console                    1     83,144 K
INFO: No tasks are running which match the specified criteria.
[15-Apr-26 21:15:54.23] start_torcs_windows.bat end

[15-Apr-26 21:16:05.47] start_torcs_windows.bat begin
[15-Apr-26 21:16:05.48] TORCS_EXE=C:\Users\szymo\source\repos\torcs\torcs\wtorcs.exe
[15-Apr-26 21:16:05.48] TORCS_IMAGE=wtorcs.exe
[15-Apr-26 21:16:05.49] VISION_FLAG=novision
SUCCESS: The process with PID 58520 (child process of PID 59536) has been terminated.
SUCCESS: The process with PID 59536 (child process of PID 56432) has been terminated.
[15-Apr-26 21:16:05.60] taskkill wtorcs.exe exit=0
ERROR: The process "torcs.exe" not found.
[15-Apr-26 21:16:05.71] taskkill torcs.exe exit=128
ERROR: The process "wtorcs.exe" not found.
[15-Apr-26 21:16:05.72] taskkill wtorcs.exe exit=128
[15-Apr-26 21:16:06.15] TORCS_DIR=C:\Users\szymo\source\repos\torcs\torcs\
[15-Apr-26 21:16:06.15] launching without vision
[15-Apr-26 21:16:06.16] start command dispatched
[15-Apr-26 21:16:07.15] running autostart C:\Users\szymo\source\repos\torcs\gym_torcs\autostart_windows.bat
[15-Apr-26 21:16:07.15] autostart exit=0

Image Name                     PID Session Name        Session#    Mem Usage
========================= ======== ================ =========== ============
wtorcs.exe                   59100 Console                    1     83,096 K
INFO: No tasks are running which match the specified criteria.
[15-Apr-26 21:16:09.24] start_torcs_windows.bat end

[15-Apr-26 21:16:18.97] start_torcs_windows.bat begin
[15-Apr-26 21:16:18.97] TORCS_EXE=C:\Users\szymo\source\repos\torcs\torcs\wtorcs.exe
[15-Apr-26 21:16:18.98] TORCS_IMAGE=wtorcs.exe
[15-Apr-26 21:16:18.98] VISION_FLAG=novision
SUCCESS: The process with PID 60092 (child process of PID 59100) has been terminated.
SUCCESS: The process with PID 59100 (child process of PID 60344) has been terminated.
[15-Apr-26 21:16:19.09] taskkill wtorcs.exe exit=0
ERROR: The process "torcs.exe" not found.
[15-Apr-26 21:16:19.21] taskkill torcs.exe exit=128
ERROR: The process "wtorcs.exe" not found.
[15-Apr-26 21:16:19.21] taskkill wtorcs.exe exit=128
[15-Apr-26 21:16:20.19] TORCS_DIR=C:\Users\szymo\source\repos\torcs\torcs\
[15-Apr-26 21:16:20.19] launching without vision
[15-Apr-26 21:16:20.20] start command dispatched
[15-Apr-26 21:16:21.20] running autostart C:\Users\szymo\source\repos\torcs\gym_torcs\autostart_windows.bat
[15-Apr-26 21:16:21.20] autostart exit=0

Image Name                     PID Session Name        Session#    Mem Usage
========================= ======== ================ =========== ============
wtorcs.exe                   56356 Console                    1     84,388 K
INFO: No tasks are running which match the specified criteria.
[15-Apr-26 21:16:23.32] start_torcs_windows.bat end

[15-Apr-26 21:16:33.16] start_torcs_windows.bat begin
[15-Apr-26 21:16:33.17] TORCS_EXE=C:\Users\szymo\source\repos\torcs\torcs\wtorcs.exe
[15-Apr-26 21:16:33.17] TORCS_IMAGE=wtorcs.exe
[15-Apr-26 21:16:33.18] VISION_FLAG=novision
SUCCESS: The process with PID 57860 (child process of PID 56356) has been terminated.
SUCCESS: The process with PID 56356 (child process of PID 55828) has been terminated.
[15-Apr-26 21:16:33.29] taskkill wtorcs.exe exit=0
ERROR: The process "torcs.exe" not found.
[15-Apr-26 21:16:33.40] taskkill torcs.exe exit=128
ERROR: The process "wtorcs.exe" not found.
[15-Apr-26 21:16:33.41] taskkill wtorcs.exe exit=128
[15-Apr-26 21:16:34.18] TORCS_DIR=C:\Users\szymo\source\repos\torcs\torcs\
[15-Apr-26 21:16:34.18] launching without vision
[15-Apr-26 21:16:34.19] start command dispatched
[15-Apr-26 21:16:35.18] running autostart C:\Users\szymo\source\repos\torcs\gym_torcs\autostart_windows.bat
[15-Apr-26 21:16:35.18] autostart exit=0

Image Name                     PID Session Name        Session#    Mem Usage
========================= ======== ================ =========== ============
wtorcs.exe                   53856 Console                    1     83,472 K
INFO: No tasks are running which match the specified criteria.
[15-Apr-26 21:16:37.30] start_torcs_windows.bat end

[15-Apr-26 21:16:47.01] start_torcs_windows.bat begin
[15-Apr-26 21:16:47.01] TORCS_EXE=C:\Users\szymo\source\repos\torcs\torcs\wtorcs.exe
[15-Apr-26 21:16:47.02] TORCS_IMAGE=wtorcs.exe
[15-Apr-26 21:16:47.02] VISION_FLAG=novision
SUCCESS: The process with PID 31380 (child process of PID 53856) has been terminated.
SUCCESS: The process with PID 53856 (child process of PID 56108) has been terminated.
[15-Apr-26 21:16:47.13] taskkill wtorcs.exe exit=0
ERROR: The process "torcs.exe" not found.
[15-Apr-26 21:16:47.24] taskkill torcs.exe exit=128
ERROR: The process "wtorcs.exe" not found.
[15-Apr-26 21:16:47.25] taskkill wtorcs.exe exit=128
[15-Apr-26 21:16:48.12] TORCS_DIR=C:\Users\szymo\source\repos\torcs\torcs\
[15-Apr-26 21:16:48.12] launching without vision
[15-Apr-26 21:16:48.13] start command dispatched
[15-Apr-26 21:16:49.12] running autostart C:\Users\szymo\source\repos\torcs\gym_torcs\autostart_windows.bat
[15-Apr-26 21:16:49.12] autostart exit=0
INFO: No tasks are running which match the specified criteria.
INFO: No tasks are running which match the specified criteria.
[15-Apr-26 21:16:51.23] start_torcs_windows.bat end

[15-Apr-26 21:17:14.89] start_torcs_windows.bat begin
[15-Apr-26 21:17:14.90] TORCS_EXE=C:\Users\szymo\source\repos\torcs\torcs\wtorcs.exe
[15-Apr-26 21:17:14.91] TORCS_IMAGE=wtorcs.exe
[15-Apr-26 21:17:14.91] VISION_FLAG=novision
SUCCESS: The process with PID 58784 (child process of PID 60248) has been terminated.
SUCCESS: The process with PID 60248 (child process of PID 13320) has been terminated.
[15-Apr-26 21:17:15.02] taskkill wtorcs.exe exit=0
ERROR: The process "torcs.exe" not found.
[15-Apr-26 21:17:15.14] taskkill torcs.exe exit=128
ERROR: The process "wtorcs.exe" not found.
[15-Apr-26 21:17:15.14] taskkill wtorcs.exe exit=128
[15-Apr-26 21:17:16.12] TORCS_DIR=C:\Users\szymo\source\repos\torcs\torcs\
[15-Apr-26 21:17:16.12] launching without vision
[15-Apr-26 21:17:16.13] start command dispatched
[15-Apr-26 21:17:17.12] running autostart C:\Users\szymo\source\repos\torcs\gym_torcs\autostart_windows.bat
[15-Apr-26 21:17:17.12] autostart exit=0

Image Name                     PID Session Name        Session#    Mem Usage
========================= ======== ================ =========== ============
wtorcs.exe                   54704 Console                    1     85,180 K
INFO: No tasks are running which match the specified criteria.
[15-Apr-26 21:17:19.22] start_torcs_windows.bat end

[15-Apr-26 21:17:28.59] start_torcs_windows.bat begin
[15-Apr-26 21:17:28.59] TORCS_EXE=C:\Users\szymo\source\repos\torcs\torcs\wtorcs.exe
[15-Apr-26 21:17:28.60] TORCS_IMAGE=wtorcs.exe
[15-Apr-26 21:17:28.60] VISION_FLAG=novision
SUCCESS: The process with PID 51716 (child process of PID 54704) has been terminated.
SUCCESS: The process with PID 54704 (child process of PID 59060) has been terminated.
[15-Apr-26 21:17:28.72] taskkill wtorcs.exe exit=0
ERROR: The process "torcs.exe" not found.
[15-Apr-26 21:17:28.83] taskkill torcs.exe exit=128
ERROR: The process "wtorcs.exe" not found.
[15-Apr-26 21:17:28.84] taskkill wtorcs.exe exit=128
[15-Apr-26 21:17:29.16] TORCS_DIR=C:\Users\szymo\source\repos\torcs\torcs\
[15-Apr-26 21:17:29.16] launching without vision
[15-Apr-26 21:17:29.17] start command dispatched
[15-Apr-26 21:17:30.16] running autostart C:\Users\szymo\source\repos\torcs\gym_torcs\autostart_windows.bat
[15-Apr-26 21:17:30.16] autostart exit=0

Image Name                     PID Session Name        Session#    Mem Usage
========================= ======== ================ =========== ============
wtorcs.exe                   60124 Console                    1     83,676 K
INFO: No tasks are running which match the specified criteria.
[15-Apr-26 21:17:32.25] start_torcs_windows.bat end

[15-Apr-26 21:17:45.33] start_torcs_windows.bat begin
[15-Apr-26 21:17:45.34] TORCS_EXE=C:\Users\szymo\source\repos\torcs\torcs\wtorcs.exe
[15-Apr-26 21:17:45.34] TORCS_IMAGE=wtorcs.exe
[15-Apr-26 21:17:45.35] VISION_FLAG=novision
SUCCESS: The process with PID 59224 (child process of PID 60124) has been terminated.
SUCCESS: The process with PID 60124 (child process of PID 60412) has been terminated.
[15-Apr-26 21:17:45.46] taskkill wtorcs.exe exit=0
ERROR: The process "torcs.exe" not found.
[15-Apr-26 21:17:45.58] taskkill torcs.exe exit=128
ERROR: The process "wtorcs.exe" not found.
[15-Apr-26 21:17:45.58] taskkill wtorcs.exe exit=128
[15-Apr-26 21:17:46.12] TORCS_DIR=C:\Users\szymo\source\repos\torcs\torcs\
[15-Apr-26 21:17:46.12] launching without vision
[15-Apr-26 21:17:46.13] start command dispatched
[15-Apr-26 21:17:47.13] running autostart C:\Users\szymo\source\repos\torcs\gym_torcs\autostart_windows.bat
[15-Apr-26 21:17:47.13] autostart exit=0

Image Name                     PID Session Name        Session#    Mem Usage
========================= ======== ================ =========== ============
wtorcs.exe                   60160 Console                    1     84,036 K
INFO: No tasks are running which match the specified criteria.
[15-Apr-26 21:17:49.22] start_torcs_windows.bat end

[15-Apr-26 21:17:58.78] start_torcs_windows.bat begin
[15-Apr-26 21:17:58.79] TORCS_EXE=C:\Users\szymo\source\repos\torcs\torcs\wtorcs.exe
[15-Apr-26 21:17:58.79] TORCS_IMAGE=wtorcs.exe
[15-Apr-26 21:17:58.80] VISION_FLAG=novision
SUCCESS: The process with PID 53820 (child process of PID 60160) has been terminated.
SUCCESS: The process with PID 60160 (child process of PID 59116) has been terminated.
[15-Apr-26 21:17:58.91] taskkill wtorcs.exe exit=0
ERROR: The process "torcs.exe" not found.
[15-Apr-26 21:17:59.03] taskkill torcs.exe exit=128
ERROR: The process "wtorcs.exe" not found.
[15-Apr-26 21:17:59.03] taskkill wtorcs.exe exit=128
[15-Apr-26 21:18:00.12] TORCS_DIR=C:\Users\szymo\source\repos\torcs\torcs\
[15-Apr-26 21:18:00.12] launching without vision
[15-Apr-26 21:18:00.13] start command dispatched
[15-Apr-26 21:18:01.12] running autostart C:\Users\szymo\source\repos\torcs\gym_torcs\autostart_windows.bat
[15-Apr-26 21:18:01.12] autostart exit=0

Image Name                     PID Session Name        Session#    Mem Usage
========================= ======== ================ =========== ============
wtorcs.exe                   53944 Console                    1     84,336 K
INFO: No tasks are running which match the specified criteria.
[15-Apr-26 21:18:03.22] start_torcs_windows.bat end

[15-Apr-26 21:18:12.64] start_torcs_windows.bat begin
[15-Apr-26 21:18:12.65] TORCS_EXE=C:\Users\szymo\source\repos\torcs\torcs\wtorcs.exe
[15-Apr-26 21:18:12.65] TORCS_IMAGE=wtorcs.exe
[15-Apr-26 21:18:12.66] VISION_FLAG=novision
SUCCESS: The process with PID 60392 (child process of PID 53944) has been terminated.
SUCCESS: The process with PID 53944 (child process of PID 59688) has been terminated.
[15-Apr-26 21:18:12.76] taskkill wtorcs.exe exit=0
ERROR: The process "torcs.exe" not found.
[15-Apr-26 21:18:12.89] taskkill torcs.exe exit=128
ERROR: The process "wtorcs.exe" not found.
[15-Apr-26 21:18:12.89] taskkill wtorcs.exe exit=128
[15-Apr-26 21:18:14.19] TORCS_DIR=C:\Users\szymo\source\repos\torcs\torcs\
[15-Apr-26 21:18:14.20] launching without vision
[15-Apr-26 21:18:14.20] start command dispatched
[15-Apr-26 21:18:15.20] running autostart C:\Users\szymo\source\repos\torcs\gym_torcs\autostart_windows.bat
[15-Apr-26 21:18:15.20] autostart exit=0

Image Name                     PID Session Name        Session#    Mem Usage
========================= ======== ================ =========== ============
wtorcs.exe                   45624 Console                    1     85,128 K
INFO: No tasks are running which match the specified criteria.
[15-Apr-26 21:18:17.30] start_torcs_windows.bat end

[15-Apr-26 21:18:26.52] start_torcs_windows.bat begin
[15-Apr-26 21:18:26.52] TORCS_EXE=C:\Users\szymo\source\repos\torcs\torcs\wtorcs.exe
[15-Apr-26 21:18:26.53] TORCS_IMAGE=wtorcs.exe
[15-Apr-26 21:18:26.53] VISION_FLAG=novision
SUCCESS: The process with PID 60196 (child process of PID 45624) has been terminated.
SUCCESS: The process with PID 45624 (child process of PID 60316) has been terminated.
[15-Apr-26 21:18:26.64] taskkill wtorcs.exe exit=0
ERROR: The process "torcs.exe" not found.
[15-Apr-26 21:18:26.76] taskkill torcs.exe exit=128
ERROR: The process "wtorcs.exe" not found.
[15-Apr-26 21:18:26.76] taskkill wtorcs.exe exit=128
[15-Apr-26 21:18:27.21] TORCS_DIR=C:\Users\szymo\source\repos\torcs\torcs\
[15-Apr-26 21:18:27.21] launching without vision
[15-Apr-26 21:18:27.21] start command dispatched
[15-Apr-26 21:18:28.21] running autostart C:\Users\szymo\source\repos\torcs\gym_torcs\autostart_windows.bat
[15-Apr-26 21:18:28.21] autostart exit=0

Image Name                     PID Session Name        Session#    Mem Usage
========================= ======== ================ =========== ============
wtorcs.exe                   59880 Console                    1     83,776 K
INFO: No tasks are running which match the specified criteria.
[15-Apr-26 21:18:30.32] start_torcs_windows.bat end

[15-Apr-26 21:18:42.29] start_torcs_windows.bat begin
[15-Apr-26 21:18:42.30] TORCS_EXE=C:\Users\szymo\source\repos\torcs\torcs\wtorcs.exe
[15-Apr-26 21:18:42.31] TORCS_IMAGE=wtorcs.exe
[15-Apr-26 21:18:42.31] VISION_FLAG=novision
SUCCESS: The process with PID 59200 (child process of PID 59880) has been terminated.
SUCCESS: The process with PID 59880 (child process of PID 45696) has been terminated.
[15-Apr-26 21:18:42.42] taskkill wtorcs.exe exit=0
ERROR: The process "torcs.exe" not found.
[15-Apr-26 21:18:42.53] taskkill torcs.exe exit=128
ERROR: The process "wtorcs.exe" not found.
[15-Apr-26 21:18:42.54] taskkill wtorcs.exe exit=128
[15-Apr-26 21:18:43.19] TORCS_DIR=C:\Users\szymo\source\repos\torcs\torcs\
[15-Apr-26 21:18:43.19] launching without vision
[15-Apr-26 21:18:43.20] start command dispatched
[15-Apr-26 21:18:44.19] running autostart C:\Users\szymo\source\repos\torcs\gym_torcs\autostart_windows.bat
[15-Apr-26 21:18:44.19] autostart exit=0

Image Name                     PID Session Name        Session#    Mem Usage
========================= ======== ================ =========== ============
wtorcs.exe                   34180 Console                    1     82,080 K
INFO: No tasks are running which match the specified criteria.
[15-Apr-26 21:18:46.30] start_torcs_windows.bat end

[15-Apr-26 21:18:58.07] start_torcs_windows.bat begin
[15-Apr-26 21:18:58.08] TORCS_EXE=C:\Users\szymo\source\repos\torcs\torcs\wtorcs.exe
[15-Apr-26 21:18:58.08] TORCS_IMAGE=wtorcs.exe
[15-Apr-26 21:18:58.09] VISION_FLAG=novision
SUCCESS: The process with PID 58480 (child process of PID 34180) has been terminated.
SUCCESS: The process with PID 34180 (child process of PID 55568) has been terminated.
[15-Apr-26 21:18:58.20] taskkill wtorcs.exe exit=0
ERROR: The process "torcs.exe" not found.
[15-Apr-26 21:18:58.31] taskkill torcs.exe exit=128
ERROR: The process "wtorcs.exe" not found.
[15-Apr-26 21:18:58.32] taskkill wtorcs.exe exit=128
[15-Apr-26 21:18:59.20] TORCS_DIR=C:\Users\szymo\source\repos\torcs\torcs\
[15-Apr-26 21:18:59.20] launching without vision
[15-Apr-26 21:18:59.20] start command dispatched
[15-Apr-26 21:19:00.20] running autostart C:\Users\szymo\source\repos\torcs\gym_torcs\autostart_windows.bat
[15-Apr-26 21:19:00.20] autostart exit=0

Image Name                     PID Session Name        Session#    Mem Usage
========================= ======== ================ =========== ============
wtorcs.exe                   57424 Console                    1     84,308 K
INFO: No tasks are running which match the specified criteria.
[15-Apr-26 21:19:02.31] start_torcs_windows.bat end

[15-Apr-26 21:19:12.63] start_torcs_windows.bat begin
[15-Apr-26 21:19:12.64] TORCS_EXE=C:\Users\szymo\source\repos\torcs\torcs\wtorcs.exe
[15-Apr-26 21:19:12.65] TORCS_IMAGE=wtorcs.exe
[15-Apr-26 21:19:12.65] VISION_FLAG=novision
SUCCESS: The process with PID 21068 (child process of PID 57424) has been terminated.
SUCCESS: The process with PID 57424 (child process of PID 53756) has been terminated.
[15-Apr-26 21:19:12.76] taskkill wtorcs.exe exit=0
ERROR: The process "torcs.exe" not found.
[15-Apr-26 21:19:12.88] taskkill torcs.exe exit=128
ERROR: The process "wtorcs.exe" not found.
[15-Apr-26 21:19:12.88] taskkill wtorcs.exe exit=128
[15-Apr-26 21:19:13.20] TORCS_DIR=C:\Users\szymo\source\repos\torcs\torcs\
[15-Apr-26 21:19:13.21] launching without vision
[15-Apr-26 21:19:13.21] start command dispatched
[15-Apr-26 21:19:14.21] running autostart C:\Users\szymo\source\repos\torcs\gym_torcs\autostart_windows.bat
[15-Apr-26 21:19:14.21] autostart exit=0

Image Name                     PID Session Name        Session#    Mem Usage
========================= ======== ================ =========== ============
wtorcs.exe                   54636 Console                    1     84,760 K
INFO: No tasks are running which match the specified criteria.
[15-Apr-26 21:19:16.30] start_torcs_windows.bat end

[15-Apr-26 21:19:35.72] start_torcs_windows.bat begin
[15-Apr-26 21:19:35.72] TORCS_EXE=C:\Users\szymo\source\repos\torcs\torcs\wtorcs.exe
[15-Apr-26 21:19:35.73] TORCS_IMAGE=wtorcs.exe
[15-Apr-26 21:19:35.73] VISION_FLAG=novision
SUCCESS: The process with PID 59508 (child process of PID 54636) has been terminated.
SUCCESS: The process with PID 54636 (child process of PID 60396) has been terminated.
[15-Apr-26 21:19:35.84] taskkill wtorcs.exe exit=0
ERROR: The process "torcs.exe" not found.
[15-Apr-26 21:19:35.97] taskkill torcs.exe exit=128
ERROR: The process "wtorcs.exe" not found.
[15-Apr-26 21:19:35.98] taskkill wtorcs.exe exit=128
[15-Apr-26 21:19:37.18] TORCS_DIR=C:\Users\szymo\source\repos\torcs\torcs\
[15-Apr-26 21:19:37.18] launching without vision
[15-Apr-26 21:19:37.18] start command dispatched
[15-Apr-26 21:19:38.18] running autostart C:\Users\szymo\source\repos\torcs\gym_torcs\autostart_windows.bat
[15-Apr-26 21:19:38.18] autostart exit=0

Image Name                     PID Session Name        Session#    Mem Usage
========================= ======== ================ =========== ============
wtorcs.exe                   49852 Console                    1     84,544 K
INFO: No tasks are running which match the specified criteria.
[15-Apr-26 21:19:40.28] start_torcs_windows.bat end

[15-Apr-26 21:19:50.10] start_torcs_windows.bat begin
[15-Apr-26 21:19:50.10] TORCS_EXE=C:\Users\szymo\source\repos\torcs\torcs\wtorcs.exe
[15-Apr-26 21:19:50.11] TORCS_IMAGE=wtorcs.exe
[15-Apr-26 21:19:50.11] VISION_FLAG=novision
SUCCESS: The process with PID 55976 (child process of PID 49852) has been terminated.
SUCCESS: The process with PID 49852 (child process of PID 49668) has been terminated.
[15-Apr-26 21:19:50.22] taskkill wtorcs.exe exit=0
ERROR: The process "torcs.exe" not found.
[15-Apr-26 21:19:50.34] taskkill torcs.exe exit=128
ERROR: The process "wtorcs.exe" not found.
[15-Apr-26 21:19:50.35] taskkill wtorcs.exe exit=128
[15-Apr-26 21:19:51.21] TORCS_DIR=C:\Users\szymo\source\repos\torcs\torcs\
[15-Apr-26 21:19:51.21] launching without vision
[15-Apr-26 21:19:51.22] start command dispatched
[15-Apr-26 21:19:52.11] running autostart C:\Users\szymo\source\repos\torcs\gym_torcs\autostart_windows.bat
[15-Apr-26 21:19:52.11] autostart exit=0

Image Name                     PID Session Name        Session#    Mem Usage
========================= ======== ================ =========== ============
wtorcs.exe                    6972 Console                    1     83,568 K
INFO: No tasks are running which match the specified criteria.
[15-Apr-26 21:19:54.21] start_torcs_windows.bat end

[15-Apr-26 21:20:05.54] start_torcs_windows.bat begin
[15-Apr-26 21:20:05.55] TORCS_EXE=C:\Users\szymo\source\repos\torcs\torcs\wtorcs.exe
[15-Apr-26 21:20:05.55] TORCS_IMAGE=wtorcs.exe
[15-Apr-26 21:20:05.56] VISION_FLAG=novision
SUCCESS: The process with PID 58320 (child process of PID 6972) has been terminated.
SUCCESS: The process with PID 6972 (child process of PID 58064) has been terminated.
[15-Apr-26 21:20:05.66] taskkill wtorcs.exe exit=0
ERROR: The process "torcs.exe" not found.
[15-Apr-26 21:20:05.78] taskkill torcs.exe exit=128
ERROR: The process "wtorcs.exe" not found.
[15-Apr-26 21:20:05.78] taskkill wtorcs.exe exit=128
[15-Apr-26 21:20:06.11] TORCS_DIR=C:\Users\szymo\source\repos\torcs\torcs\
[15-Apr-26 21:20:06.11] launching without vision
[15-Apr-26 21:20:06.11] start command dispatched
[15-Apr-26 21:20:07.11] running autostart C:\Users\szymo\source\repos\torcs\gym_torcs\autostart_windows.bat
[15-Apr-26 21:20:07.11] autostart exit=0

Image Name                     PID Session Name        Session#    Mem Usage
========================= ======== ================ =========== ============
wtorcs.exe                   59672 Console                    1     83,424 K
INFO: No tasks are running which match the specified criteria.
[15-Apr-26 21:20:09.21] start_torcs_windows.bat end

[15-Apr-26 21:20:19.22] start_torcs_windows.bat begin
[15-Apr-26 21:20:19.23] TORCS_EXE=C:\Users\szymo\source\repos\torcs\torcs\wtorcs.exe
[15-Apr-26 21:20:19.23] TORCS_IMAGE=wtorcs.exe
[15-Apr-26 21:20:19.23] VISION_FLAG=novision
SUCCESS: The process with PID 58484 (child process of PID 59672) has been terminated.
SUCCESS: The process with PID 59672 (child process of PID 58556) has been terminated.
[15-Apr-26 21:20:19.34] taskkill wtorcs.exe exit=0
ERROR: The process "torcs.exe" not found.
[15-Apr-26 21:20:19.46] taskkill torcs.exe exit=128
ERROR: The process "wtorcs.exe" not found.
[15-Apr-26 21:20:19.46] taskkill wtorcs.exe exit=128
[15-Apr-26 21:20:20.12] TORCS_DIR=C:\Users\szymo\source\repos\torcs\torcs\
[15-Apr-26 21:20:20.12] launching without vision
[15-Apr-26 21:20:20.13] start command dispatched
[15-Apr-26 21:20:21.13] running autostart C:\Users\szymo\source\repos\torcs\gym_torcs\autostart_windows.bat
[15-Apr-26 21:20:21.13] autostart exit=0

Image Name                     PID Session Name        Session#    Mem Usage
========================= ======== ================ =========== ============
wtorcs.exe                   55760 Console                    1     84,516 K
INFO: No tasks are running which match the specified criteria.
[15-Apr-26 21:20:23.23] start_torcs_windows.bat end

[15-Apr-26 21:20:32.75] start_torcs_windows.bat begin
[15-Apr-26 21:20:32.75] TORCS_EXE=C:\Users\szymo\source\repos\torcs\torcs\wtorcs.exe
[15-Apr-26 21:20:32.76] TORCS_IMAGE=wtorcs.exe
[15-Apr-26 21:20:32.76] VISION_FLAG=novision
SUCCESS: The process with PID 58808 (child process of PID 55760) has been terminated.
SUCCESS: The process with PID 55760 (child process of PID 56500) has been terminated.
[15-Apr-26 21:20:32.87] taskkill wtorcs.exe exit=0
ERROR: The process "torcs.exe" not found.
[15-Apr-26 21:20:32.98] taskkill torcs.exe exit=128
ERROR: The process "wtorcs.exe" not found.
[15-Apr-26 21:20:32.99] taskkill wtorcs.exe exit=128
[15-Apr-26 21:20:34.20] TORCS_DIR=C:\Users\szymo\source\repos\torcs\torcs\
[15-Apr-26 21:20:34.20] launching without vision
[15-Apr-26 21:20:34.20] start command dispatched
[15-Apr-26 21:20:35.20] running autostart C:\Users\szymo\source\repos\torcs\gym_torcs\autostart_windows.bat
[15-Apr-26 21:20:35.20] autostart exit=0

Image Name                     PID Session Name        Session#    Mem Usage
========================= ======== ================ =========== ============
wtorcs.exe                   61340 Console                    1     85,376 K
INFO: No tasks are running which match the specified criteria.
[15-Apr-26 21:20:37.31] start_torcs_windows.bat end

[15-Apr-26 21:20:46.89] start_torcs_windows.bat begin
[15-Apr-26 21:20:46.90] TORCS_EXE=C:\Users\szymo\source\repos\torcs\torcs\wtorcs.exe
[15-Apr-26 21:20:46.90] TORCS_IMAGE=wtorcs.exe
[15-Apr-26 21:20:46.91] VISION_FLAG=novision
SUCCESS: The process with PID 61348 (child process of PID 61340) has been terminated.
SUCCESS: The process with PID 61340 (child process of PID 61108) has been terminated.
[15-Apr-26 21:20:47.02] taskkill wtorcs.exe exit=0
ERROR: The process "torcs.exe" not found.
[15-Apr-26 21:20:47.13] taskkill torcs.exe exit=128
ERROR: The process "wtorcs.exe" not found.
[15-Apr-26 21:20:47.13] taskkill wtorcs.exe exit=128
[15-Apr-26 21:20:48.11] TORCS_DIR=C:\Users\szymo\source\repos\torcs\torcs\
[15-Apr-26 21:20:48.11] launching without vision
[15-Apr-26 21:20:48.12] start command dispatched
[15-Apr-26 21:20:49.11] running autostart C:\Users\szymo\source\repos\torcs\gym_torcs\autostart_windows.bat
[15-Apr-26 21:20:49.11] autostart exit=0

Image Name                     PID Session Name        Session#    Mem Usage
========================= ======== ================ =========== ============
wtorcs.exe                   61180 Console                    1     82,556 K
INFO: No tasks are running which match the specified criteria.
[15-Apr-26 21:20:51.22] start_torcs_windows.bat end

[15-Apr-26 21:21:01.56] start_torcs_windows.bat begin
[15-Apr-26 21:21:01.56] TORCS_EXE=C:\Users\szymo\source\repos\torcs\torcs\wtorcs.exe
[15-Apr-26 21:21:01.57] TORCS_IMAGE=wtorcs.exe
[15-Apr-26 21:21:01.57] VISION_FLAG=novision
SUCCESS: The process with PID 61200 (child process of PID 61180) has been terminated.
SUCCESS: The process with PID 61180 (child process of PID 31644) has been terminated.
[15-Apr-26 21:21:01.68] taskkill wtorcs.exe exit=0
ERROR: The process "torcs.exe" not found.
[15-Apr-26 21:21:01.80] taskkill torcs.exe exit=128
ERROR: The process "wtorcs.exe" not found.
[15-Apr-26 21:21:01.80] taskkill wtorcs.exe exit=128
[15-Apr-26 21:21:02.13] TORCS_DIR=C:\Users\szymo\source\repos\torcs\torcs\
[15-Apr-26 21:21:02.13] launching without vision
[15-Apr-26 21:21:02.13] start command dispatched
[15-Apr-26 21:21:03.13] running autostart C:\Users\szymo\source\repos\torcs\gym_torcs\autostart_windows.bat
[15-Apr-26 21:21:03.13] autostart exit=0

Image Name                     PID Session Name        Session#    Mem Usage
========================= ======== ================ =========== ============
wtorcs.exe                   55216 Console                    1     83,464 K
INFO: No tasks are running which match the specified criteria.
[15-Apr-26 21:21:05.24] start_torcs_windows.bat end

[15-Apr-26 21:21:15.51] start_torcs_windows.bat begin
[15-Apr-26 21:21:15.52] TORCS_EXE=C:\Users\szymo\source\repos\torcs\torcs\wtorcs.exe
[15-Apr-26 21:21:15.52] TORCS_IMAGE=wtorcs.exe
[15-Apr-26 21:21:15.53] VISION_FLAG=novision
SUCCESS: The process with PID 60612 (child process of PID 55216) has been terminated.
SUCCESS: The process with PID 55216 (child process of PID 60328) has been terminated.
[15-Apr-26 21:21:15.64] taskkill wtorcs.exe exit=0
ERROR: The process "torcs.exe" not found.
[15-Apr-26 21:21:15.77] taskkill torcs.exe exit=128
ERROR: The process "wtorcs.exe" not found.
[15-Apr-26 21:21:15.77] taskkill wtorcs.exe exit=128
[15-Apr-26 21:21:16.12] TORCS_DIR=C:\Users\szymo\source\repos\torcs\torcs\
[15-Apr-26 21:21:16.12] launching without vision
[15-Apr-26 21:21:16.13] start command dispatched
[15-Apr-26 21:21:17.12] running autostart C:\Users\szymo\source\repos\torcs\gym_torcs\autostart_windows.bat
[15-Apr-26 21:21:17.12] autostart exit=0

Image Name                     PID Session Name        Session#    Mem Usage
========================= ======== ================ =========== ============
wtorcs.exe                   61324 Console                    1     84,236 K
INFO: No tasks are running which match the specified criteria.
[15-Apr-26 21:21:19.22] start_torcs_windows.bat end

[15-Apr-26 21:21:28.39] start_torcs_windows.bat begin
[15-Apr-26 21:21:28.40] TORCS_EXE=C:\Users\szymo\source\repos\torcs\torcs\wtorcs.exe
[15-Apr-26 21:21:28.40] TORCS_IMAGE=wtorcs.exe
[15-Apr-26 21:21:28.40] VISION_FLAG=novision
SUCCESS: The process with PID 59804 (child process of PID 61324) has been terminated.
SUCCESS: The process with PID 61324 (child process of PID 59820) has been terminated.
[15-Apr-26 21:21:28.52] taskkill wtorcs.exe exit=0
ERROR: The process "torcs.exe" not found.
[15-Apr-26 21:21:28.64] taskkill torcs.exe exit=128
ERROR: The process "wtorcs.exe" not found.
[15-Apr-26 21:21:28.65] taskkill wtorcs.exe exit=128
[15-Apr-26 21:21:29.19] TORCS_DIR=C:\Users\szymo\source\repos\torcs\torcs\
[15-Apr-26 21:21:29.19] launching without vision
[15-Apr-26 21:21:29.20] start command dispatched
[15-Apr-26 21:21:30.18] running autostart C:\Users\szymo\source\repos\torcs\gym_torcs\autostart_windows.bat
[15-Apr-26 21:21:30.18] autostart exit=0

Image Name                     PID Session Name        Session#    Mem Usage
========================= ======== ================ =========== ============
wtorcs.exe                   60576 Console                    1     83,292 K
INFO: No tasks are running which match the specified criteria.
[15-Apr-26 21:21:32.29] start_torcs_windows.bat end

[15-Apr-26 21:21:41.50] start_torcs_windows.bat begin
[15-Apr-26 21:21:41.51] TORCS_EXE=C:\Users\szymo\source\repos\torcs\torcs\wtorcs.exe
[15-Apr-26 21:21:41.51] TORCS_IMAGE=wtorcs.exe
[15-Apr-26 21:21:41.52] VISION_FLAG=novision
SUCCESS: The process with PID 61032 (child process of PID 60576) has been terminated.
SUCCESS: The process with PID 60576 (child process of PID 60780) has been terminated.
[15-Apr-26 21:21:41.63] taskkill wtorcs.exe exit=0
ERROR: The process "torcs.exe" not found.
[15-Apr-26 21:21:41.74] taskkill torcs.exe exit=128
ERROR: The process "wtorcs.exe" not found.
[15-Apr-26 21:21:41.74] taskkill wtorcs.exe exit=128
[15-Apr-26 21:21:42.19] TORCS_DIR=C:\Users\szymo\source\repos\torcs\torcs\
[15-Apr-26 21:21:42.19] launching without vision
[15-Apr-26 21:21:42.20] start command dispatched
[15-Apr-26 21:21:43.19] running autostart C:\Users\szymo\source\repos\torcs\gym_torcs\autostart_windows.bat
[15-Apr-26 21:21:43.19] autostart exit=0

Image Name                     PID Session Name        Session#    Mem Usage
========================= ======== ================ =========== ============
wtorcs.exe                   60916 Console                    1     83,076 K
INFO: No tasks are running which match the specified criteria.
[15-Apr-26 21:21:45.32] start_torcs_windows.bat end

[15-Apr-26 21:22:01.00] start_torcs_windows.bat begin
[15-Apr-26 21:22:01.00] TORCS_EXE=C:\Users\szymo\source\repos\torcs\torcs\wtorcs.exe
[15-Apr-26 21:22:01.01] TORCS_IMAGE=wtorcs.exe
[15-Apr-26 21:22:01.02] VISION_FLAG=novision
SUCCESS: The process with PID 61000 (child process of PID 60916) has been terminated.
SUCCESS: The process with PID 60916 (child process of PID 60560) has been terminated.
[15-Apr-26 21:22:01.13] taskkill wtorcs.exe exit=0
ERROR: The process "torcs.exe" not found.
[15-Apr-26 21:22:01.25] taskkill torcs.exe exit=128
ERROR: The process "wtorcs.exe" not found.
[15-Apr-26 21:22:01.25] taskkill wtorcs.exe exit=128
[15-Apr-26 21:22:02.13] TORCS_DIR=C:\Users\szymo\source\repos\torcs\torcs\
[15-Apr-26 21:22:02.13] launching without vision
[15-Apr-26 21:22:02.14] start command dispatched
[15-Apr-26 21:22:03.14] running autostart C:\Users\szymo\source\repos\torcs\gym_torcs\autostart_windows.bat
[15-Apr-26 21:22:03.14] autostart exit=0

Image Name                     PID Session Name        Session#    Mem Usage
========================= ======== ================ =========== ============
wtorcs.exe                   45348 Console                    1     84,732 K
INFO: No tasks are running which match the specified criteria.
[15-Apr-26 21:22:05.24] start_torcs_windows.bat end

[15-Apr-26 21:22:19.76] start_torcs_windows.bat begin
[15-Apr-26 21:22:19.77] TORCS_EXE=C:\Users\szymo\source\repos\torcs\torcs\wtorcs.exe
[15-Apr-26 21:22:19.77] TORCS_IMAGE=wtorcs.exe
[15-Apr-26 21:22:19.78] VISION_FLAG=novision
SUCCESS: The process with PID 59000 (child process of PID 45348) has been terminated.
SUCCESS: The process with PID 45348 (child process of PID 61260) has been terminated.
[15-Apr-26 21:22:19.89] taskkill wtorcs.exe exit=0
ERROR: The process "torcs.exe" not found.
[15-Apr-26 21:22:20.01] taskkill torcs.exe exit=128
ERROR: The process "wtorcs.exe" not found.
[15-Apr-26 21:22:20.02] taskkill wtorcs.exe exit=128
[15-Apr-26 21:22:21.11] TORCS_DIR=C:\Users\szymo\source\repos\torcs\torcs\
[15-Apr-26 21:22:21.11] launching without vision
[15-Apr-26 21:22:21.12] start command dispatched
[15-Apr-26 21:22:22.11] running autostart C:\Users\szymo\source\repos\torcs\gym_torcs\autostart_windows.bat
[15-Apr-26 21:22:22.11] autostart exit=0

Image Name                     PID Session Name        Session#    Mem Usage
========================= ======== ================ =========== ============
wtorcs.exe                   58464 Console                    1     83,864 K
INFO: No tasks are running which match the specified criteria.
[15-Apr-26 21:22:24.24] start_torcs_windows.bat end

[15-Apr-26 21:22:40.57] start_torcs_windows.bat begin
[15-Apr-26 21:22:40.58] TORCS_EXE=C:\Users\szymo\source\repos\torcs\torcs\wtorcs.exe
[15-Apr-26 21:22:40.58] TORCS_IMAGE=wtorcs.exe
[15-Apr-26 21:22:40.59] VISION_FLAG=novision
ERROR: The process "wtorcs.exe" not found.
[15-Apr-26 21:22:40.68] taskkill wtorcs.exe exit=128
ERROR: The process "torcs.exe" not found.
[15-Apr-26 21:22:40.79] taskkill torcs.exe exit=128
ERROR: The process "wtorcs.exe" not found.
[15-Apr-26 21:22:40.79] taskkill wtorcs.exe exit=128
[15-Apr-26 21:22:41.11] TORCS_DIR=C:\Users\szymo\source\repos\torcs\torcs\
[15-Apr-26 21:22:41.11] launching without vision
[15-Apr-26 21:22:41.12] start command dispatched
[15-Apr-26 21:22:42.11] running autostart C:\Users\szymo\source\repos\torcs\gym_torcs\autostart_windows.bat
[15-Apr-26 21:22:42.11] autostart exit=0

Image Name                     PID Session Name        Session#    Mem Usage
========================= ======== ================ =========== ============
wtorcs.exe                   49580 Console                    1     83,568 K
INFO: No tasks are running which match the specified criteria.
[15-Apr-26 21:22:44.21] start_torcs_windows.bat end

[15-Apr-26 21:22:47.20] start_torcs_windows.bat begin
[15-Apr-26 21:22:47.21] TORCS_EXE=C:\Users\szymo\source\repos\torcs\torcs\wtorcs.exe
[15-Apr-26 21:22:47.21] TORCS_IMAGE=wtorcs.exe
[15-Apr-26 21:22:47.22] VISION_FLAG=novision
SUCCESS: The process with PID 59296 (child process of PID 49580) has been terminated.
SUCCESS: The process with PID 49580 (child process of PID 54564) has been terminated.
[15-Apr-26 21:22:47.32] taskkill wtorcs.exe exit=0
ERROR: The process "torcs.exe" not found.
[15-Apr-26 21:22:47.44] taskkill torcs.exe exit=128
ERROR: The process "wtorcs.exe" not found.
[15-Apr-26 21:22:47.44] taskkill wtorcs.exe exit=128
[15-Apr-26 21:22:48.20] TORCS_DIR=C:\Users\szymo\source\repos\torcs\torcs\
[15-Apr-26 21:22:48.20] launching without vision
[15-Apr-26 21:22:48.21] start command dispatched
[15-Apr-26 21:22:49.20] running autostart C:\Users\szymo\source\repos\torcs\gym_torcs\autostart_windows.bat
[15-Apr-26 21:22:49.20] autostart exit=0

Image Name                     PID Session Name        Session#    Mem Usage
========================= ======== ================ =========== ============
wtorcs.exe                   49612 Console                    1     83,608 K
INFO: No tasks are running which match the specified criteria.
[15-Apr-26 21:22:51.30] start_torcs_windows.bat end

[15-Apr-26 21:23:00.54] start_torcs_windows.bat begin
[15-Apr-26 21:23:00.55] TORCS_EXE=C:\Users\szymo\source\repos\torcs\torcs\wtorcs.exe
[15-Apr-26 21:23:00.56] TORCS_IMAGE=wtorcs.exe
[15-Apr-26 21:23:00.56] VISION_FLAG=novision
SUCCESS: The process with PID 55000 (child process of PID 49612) has been terminated.
SUCCESS: The process with PID 49612 (child process of PID 58512) has been terminated.
[15-Apr-26 21:23:00.67] taskkill wtorcs.exe exit=0
ERROR: The process "torcs.exe" not found.
[15-Apr-26 21:23:00.78] taskkill torcs.exe exit=128
ERROR: The process "wtorcs.exe" not found.
[15-Apr-26 21:23:00.79] taskkill wtorcs.exe exit=128
[15-Apr-26 21:23:01.12] TORCS_DIR=C:\Users\szymo\source\repos\torcs\torcs\
[15-Apr-26 21:23:01.12] launching without vision
[15-Apr-26 21:23:01.13] start command dispatched
[15-Apr-26 21:23:02.12] running autostart C:\Users\szymo\source\repos\torcs\gym_torcs\autostart_windows.bat
[15-Apr-26 21:23:02.12] autostart exit=0

Image Name                     PID Session Name        Session#    Mem Usage
========================= ======== ================ =========== ============
wtorcs.exe                   60668 Console                    1     83,280 K
INFO: No tasks are running which match the specified criteria.
[15-Apr-26 21:23:04.23] start_torcs_windows.bat end

[15-Apr-26 21:23:17.94] start_torcs_windows.bat begin
[15-Apr-26 21:23:17.95] TORCS_EXE=C:\Users\szymo\source\repos\torcs\torcs\wtorcs.exe
[15-Apr-26 21:23:17.95] TORCS_IMAGE=wtorcs.exe
[15-Apr-26 21:23:17.96] VISION_FLAG=novision
SUCCESS: The process with PID 31796 (child process of PID 60668) has been terminated.
SUCCESS: The process with PID 60668 (child process of PID 60528) has been terminated.
[15-Apr-26 21:23:18.06] taskkill wtorcs.exe exit=0
ERROR: The process "torcs.exe" not found.
[15-Apr-26 21:23:18.18] taskkill torcs.exe exit=128
ERROR: The process "wtorcs.exe" not found.
[15-Apr-26 21:23:18.18] taskkill wtorcs.exe exit=128
[15-Apr-26 21:23:19.16] TORCS_DIR=C:\Users\szymo\source\repos\torcs\torcs\
[15-Apr-26 21:23:19.16] launching without vision
[15-Apr-26 21:23:19.17] start command dispatched
[15-Apr-26 21:23:20.17] running autostart C:\Users\szymo\source\repos\torcs\gym_torcs\autostart_windows.bat
[15-Apr-26 21:23:20.17] autostart exit=0

Image Name                     PID Session Name        Session#    Mem Usage
========================= ======== ================ =========== ============
wtorcs.exe                   60620 Console                    1     82,584 K
INFO: No tasks are running which match the specified criteria.
[15-Apr-26 21:23:22.26] start_torcs_windows.bat end

[15-Apr-26 21:23:45.00] start_torcs_windows.bat begin
[15-Apr-26 21:23:45.00] TORCS_EXE=C:\Users\szymo\source\repos\torcs\torcs\wtorcs.exe
[15-Apr-26 21:23:45.01] TORCS_IMAGE=wtorcs.exe
[15-Apr-26 21:23:45.01] VISION_FLAG=novision
SUCCESS: The process with PID 53748 (child process of PID 60620) has been terminated.
SUCCESS: The process with PID 60620 (child process of PID 61008) has been terminated.
[15-Apr-26 21:23:45.12] taskkill wtorcs.exe exit=0
ERROR: The process "torcs.exe" not found.
[15-Apr-26 21:23:45.24] taskkill torcs.exe exit=128
ERROR: The process "wtorcs.exe" not found.
[15-Apr-26 21:23:45.24] taskkill wtorcs.exe exit=128
[15-Apr-26 21:23:46.12] TORCS_DIR=C:\Users\szymo\source\repos\torcs\torcs\
[15-Apr-26 21:23:46.12] launching without vision
[15-Apr-26 21:23:46.12] start command dispatched
[15-Apr-26 21:23:47.12] running autostart C:\Users\szymo\source\repos\torcs\gym_torcs\autostart_windows.bat
[15-Apr-26 21:23:47.12] autostart exit=0

Image Name                     PID Session Name        Session#    Mem Usage
========================= ======== ================ =========== ============
wtorcs.exe                   59004 Console                    1     82,568 K
INFO: No tasks are running which match the specified criteria.
[15-Apr-26 21:23:49.23] start_torcs_windows.bat end

[15-Apr-26 21:24:00.11] start_torcs_windows.bat begin
[15-Apr-26 21:24:00.11] TORCS_EXE=C:\Users\szymo\source\repos\torcs\torcs\wtorcs.exe
[15-Apr-26 21:24:00.12] TORCS_IMAGE=wtorcs.exe
[15-Apr-26 21:24:00.12] VISION_FLAG=novision
SUCCESS: The process with PID 50596 (child process of PID 59004) has been terminated.
SUCCESS: The process with PID 59004 (child process of PID 59532) has been terminated.
[15-Apr-26 21:24:00.23] taskkill wtorcs.exe exit=0
ERROR: The process "torcs.exe" not found.
[15-Apr-26 21:24:00.35] taskkill torcs.exe exit=128
ERROR: The process "wtorcs.exe" not found.
[15-Apr-26 21:24:00.35] taskkill wtorcs.exe exit=128
[15-Apr-26 21:24:01.11] TORCS_DIR=C:\Users\szymo\source\repos\torcs\torcs\
[15-Apr-26 21:24:01.11] launching without vision
[15-Apr-26 21:24:01.12] start command dispatched
[15-Apr-26 21:24:02.12] running autostart C:\Users\szymo\source\repos\torcs\gym_torcs\autostart_windows.bat
[15-Apr-26 21:24:02.12] autostart exit=0

Image Name                     PID Session Name        Session#    Mem Usage
========================= ======== ================ =========== ============
wtorcs.exe                   50444 Console                    1     84,236 K
INFO: No tasks are running which match the specified criteria.
[15-Apr-26 21:24:04.22] start_torcs_windows.bat end

[15-Apr-26 21:24:15.04] start_torcs_windows.bat begin
[15-Apr-26 21:24:15.04] TORCS_EXE=C:\Users\szymo\source\repos\torcs\torcs\wtorcs.exe
[15-Apr-26 21:24:15.05] TORCS_IMAGE=wtorcs.exe
[15-Apr-26 21:24:15.05] VISION_FLAG=novision
SUCCESS: The process with PID 44992 (child process of PID 50444) has been terminated.
SUCCESS: The process with PID 50444 (child process of PID 61172) has been terminated.
[15-Apr-26 21:24:15.16] taskkill wtorcs.exe exit=0
ERROR: The process "torcs.exe" not found.
[15-Apr-26 21:24:15.28] taskkill torcs.exe exit=128
ERROR: The process "wtorcs.exe" not found.
[15-Apr-26 21:24:15.28] taskkill wtorcs.exe exit=128
[15-Apr-26 21:24:16.14] TORCS_DIR=C:\Users\szymo\source\repos\torcs\torcs\
[15-Apr-26 21:24:16.14] launching without vision
[15-Apr-26 21:24:16.15] start command dispatched
[15-Apr-26 21:24:17.13] running autostart C:\Users\szymo\source\repos\torcs\gym_torcs\autostart_windows.bat
[15-Apr-26 21:24:17.13] autostart exit=0

Image Name                     PID Session Name        Session#    Mem Usage
========================= ======== ================ =========== ============
wtorcs.exe                   60440 Console                    1     83,160 K
INFO: No tasks are running which match the specified criteria.
[15-Apr-26 21:24:19.25] start_torcs_windows.bat end

[15-Apr-26 21:24:29.15] start_torcs_windows.bat begin
[15-Apr-26 21:24:29.15] TORCS_EXE=C:\Users\szymo\source\repos\torcs\torcs\wtorcs.exe
[15-Apr-26 21:24:29.16] TORCS_IMAGE=wtorcs.exe
[15-Apr-26 21:24:29.16] VISION_FLAG=novision
SUCCESS: The process with PID 60080 (child process of PID 60440) has been terminated.
SUCCESS: The process with PID 60440 (child process of PID 60004) has been terminated.
[15-Apr-26 21:24:29.27] taskkill wtorcs.exe exit=0
ERROR: The process "torcs.exe" not found.
[15-Apr-26 21:24:29.37] taskkill torcs.exe exit=128
ERROR: The process "wtorcs.exe" not found.
[15-Apr-26 21:24:29.38] taskkill wtorcs.exe exit=128
[15-Apr-26 21:24:30.15] TORCS_DIR=C:\Users\szymo\source\repos\torcs\torcs\
[15-Apr-26 21:24:30.15] launching without vision
[15-Apr-26 21:24:30.16] start command dispatched
[15-Apr-26 21:24:31.16] running autostart C:\Users\szymo\source\repos\torcs\gym_torcs\autostart_windows.bat
[15-Apr-26 21:24:31.16] autostart exit=0

Image Name                     PID Session Name        Session#    Mem Usage
========================= ======== ================ =========== ============
wtorcs.exe                   60492 Console                    1     84,964 K
INFO: No tasks are running which match the specified criteria.
[15-Apr-26 21:24:33.26] start_torcs_windows.bat end

[15-Apr-26 21:24:43.31] start_torcs_windows.bat begin
[15-Apr-26 21:24:43.32] TORCS_EXE=C:\Users\szymo\source\repos\torcs\torcs\wtorcs.exe
[15-Apr-26 21:24:43.32] TORCS_IMAGE=wtorcs.exe
[15-Apr-26 21:24:43.33] VISION_FLAG=novision
SUCCESS: The process with PID 60340 (child process of PID 60492) has been terminated.
SUCCESS: The process with PID 60492 (child process of PID 58436) has been terminated.
[15-Apr-26 21:24:43.43] taskkill wtorcs.exe exit=0
ERROR: The process "torcs.exe" not found.
[15-Apr-26 21:24:43.54] taskkill torcs.exe exit=128
ERROR: The process "wtorcs.exe" not found.
[15-Apr-26 21:24:43.54] taskkill wtorcs.exe exit=128
[15-Apr-26 21:24:44.19] TORCS_DIR=C:\Users\szymo\source\repos\torcs\torcs\
[15-Apr-26 21:24:44.19] launching without vision
[15-Apr-26 21:24:44.20] start command dispatched
[15-Apr-26 21:24:45.18] running autostart C:\Users\szymo\source\repos\torcs\gym_torcs\autostart_windows.bat
[15-Apr-26 21:24:45.18] autostart exit=0

Image Name                     PID Session Name        Session#    Mem Usage
========================= ======== ================ =========== ============
wtorcs.exe                   60808 Console                    1     86,728 K
INFO: No tasks are running which match the specified criteria.
[15-Apr-26 21:24:47.29] start_torcs_windows.bat end

[15-Apr-26 21:24:58.30] start_torcs_windows.bat begin
[15-Apr-26 21:24:58.31] TORCS_EXE=C:\Users\szymo\source\repos\torcs\torcs\wtorcs.exe
[15-Apr-26 21:24:58.31] TORCS_IMAGE=wtorcs.exe
[15-Apr-26 21:24:58.32] VISION_FLAG=novision
SUCCESS: The process with PID 57708 (child process of PID 60808) has been terminated.
SUCCESS: The process with PID 60808 (child process of PID 56204) has been terminated.
[15-Apr-26 21:24:58.43] taskkill wtorcs.exe exit=0
ERROR: The process "torcs.exe" not found.
[15-Apr-26 21:24:58.54] taskkill torcs.exe exit=128
ERROR: The process "wtorcs.exe" not found.
[15-Apr-26 21:24:58.55] taskkill wtorcs.exe exit=128
[15-Apr-26 21:24:59.20] TORCS_DIR=C:\Users\szymo\source\repos\torcs\torcs\
[15-Apr-26 21:24:59.20] launching without vision
[15-Apr-26 21:24:59.20] start command dispatched
[15-Apr-26 21:25:00.20] running autostart C:\Users\szymo\source\repos\torcs\gym_torcs\autostart_windows.bat
[15-Apr-26 21:25:00.20] autostart exit=0

Image Name                     PID Session Name        Session#    Mem Usage
========================= ======== ================ =========== ============
wtorcs.exe                   43072 Console                    1     84,380 K
INFO: No tasks are running which match the specified criteria.
[15-Apr-26 21:25:02.33] start_torcs_windows.bat end

[15-Apr-26 21:25:11.81] start_torcs_windows.bat begin
[15-Apr-26 21:25:11.82] TORCS_EXE=C:\Users\szymo\source\repos\torcs\torcs\wtorcs.exe
[15-Apr-26 21:25:11.83] TORCS_IMAGE=wtorcs.exe
[15-Apr-26 21:25:11.83] VISION_FLAG=novision
SUCCESS: The process with PID 43384 (child process of PID 43072) has been terminated.
SUCCESS: The process with PID 43072 (child process of PID 60732) has been terminated.
[15-Apr-26 21:25:11.94] taskkill wtorcs.exe exit=0
ERROR: The process "torcs.exe" not found.
[15-Apr-26 21:25:12.06] taskkill torcs.exe exit=128
ERROR: The process "wtorcs.exe" not found.
[15-Apr-26 21:25:12.07] taskkill wtorcs.exe exit=128
[15-Apr-26 21:25:13.17] TORCS_DIR=C:\Users\szymo\source\repos\torcs\torcs\
[15-Apr-26 21:25:13.17] launching without vision
[15-Apr-26 21:25:13.18] start command dispatched
[15-Apr-26 21:25:14.17] running autostart C:\Users\szymo\source\repos\torcs\gym_torcs\autostart_windows.bat
[15-Apr-26 21:25:14.17] autostart exit=0

Image Name                     PID Session Name        Session#    Mem Usage
========================= ======== ================ =========== ============
wtorcs.exe                   57584 Console                    1     83,072 K
INFO: No tasks are running which match the specified criteria.
[15-Apr-26 21:25:16.28] start_torcs_windows.bat end

[15-Apr-26 21:25:26.39] start_torcs_windows.bat begin
[15-Apr-26 21:25:26.40] TORCS_EXE=C:\Users\szymo\source\repos\torcs\torcs\wtorcs.exe
[15-Apr-26 21:25:26.40] TORCS_IMAGE=wtorcs.exe
[15-Apr-26 21:25:26.41] VISION_FLAG=novision
SUCCESS: The process with PID 57368 (child process of PID 57584) has been terminated.
SUCCESS: The process with PID 57584 (child process of PID 61116) has been terminated.
[15-Apr-26 21:25:26.52] taskkill wtorcs.exe exit=0
ERROR: The process "torcs.exe" not found.
[15-Apr-26 21:25:26.64] taskkill torcs.exe exit=128
ERROR: The process "wtorcs.exe" not found.
[15-Apr-26 21:25:26.64] taskkill wtorcs.exe exit=128
[15-Apr-26 21:25:27.18] TORCS_DIR=C:\Users\szymo\source\repos\torcs\torcs\
[15-Apr-26 21:25:27.18] launching without vision
[15-Apr-26 21:25:27.19] start command dispatched
[15-Apr-26 21:25:28.18] running autostart C:\Users\szymo\source\repos\torcs\gym_torcs\autostart_windows.bat
[15-Apr-26 21:25:28.18] autostart exit=0

Image Name                     PID Session Name        Session#    Mem Usage
========================= ======== ================ =========== ============
wtorcs.exe                   59196 Console                    1     84,272 K
INFO: No tasks are running which match the specified criteria.
[15-Apr-26 21:25:30.28] start_torcs_windows.bat end

[15-Apr-26 21:25:41.19] start_torcs_windows.bat begin
[15-Apr-26 21:25:41.19] TORCS_EXE=C:\Users\szymo\source\repos\torcs\torcs\wtorcs.exe
[15-Apr-26 21:25:41.20] TORCS_IMAGE=wtorcs.exe
[15-Apr-26 21:25:41.20] VISION_FLAG=novision
SUCCESS: The process with PID 56960 (child process of PID 59196) has been terminated.
SUCCESS: The process with PID 59196 (child process of PID 58348) has been terminated.
[15-Apr-26 21:25:41.33] taskkill wtorcs.exe exit=0
ERROR: The process "torcs.exe" not found.
[15-Apr-26 21:25:41.45] taskkill torcs.exe exit=128
ERROR: The process "wtorcs.exe" not found.
[15-Apr-26 21:25:41.45] taskkill wtorcs.exe exit=128
[15-Apr-26 21:25:42.11] TORCS_DIR=C:\Users\szymo\source\repos\torcs\torcs\
[15-Apr-26 21:25:42.11] launching without vision
[15-Apr-26 21:25:42.12] start command dispatched
[15-Apr-26 21:25:43.12] running autostart C:\Users\szymo\source\repos\torcs\gym_torcs\autostart_windows.bat
[15-Apr-26 21:25:43.12] autostart exit=0

Image Name                     PID Session Name        Session#    Mem Usage
========================= ======== ================ =========== ============
wtorcs.exe                   55512 Console                    1     65,460 K
INFO: No tasks are running which match the specified criteria.
[15-Apr-26 21:25:45.23] start_torcs_windows.bat end

[15-Apr-26 21:26:11.78] start_torcs_windows.bat begin
[15-Apr-26 21:26:11.78] TORCS_EXE=C:\Users\szymo\source\repos\torcs\torcs\wtorcs.exe
[15-Apr-26 21:26:11.79] TORCS_IMAGE=wtorcs.exe
[15-Apr-26 21:26:11.79] VISION_FLAG=novision
SUCCESS: The process with PID 52988 (child process of PID 55512) has been terminated.
SUCCESS: The process with PID 55512 (child process of PID 60784) has been terminated.
[15-Apr-26 21:26:11.90] taskkill wtorcs.exe exit=0
ERROR: The process "torcs.exe" not found.
[15-Apr-26 21:26:12.02] taskkill torcs.exe exit=128
ERROR: The process "wtorcs.exe" not found.
[15-Apr-26 21:26:12.03] taskkill wtorcs.exe exit=128
[15-Apr-26 21:26:13.16] TORCS_DIR=C:\Users\szymo\source\repos\torcs\torcs\
[15-Apr-26 21:26:13.16] launching without vision
[15-Apr-26 21:26:13.17] start command dispatched
[15-Apr-26 21:26:14.16] running autostart C:\Users\szymo\source\repos\torcs\gym_torcs\autostart_windows.bat
[15-Apr-26 21:26:14.16] autostart exit=0

Image Name                     PID Session Name        Session#    Mem Usage
========================= ======== ================ =========== ============
wtorcs.exe                   53532 Console                    1     83,804 K
INFO: No tasks are running which match the specified criteria.
[15-Apr-26 21:26:16.26] start_torcs_windows.bat end

[15-Apr-26 21:26:25.94] start_torcs_windows.bat begin
[15-Apr-26 21:26:25.94] TORCS_EXE=C:\Users\szymo\source\repos\torcs\torcs\wtorcs.exe
[15-Apr-26 21:26:25.95] TORCS_IMAGE=wtorcs.exe
[15-Apr-26 21:26:25.95] VISION_FLAG=novision
SUCCESS: The process with PID 58080 (child process of PID 53532) has been terminated.
SUCCESS: The process with PID 53532 (child process of PID 59516) has been terminated.
[15-Apr-26 21:26:26.06] taskkill wtorcs.exe exit=0
ERROR: The process "torcs.exe" not found.
[15-Apr-26 21:26:26.17] taskkill torcs.exe exit=128
ERROR: The process "wtorcs.exe" not found.
[15-Apr-26 21:26:26.18] taskkill wtorcs.exe exit=128
[15-Apr-26 21:26:27.17] TORCS_DIR=C:\Users\szymo\source\repos\torcs\torcs\
[15-Apr-26 21:26:27.17] launching without vision
[15-Apr-26 21:26:27.17] start command dispatched
[15-Apr-26 21:26:28.16] running autostart C:\Users\szymo\source\repos\torcs\gym_torcs\autostart_windows.bat
[15-Apr-26 21:26:28.16] autostart exit=0

Image Name                     PID Session Name        Session#    Mem Usage
========================= ======== ================ =========== ============
wtorcs.exe                   57140 Console                    1     83,884 K
INFO: No tasks are running which match the specified criteria.
[15-Apr-26 21:26:30.28] start_torcs_windows.bat end

[15-Apr-26 21:26:40.11] start_torcs_windows.bat begin
[15-Apr-26 21:26:40.12] TORCS_EXE=C:\Users\szymo\source\repos\torcs\torcs\wtorcs.exe
[15-Apr-26 21:26:40.13] TORCS_IMAGE=wtorcs.exe
[15-Apr-26 21:26:40.13] VISION_FLAG=novision
SUCCESS: The process with PID 48756 (child process of PID 57140) has been terminated.
SUCCESS: The process with PID 57140 (child process of PID 57272) has been terminated.
[15-Apr-26 21:26:40.24] taskkill wtorcs.exe exit=0
ERROR: The process "torcs.exe" not found.
[15-Apr-26 21:26:40.36] taskkill torcs.exe exit=128
ERROR: The process "wtorcs.exe" not found.
[15-Apr-26 21:26:40.36] taskkill wtorcs.exe exit=128
[15-Apr-26 21:26:41.13] TORCS_DIR=C:\Users\szymo\source\repos\torcs\torcs\
[15-Apr-26 21:26:41.13] launching without vision
[15-Apr-26 21:26:41.14] start command dispatched
[15-Apr-26 21:26:42.13] running autostart C:\Users\szymo\source\repos\torcs\gym_torcs\autostart_windows.bat
[15-Apr-26 21:26:42.13] autostart exit=0

Image Name                     PID Session Name        Session#    Mem Usage
========================= ======== ================ =========== ============
wtorcs.exe                   60988 Console                    1     82,848 K
INFO: No tasks are running which match the specified criteria.
[15-Apr-26 21:26:44.23] start_torcs_windows.bat end

[15-Apr-26 21:26:53.46] start_torcs_windows.bat begin
[15-Apr-26 21:26:53.47] TORCS_EXE=C:\Users\szymo\source\repos\torcs\torcs\wtorcs.exe
[15-Apr-26 21:26:53.47] TORCS_IMAGE=wtorcs.exe
[15-Apr-26 21:26:53.48] VISION_FLAG=novision
SUCCESS: The process with PID 54184 (child process of PID 60988) has been terminated.
SUCCESS: The process with PID 60988 (child process of PID 60472) has been terminated.
[15-Apr-26 21:26:53.58] taskkill wtorcs.exe exit=0
ERROR: The process "torcs.exe" not found.
[15-Apr-26 21:26:53.70] taskkill torcs.exe exit=128
ERROR: The process "wtorcs.exe" not found.
[15-Apr-26 21:26:53.71] taskkill wtorcs.exe exit=128
[15-Apr-26 21:26:54.16] TORCS_DIR=C:\Users\szymo\source\repos\torcs\torcs\
[15-Apr-26 21:26:54.16] launching without vision
[15-Apr-26 21:26:54.16] start command dispatched
[15-Apr-26 21:26:55.16] running autostart C:\Users\szymo\source\repos\torcs\gym_torcs\autostart_windows.bat
[15-Apr-26 21:26:55.16] autostart exit=0

Image Name                     PID Session Name        Session#    Mem Usage
========================= ======== ================ =========== ============
wtorcs.exe                   60288 Console                    1     83,492 K
INFO: No tasks are running which match the specified criteria.
[15-Apr-26 21:26:57.26] start_torcs_windows.bat end

[15-Apr-26 21:27:06.23] start_torcs_windows.bat begin
[15-Apr-26 21:27:06.24] TORCS_EXE=C:\Users\szymo\source\repos\torcs\torcs\wtorcs.exe
[15-Apr-26 21:27:06.25] TORCS_IMAGE=wtorcs.exe
[15-Apr-26 21:27:06.25] VISION_FLAG=novision
SUCCESS: The process with PID 56200 (child process of PID 60288) has been terminated.
SUCCESS: The process with PID 60288 (child process of PID 60512) has been terminated.
[15-Apr-26 21:27:06.37] taskkill wtorcs.exe exit=0
ERROR: The process "torcs.exe" not found.
[15-Apr-26 21:27:06.49] taskkill torcs.exe exit=128
ERROR: The process "wtorcs.exe" not found.
[15-Apr-26 21:27:06.49] taskkill wtorcs.exe exit=128
[15-Apr-26 21:27:07.15] TORCS_DIR=C:\Users\szymo\source\repos\torcs\torcs\
[15-Apr-26 21:27:07.15] launching without vision
[15-Apr-26 21:27:07.16] start command dispatched
[15-Apr-26 21:27:08.15] running autostart C:\Users\szymo\source\repos\torcs\gym_torcs\autostart_windows.bat
[15-Apr-26 21:27:08.15] autostart exit=0

Image Name                     PID Session Name        Session#    Mem Usage
========================= ======== ================ =========== ============
wtorcs.exe                   58968 Console                    1     82,972 K
INFO: No tasks are running which match the specified criteria.
[15-Apr-26 21:27:10.25] start_torcs_windows.bat end

[15-Apr-26 21:27:27.57] start_torcs_windows.bat begin
[15-Apr-26 21:27:27.58] TORCS_EXE=C:\Users\szymo\source\repos\torcs\torcs\wtorcs.exe
[15-Apr-26 21:27:27.58] TORCS_IMAGE=wtorcs.exe
[15-Apr-26 21:27:27.58] VISION_FLAG=novision
SUCCESS: The process with PID 57984 (child process of PID 58968) has been terminated.
SUCCESS: The process with PID 58968 (child process of PID 21412) has been terminated.
[15-Apr-26 21:27:27.69] taskkill wtorcs.exe exit=0
ERROR: The process "torcs.exe" not found.
[15-Apr-26 21:27:27.82] taskkill torcs.exe exit=128
ERROR: The process "wtorcs.exe" not found.
[15-Apr-26 21:27:27.82] taskkill wtorcs.exe exit=128
[15-Apr-26 21:27:28.15] TORCS_DIR=C:\Users\szymo\source\repos\torcs\torcs\
[15-Apr-26 21:27:28.15] launching without vision
[15-Apr-26 21:27:28.15] start command dispatched
[15-Apr-26 21:27:29.15] running autostart C:\Users\szymo\source\repos\torcs\gym_torcs\autostart_windows.bat
[15-Apr-26 21:27:29.15] autostart exit=0

Image Name                     PID Session Name        Session#    Mem Usage
========================= ======== ================ =========== ============
wtorcs.exe                   56864 Console                    1     84,608 K
INFO: No tasks are running which match the specified criteria.
[15-Apr-26 21:27:31.24] start_torcs_windows.bat end

[15-Apr-26 21:27:41.33] start_torcs_windows.bat begin
[15-Apr-26 21:27:41.34] TORCS_EXE=C:\Users\szymo\source\repos\torcs\torcs\wtorcs.exe
[15-Apr-26 21:27:41.34] TORCS_IMAGE=wtorcs.exe
[15-Apr-26 21:27:41.35] VISION_FLAG=novision
SUCCESS: The process with PID 60904 (child process of PID 56864) has been terminated.
SUCCESS: The process with PID 56864 (child process of PID 57304) has been terminated.
[15-Apr-26 21:27:41.45] taskkill wtorcs.exe exit=0
ERROR: The process "torcs.exe" not found.
[15-Apr-26 21:27:41.57] taskkill torcs.exe exit=128
ERROR: The process "wtorcs.exe" not found.
[15-Apr-26 21:27:41.58] taskkill wtorcs.exe exit=128
[15-Apr-26 21:27:42.14] TORCS_DIR=C:\Users\szymo\source\repos\torcs\torcs\
[15-Apr-26 21:27:42.14] launching without vision
[15-Apr-26 21:27:42.15] start command dispatched
[15-Apr-26 21:27:43.14] running autostart C:\Users\szymo\source\repos\torcs\gym_torcs\autostart_windows.bat
[15-Apr-26 21:27:43.14] autostart exit=0

Image Name                     PID Session Name        Session#    Mem Usage
========================= ======== ================ =========== ============
wtorcs.exe                   59288 Console                    1     82,812 K
INFO: No tasks are running which match the specified criteria.
[15-Apr-26 21:27:45.24] start_torcs_windows.bat end

[15-Apr-26 21:27:55.17] start_torcs_windows.bat begin
[15-Apr-26 21:27:55.18] TORCS_EXE=C:\Users\szymo\source\repos\torcs\torcs\wtorcs.exe
[15-Apr-26 21:27:55.18] TORCS_IMAGE=wtorcs.exe
[15-Apr-26 21:27:55.19] VISION_FLAG=novision
SUCCESS: The process with PID 57256 (child process of PID 59288) has been terminated.
SUCCESS: The process with PID 59288 (child process of PID 61280) has been terminated.
[15-Apr-26 21:27:55.29] taskkill wtorcs.exe exit=0
ERROR: The process "torcs.exe" not found.
[15-Apr-26 21:27:55.42] taskkill torcs.exe exit=128
ERROR: The process "wtorcs.exe" not found.
[15-Apr-26 21:27:55.42] taskkill wtorcs.exe exit=128
[15-Apr-26 21:27:56.20] TORCS_DIR=C:\Users\szymo\source\repos\torcs\torcs\
[15-Apr-26 21:27:56.20] launching without vision
[15-Apr-26 21:27:56.21] start command dispatched
[15-Apr-26 21:27:57.21] running autostart C:\Users\szymo\source\repos\torcs\gym_torcs\autostart_windows.bat
[15-Apr-26 21:27:57.21] autostart exit=0

Image Name                     PID Session Name        Session#    Mem Usage
========================= ======== ================ =========== ============
wtorcs.exe                   47724 Console                    1     65,548 K
INFO: No tasks are running which match the specified criteria.
[15-Apr-26 21:27:59.31] start_torcs_windows.bat end

[15-Apr-26 21:29:13.12] start_torcs_windows.bat begin
[15-Apr-26 21:29:13.13] TORCS_EXE=C:\Users\szymo\source\repos\torcs\torcs\wtorcs.exe
[15-Apr-26 21:29:13.13] TORCS_IMAGE=wtorcs.exe
[15-Apr-26 21:29:13.14] VISION_FLAG=novision
SUCCESS: The process with PID 59236 (child process of PID 47724) has been terminated.
SUCCESS: The process with PID 47724 (child process of PID 59360) has been terminated.
[15-Apr-26 21:29:13.26] taskkill wtorcs.exe exit=0
ERROR: The process "torcs.exe" not found.
[15-Apr-26 21:29:13.38] taskkill torcs.exe exit=128
ERROR: The process "wtorcs.exe" not found.
[15-Apr-26 21:29:13.38] taskkill wtorcs.exe exit=128
[15-Apr-26 21:29:14.15] TORCS_DIR=C:\Users\szymo\source\repos\torcs\torcs\
[15-Apr-26 21:29:14.15] launching without vision
[15-Apr-26 21:29:14.16] start command dispatched
[15-Apr-26 21:29:15.16] running autostart C:\Users\szymo\source\repos\torcs\gym_torcs\autostart_windows.bat
[15-Apr-26 21:29:15.16] autostart exit=0

Image Name                     PID Session Name        Session#    Mem Usage
========================= ======== ================ =========== ============
wtorcs.exe                   60484 Console                    1     85,236 K
INFO: No tasks are running which match the specified criteria.
[15-Apr-26 21:29:17.27] start_torcs_windows.bat end

[15-Apr-26 21:29:26.90] start_torcs_windows.bat begin
[15-Apr-26 21:29:26.90] TORCS_EXE=C:\Users\szymo\source\repos\torcs\torcs\wtorcs.exe
[15-Apr-26 21:29:26.91] TORCS_IMAGE=wtorcs.exe
[15-Apr-26 21:29:26.91] VISION_FLAG=novision
SUCCESS: The process with PID 54300 (child process of PID 60484) has been terminated.
SUCCESS: The process with PID 60484 (child process of PID 59660) has been terminated.
[15-Apr-26 21:29:27.03] taskkill wtorcs.exe exit=0
ERROR: The process "torcs.exe" not found.
[15-Apr-26 21:29:27.15] taskkill torcs.exe exit=128
ERROR: The process "wtorcs.exe" not found.
[15-Apr-26 21:29:27.15] taskkill wtorcs.exe exit=128
[15-Apr-26 21:29:28.15] TORCS_DIR=C:\Users\szymo\source\repos\torcs\torcs\
[15-Apr-26 21:29:28.15] launching without vision
[15-Apr-26 21:29:28.16] start command dispatched
[15-Apr-26 21:29:29.16] running autostart C:\Users\szymo\source\repos\torcs\gym_torcs\autostart_windows.bat
[15-Apr-26 21:29:29.16] autostart exit=0

Image Name                     PID Session Name        Session#    Mem Usage
========================= ======== ================ =========== ============
wtorcs.exe                   61256 Console                    1     83,020 K
INFO: No tasks are running which match the specified criteria.
[15-Apr-26 21:29:31.28] start_torcs_windows.bat end

[15-Apr-26 21:29:44.41] start_torcs_windows.bat begin
[15-Apr-26 21:29:44.41] TORCS_EXE=C:\Users\szymo\source\repos\torcs\torcs\wtorcs.exe
[15-Apr-26 21:29:44.42] TORCS_IMAGE=wtorcs.exe
[15-Apr-26 21:29:44.42] VISION_FLAG=novision
SUCCESS: The process with PID 60888 (child process of PID 61256) has been terminated.
SUCCESS: The process with PID 61256 (child process of PID 58608) has been terminated.
[15-Apr-26 21:29:44.54] taskkill wtorcs.exe exit=0
ERROR: The process "torcs.exe" not found.
[15-Apr-26 21:29:44.66] taskkill torcs.exe exit=128
ERROR: The process "wtorcs.exe" not found.
[15-Apr-26 21:29:44.67] taskkill wtorcs.exe exit=128
[15-Apr-26 21:29:45.21] TORCS_DIR=C:\Users\szymo\source\repos\torcs\torcs\
[15-Apr-26 21:29:45.21] launching without vision
[15-Apr-26 21:29:45.22] start command dispatched
[15-Apr-26 21:29:46.21] running autostart C:\Users\szymo\source\repos\torcs\gym_torcs\autostart_windows.bat
[15-Apr-26 21:29:46.21] autostart exit=0

Image Name                     PID Session Name        Session#    Mem Usage
========================= ======== ================ =========== ============
wtorcs.exe                   58656 Console                    1     84,728 K
INFO: No tasks are running which match the specified criteria.
[15-Apr-26 21:29:48.31] start_torcs_windows.bat end

[15-Apr-26 21:29:59.55] start_torcs_windows.bat begin
[15-Apr-26 21:29:59.56] TORCS_EXE=C:\Users\szymo\source\repos\torcs\torcs\wtorcs.exe
[15-Apr-26 21:29:59.57] TORCS_IMAGE=wtorcs.exe
[15-Apr-26 21:29:59.57] VISION_FLAG=novision
SUCCESS: The process with PID 57484 (child process of PID 58656) has been terminated.
SUCCESS: The process with PID 58656 (child process of PID 61312) has been terminated.
[15-Apr-26 21:29:59.68] taskkill wtorcs.exe exit=0
ERROR: The process "torcs.exe" not found.
[15-Apr-26 21:29:59.81] taskkill torcs.exe exit=128
ERROR: The process "wtorcs.exe" not found.
[15-Apr-26 21:29:59.81] taskkill wtorcs.exe exit=128
[15-Apr-26 21:30:00.14] TORCS_DIR=C:\Users\szymo\source\repos\torcs\torcs\
[15-Apr-26 21:30:00.14] launching without vision
[15-Apr-26 21:30:00.15] start command dispatched
[15-Apr-26 21:30:01.15] running autostart C:\Users\szymo\source\repos\torcs\gym_torcs\autostart_windows.bat
[15-Apr-26 21:30:01.15] autostart exit=0

Image Name                     PID Session Name        Session#    Mem Usage
========================= ======== ================ =========== ============
wtorcs.exe                   58760 Console                    1     83,708 K
INFO: No tasks are running which match the specified criteria.
[15-Apr-26 21:30:03.24] start_torcs_windows.bat end

[15-Apr-26 21:30:15.60] start_torcs_windows.bat begin
[15-Apr-26 21:30:15.61] TORCS_EXE=C:\Users\szymo\source\repos\torcs\torcs\wtorcs.exe
[15-Apr-26 21:30:15.61] TORCS_IMAGE=wtorcs.exe
[15-Apr-26 21:30:15.62] VISION_FLAG=novision
SUCCESS: The process with PID 61216 (child process of PID 58760) has been terminated.
SUCCESS: The process with PID 58760 (child process of PID 59264) has been terminated.
[15-Apr-26 21:30:15.72] taskkill wtorcs.exe exit=0
ERROR: The process "torcs.exe" not found.
[15-Apr-26 21:30:15.86] taskkill torcs.exe exit=128
ERROR: The process "wtorcs.exe" not found.
[15-Apr-26 21:30:15.86] taskkill wtorcs.exe exit=128
[15-Apr-26 21:30:16.19] TORCS_DIR=C:\Users\szymo\source\repos\torcs\torcs\
[15-Apr-26 21:30:16.19] launching without vision
[15-Apr-26 21:30:16.20] start command dispatched
[15-Apr-26 21:30:17.19] running autostart C:\Users\szymo\source\repos\torcs\gym_torcs\autostart_windows.bat
[15-Apr-26 21:30:17.19] autostart exit=0

Image Name                     PID Session Name        Session#    Mem Usage
========================= ======== ================ =========== ============
wtorcs.exe                   55356 Console                    1     83,052 K
INFO: No tasks are running which match the specified criteria.
[15-Apr-26 21:30:19.32] start_torcs_windows.bat end

[15-Apr-26 21:30:39.03] start_torcs_windows.bat begin
[15-Apr-26 21:30:39.04] TORCS_EXE=C:\Users\szymo\source\repos\torcs\torcs\wtorcs.exe
[15-Apr-26 21:30:39.05] TORCS_IMAGE=wtorcs.exe
[15-Apr-26 21:30:39.05] VISION_FLAG=novision
SUCCESS: The process with PID 60708 (child process of PID 55356) has been terminated.
SUCCESS: The process with PID 55356 (child process of PID 58708) has been terminated.
[15-Apr-26 21:30:39.16] taskkill wtorcs.exe exit=0
ERROR: The process "torcs.exe" not found.
[15-Apr-26 21:30:39.27] taskkill torcs.exe exit=128
ERROR: The process "wtorcs.exe" not found.
[15-Apr-26 21:30:39.27] taskkill wtorcs.exe exit=128
[15-Apr-26 21:30:40.15] TORCS_DIR=C:\Users\szymo\source\repos\torcs\torcs\
[15-Apr-26 21:30:40.15] launching without vision
[15-Apr-26 21:30:40.16] start command dispatched
[15-Apr-26 21:30:41.15] running autostart C:\Users\szymo\source\repos\torcs\gym_torcs\autostart_windows.bat
[15-Apr-26 21:30:41.15] autostart exit=0

Image Name                     PID Session Name        Session#    Mem Usage
========================= ======== ================ =========== ============
wtorcs.exe                   48044 Console                    1     84,112 K
INFO: No tasks are running which match the specified criteria.
[15-Apr-26 21:30:43.24] start_torcs_windows.bat end

[15-Apr-26 21:30:52.78] start_torcs_windows.bat begin
[15-Apr-26 21:30:52.79] TORCS_EXE=C:\Users\szymo\source\repos\torcs\torcs\wtorcs.exe
[15-Apr-26 21:30:52.79] TORCS_IMAGE=wtorcs.exe
[15-Apr-26 21:30:52.80] VISION_FLAG=novision
SUCCESS: The process with PID 50248 (child process of PID 48044) has been terminated.
SUCCESS: The process with PID 48044 (child process of PID 56332) has been terminated.
[15-Apr-26 21:30:52.90] taskkill wtorcs.exe exit=0
ERROR: The process "torcs.exe" not found.
[15-Apr-26 21:30:53.01] taskkill torcs.exe exit=128
ERROR: The process "wtorcs.exe" not found.
[15-Apr-26 21:30:53.01] taskkill wtorcs.exe exit=128
[15-Apr-26 21:30:54.11] TORCS_DIR=C:\Users\szymo\source\repos\torcs\torcs\
[15-Apr-26 21:30:54.11] launching without vision
[15-Apr-26 21:30:54.12] start command dispatched
[15-Apr-26 21:30:55.11] running autostart C:\Users\szymo\source\repos\torcs\gym_torcs\autostart_windows.bat
[15-Apr-26 21:30:55.11] autostart exit=0

Image Name                     PID Session Name        Session#    Mem Usage
========================= ======== ================ =========== ============
wtorcs.exe                   61064 Console                    1     84,232 K
INFO: No tasks are running which match the specified criteria.
[15-Apr-26 21:30:57.22] start_torcs_windows.bat end

[15-Apr-26 21:31:06.53] start_torcs_windows.bat begin
[15-Apr-26 21:31:06.53] TORCS_EXE=C:\Users\szymo\source\repos\torcs\torcs\wtorcs.exe
[15-Apr-26 21:31:06.54] TORCS_IMAGE=wtorcs.exe
[15-Apr-26 21:31:06.54] VISION_FLAG=novision
SUCCESS: The process with PID 60968 (child process of PID 61064) has been terminated.
SUCCESS: The process with PID 61064 (child process of PID 59556) has been terminated.
[15-Apr-26 21:31:06.64] taskkill wtorcs.exe exit=0
ERROR: The process "torcs.exe" not found.
[15-Apr-26 21:31:06.76] taskkill torcs.exe exit=128
ERROR: The process "wtorcs.exe" not found.
[15-Apr-26 21:31:06.77] taskkill wtorcs.exe exit=128
[15-Apr-26 21:31:07.21] TORCS_DIR=C:\Users\szymo\source\repos\torcs\torcs\
[15-Apr-26 21:31:07.21] launching without vision
[15-Apr-26 21:31:07.21] start command dispatched
[15-Apr-26 21:31:08.21] running autostart C:\Users\szymo\source\repos\torcs\gym_torcs\autostart_windows.bat
[15-Apr-26 21:31:08.21] autostart exit=0

Image Name                     PID Session Name        Session#    Mem Usage
========================= ======== ================ =========== ============
wtorcs.exe                   60932 Console                    1     63,272 K
INFO: No tasks are running which match the specified criteria.
[15-Apr-26 21:31:10.30] start_torcs_windows.bat end

[15-Apr-26 21:32:07.18] start_torcs_windows.bat begin
[15-Apr-26 21:32:07.19] TORCS_EXE=C:\Users\szymo\source\repos\torcs\torcs\wtorcs.exe
[15-Apr-26 21:32:07.19] TORCS_IMAGE=wtorcs.exe
[15-Apr-26 21:32:07.20] VISION_FLAG=novision
ERROR: The process "wtorcs.exe" not found.
[15-Apr-26 21:32:07.30] taskkill wtorcs.exe exit=128
ERROR: The process "torcs.exe" not found.
[15-Apr-26 21:32:07.40] taskkill torcs.exe exit=128
ERROR: The process "wtorcs.exe" not found.
[15-Apr-26 21:32:07.41] taskkill wtorcs.exe exit=128
[15-Apr-26 21:32:08.20] TORCS_DIR=C:\Users\szymo\source\repos\torcs\torcs\
[15-Apr-26 21:32:08.20] launching without vision
[15-Apr-26 21:32:08.21] start command dispatched
[15-Apr-26 21:32:09.20] running autostart C:\Users\szymo\source\repos\torcs\gym_torcs\autostart_windows.bat
[15-Apr-26 21:32:09.20] autostart exit=0

Image Name                     PID Session Name        Session#    Mem Usage
========================= ======== ================ =========== ============
wtorcs.exe                   53472 Console                    1     65,316 K
INFO: No tasks are running which match the specified criteria.
[15-Apr-26 21:32:11.30] start_torcs_windows.bat end

[15-Apr-26 21:32:19.39] start_torcs_windows.bat begin
[15-Apr-26 21:32:19.40] TORCS_EXE=C:\Users\szymo\source\repos\torcs\torcs\wtorcs.exe
[15-Apr-26 21:32:19.40] TORCS_IMAGE=wtorcs.exe
[15-Apr-26 21:32:19.41] VISION_FLAG=novision
SUCCESS: The process with PID 59588 (child process of PID 53472) has been terminated.
SUCCESS: The process with PID 53472 (child process of PID 1956) has been terminated.
[15-Apr-26 21:32:19.51] taskkill wtorcs.exe exit=0
ERROR: The process "torcs.exe" not found.
[15-Apr-26 21:32:19.62] taskkill torcs.exe exit=128
ERROR: The process "wtorcs.exe" not found.
[15-Apr-26 21:32:19.63] taskkill wtorcs.exe exit=128
[15-Apr-26 21:32:20.17] TORCS_DIR=C:\Users\szymo\source\repos\torcs\torcs\
[15-Apr-26 21:32:20.17] launching without vision
[15-Apr-26 21:32:20.18] start command dispatched
[15-Apr-26 21:32:21.17] running autostart C:\Users\szymo\source\repos\torcs\gym_torcs\autostart_windows.bat
[15-Apr-26 21:32:21.17] autostart exit=0

Image Name                     PID Session Name        Session#    Mem Usage
========================= ======== ================ =========== ============
wtorcs.exe                   52028 Console                    1     83,068 K
INFO: No tasks are running which match the specified criteria.
[15-Apr-26 21:32:23.27] start_torcs_windows.bat end

[15-Apr-26 21:32:33.69] start_torcs_windows.bat begin
[15-Apr-26 21:32:33.70] TORCS_EXE=C:\Users\szymo\source\repos\torcs\torcs\wtorcs.exe
[15-Apr-26 21:32:33.70] TORCS_IMAGE=wtorcs.exe
[15-Apr-26 21:32:33.71] VISION_FLAG=novision
SUCCESS: The process with PID 51088 (child process of PID 52028) has been terminated.
SUCCESS: The process with PID 52028 (child process of PID 47324) has been terminated.
[15-Apr-26 21:32:33.82] taskkill wtorcs.exe exit=0
ERROR: The process "torcs.exe" not found.
[15-Apr-26 21:32:33.94] taskkill torcs.exe exit=128
ERROR: The process "wtorcs.exe" not found.
[15-Apr-26 21:32:33.94] taskkill wtorcs.exe exit=128
[15-Apr-26 21:32:35.15] TORCS_DIR=C:\Users\szymo\source\repos\torcs\torcs\
[15-Apr-26 21:32:35.15] launching without vision
[15-Apr-26 21:32:35.16] start command dispatched
[15-Apr-26 21:32:36.14] running autostart C:\Users\szymo\source\repos\torcs\gym_torcs\autostart_windows.bat
[15-Apr-26 21:32:36.14] autostart exit=0

Image Name                     PID Session Name        Session#    Mem Usage
========================= ======== ================ =========== ============
wtorcs.exe                   43572 Console                    1     85,372 K
INFO: No tasks are running which match the specified criteria.
[15-Apr-26 21:32:38.27] start_torcs_windows.bat end

[15-Apr-26 21:32:49.69] start_torcs_windows.bat begin
[15-Apr-26 21:32:49.70] TORCS_EXE=C:\Users\szymo\source\repos\torcs\torcs\wtorcs.exe
[15-Apr-26 21:32:49.70] TORCS_IMAGE=wtorcs.exe
[15-Apr-26 21:32:49.71] VISION_FLAG=novision
SUCCESS: The process with PID 54384 (child process of PID 43572) has been terminated.
SUCCESS: The process with PID 43572 (child process of PID 55412) has been terminated.
[15-Apr-26 21:32:49.82] taskkill wtorcs.exe exit=0
ERROR: The process "torcs.exe" not found.
[15-Apr-26 21:32:49.95] taskkill torcs.exe exit=128
ERROR: The process "wtorcs.exe" not found.
[15-Apr-26 21:32:49.96] taskkill wtorcs.exe exit=128
[15-Apr-26 21:32:51.17] TORCS_DIR=C:\Users\szymo\source\repos\torcs\torcs\
[15-Apr-26 21:32:51.17] launching without vision
[15-Apr-26 21:32:51.18] start command dispatched
[15-Apr-26 21:32:52.17] running autostart C:\Users\szymo\source\repos\torcs\gym_torcs\autostart_windows.bat
[15-Apr-26 21:32:52.17] autostart exit=0

Image Name                     PID Session Name        Session#    Mem Usage
========================= ======== ================ =========== ============
wtorcs.exe                   45908 Console                    1     86,144 K
INFO: No tasks are running which match the specified criteria.
[15-Apr-26 21:32:54.29] start_torcs_windows.bat end

[15-Apr-26 21:33:06.67] start_torcs_windows.bat begin
[15-Apr-26 21:33:06.68] TORCS_EXE=C:\Users\szymo\source\repos\torcs\torcs\wtorcs.exe
[15-Apr-26 21:33:06.68] TORCS_IMAGE=wtorcs.exe
[15-Apr-26 21:33:06.69] VISION_FLAG=novision
SUCCESS: The process with PID 56428 (child process of PID 45908) has been terminated.
SUCCESS: The process with PID 45908 (child process of PID 53280) has been terminated.
[15-Apr-26 21:33:06.80] taskkill wtorcs.exe exit=0
ERROR: The process "torcs.exe" not found.
[15-Apr-26 21:33:06.94] taskkill torcs.exe exit=128
ERROR: The process "wtorcs.exe" not found.
[15-Apr-26 21:33:06.95] taskkill wtorcs.exe exit=128
[15-Apr-26 21:33:08.15] TORCS_DIR=C:\Users\szymo\source\repos\torcs\torcs\
[15-Apr-26 21:33:08.15] launching without vision
[15-Apr-26 21:33:08.16] start command dispatched
[15-Apr-26 21:33:09.14] running autostart C:\Users\szymo\source\repos\torcs\gym_torcs\autostart_windows.bat
[15-Apr-26 21:33:09.14] autostart exit=0

Image Name                     PID Session Name        Session#    Mem Usage
========================= ======== ================ =========== ============
wtorcs.exe                   58044 Console                    1     85,136 K
INFO: No tasks are running which match the specified criteria.
[15-Apr-26 21:33:11.28] start_torcs_windows.bat end

[15-Apr-26 21:33:23.00] start_torcs_windows.bat begin
[15-Apr-26 21:33:23.01] TORCS_EXE=C:\Users\szymo\source\repos\torcs\torcs\wtorcs.exe
[15-Apr-26 21:33:23.01] TORCS_IMAGE=wtorcs.exe
[15-Apr-26 21:33:23.02] VISION_FLAG=novision
SUCCESS: The process with PID 65332 (child process of PID 58044) has been terminated.
SUCCESS: The process with PID 58044 (child process of PID 52764) has been terminated.
[15-Apr-26 21:33:23.14] taskkill wtorcs.exe exit=0
ERROR: The process "torcs.exe" not found.
[15-Apr-26 21:33:23.26] taskkill torcs.exe exit=128
ERROR: The process "wtorcs.exe" not found.
[15-Apr-26 21:33:23.26] taskkill wtorcs.exe exit=128
[15-Apr-26 21:33:24.15] TORCS_DIR=C:\Users\szymo\source\repos\torcs\torcs\
[15-Apr-26 21:33:24.15] launching without vision
[15-Apr-26 21:33:24.16] start command dispatched
[15-Apr-26 21:33:25.14] running autostart C:\Users\szymo\source\repos\torcs\gym_torcs\autostart_windows.bat
[15-Apr-26 21:33:25.14] autostart exit=0

Image Name                     PID Session Name        Session#    Mem Usage
========================= ======== ================ =========== ============
wtorcs.exe                   60348 Console                    1     62,472 K
INFO: No tasks are running which match the specified criteria.
[15-Apr-26 21:33:27.25] start_torcs_windows.bat end

[15-Apr-26 21:33:39.91] start_torcs_windows.bat begin
[15-Apr-26 21:33:39.92] TORCS_EXE=C:\Users\szymo\source\repos\torcs\torcs\wtorcs.exe
[15-Apr-26 21:33:39.93] TORCS_IMAGE=wtorcs.exe
[15-Apr-26 21:33:39.93] VISION_FLAG=novision
SUCCESS: The process with PID 55432 (child process of PID 60348) has been terminated.
SUCCESS: The process with PID 60348 (child process of PID 48448) has been terminated.
[15-Apr-26 21:33:40.05] taskkill wtorcs.exe exit=0
ERROR: The process "torcs.exe" not found.
[15-Apr-26 21:33:40.18] taskkill torcs.exe exit=128
ERROR: The process "wtorcs.exe" not found.
[15-Apr-26 21:33:40.18] taskkill wtorcs.exe exit=128
[15-Apr-26 21:33:41.18] TORCS_DIR=C:\Users\szymo\source\repos\torcs\torcs\
[15-Apr-26 21:33:41.18] launching without vision
[15-Apr-26 21:33:41.19] start command dispatched
[15-Apr-26 21:33:42.18] running autostart C:\Users\szymo\source\repos\torcs\gym_torcs\autostart_windows.bat
[15-Apr-26 21:33:42.18] autostart exit=0

Image Name                     PID Session Name        Session#    Mem Usage
========================= ======== ================ =========== ============
wtorcs.exe                   66184 Console                    1     83,920 K
INFO: No tasks are running which match the specified criteria.
[15-Apr-26 21:33:44.28] start_torcs_windows.bat end

[15-Apr-26 21:33:54.21] start_torcs_windows.bat begin
[15-Apr-26 21:33:54.21] TORCS_EXE=C:\Users\szymo\source\repos\torcs\torcs\wtorcs.exe
[15-Apr-26 21:33:54.22] TORCS_IMAGE=wtorcs.exe
[15-Apr-26 21:33:54.22] VISION_FLAG=novision
SUCCESS: The process with PID 66188 (child process of PID 66184) has been terminated.
SUCCESS: The process with PID 66184 (child process of PID 50256) has been terminated.
[15-Apr-26 21:33:54.35] taskkill wtorcs.exe exit=0
ERROR: The process "torcs.exe" not found.
[15-Apr-26 21:33:54.48] taskkill torcs.exe exit=128
ERROR: The process "wtorcs.exe" not found.
[15-Apr-26 21:33:54.48] taskkill wtorcs.exe exit=128
[15-Apr-26 21:33:55.16] TORCS_DIR=C:\Users\szymo\source\repos\torcs\torcs\
[15-Apr-26 21:33:55.16] launching without vision
[15-Apr-26 21:33:55.16] start command dispatched
[15-Apr-26 21:33:56.16] running autostart C:\Users\szymo\source\repos\torcs\gym_torcs\autostart_windows.bat
[15-Apr-26 21:33:56.16] autostart exit=0

Image Name                     PID Session Name        Session#    Mem Usage
========================= ======== ================ =========== ============
wtorcs.exe                   64024 Console                    1     85,772 K
INFO: No tasks are running which match the specified criteria.
[15-Apr-26 21:33:58.27] start_torcs_windows.bat end

[15-Apr-26 21:34:13.42] start_torcs_windows.bat begin
[15-Apr-26 21:34:13.43] TORCS_EXE=C:\Users\szymo\source\repos\torcs\torcs\wtorcs.exe
[15-Apr-26 21:34:13.43] TORCS_IMAGE=wtorcs.exe
[15-Apr-26 21:34:13.44] VISION_FLAG=novision
SUCCESS: The process with PID 57884 (child process of PID 64024) has been terminated.
SUCCESS: The process with PID 64024 (child process of PID 66508) has been terminated.
[15-Apr-26 21:34:13.56] taskkill wtorcs.exe exit=0
ERROR: The process "torcs.exe" not found.
[15-Apr-26 21:34:13.68] taskkill torcs.exe exit=128
ERROR: The process "wtorcs.exe" not found.
[15-Apr-26 21:34:13.68] taskkill wtorcs.exe exit=128
[15-Apr-26 21:34:14.12] TORCS_DIR=C:\Users\szymo\source\repos\torcs\torcs\
[15-Apr-26 21:34:14.12] launching without vision
[15-Apr-26 21:34:14.13] start command dispatched
[15-Apr-26 21:34:15.13] running autostart C:\Users\szymo\source\repos\torcs\gym_torcs\autostart_windows.bat
[15-Apr-26 21:34:15.13] autostart exit=0

Image Name                     PID Session Name        Session#    Mem Usage
========================= ======== ================ =========== ============
wtorcs.exe                   47060 Console                    1     85,164 K
INFO: No tasks are running which match the specified criteria.
[15-Apr-26 21:34:17.24] start_torcs_windows.bat end

[15-Apr-26 21:34:27.02] start_torcs_windows.bat begin
[15-Apr-26 21:34:27.02] TORCS_EXE=C:\Users\szymo\source\repos\torcs\torcs\wtorcs.exe
[15-Apr-26 21:34:27.03] TORCS_IMAGE=wtorcs.exe
[15-Apr-26 21:34:27.03] VISION_FLAG=novision
SUCCESS: The process with PID 65816 (child process of PID 47060) has been terminated.
SUCCESS: The process with PID 47060 (child process of PID 63556) has been terminated.
[15-Apr-26 21:34:27.15] taskkill wtorcs.exe exit=0
ERROR: The process "torcs.exe" not found.
[15-Apr-26 21:34:27.27] taskkill torcs.exe exit=128
ERROR: The process "wtorcs.exe" not found.
[15-Apr-26 21:34:27.27] taskkill wtorcs.exe exit=128
[15-Apr-26 21:34:28.14] TORCS_DIR=C:\Users\szymo\source\repos\torcs\torcs\
[15-Apr-26 21:34:28.14] launching without vision
[15-Apr-26 21:34:28.15] start command dispatched
[15-Apr-26 21:34:29.15] running autostart C:\Users\szymo\source\repos\torcs\gym_torcs\autostart_windows.bat
[15-Apr-26 21:34:29.15] autostart exit=0

Image Name                     PID Session Name        Session#    Mem Usage
========================= ======== ================ =========== ============
wtorcs.exe                   62072 Console                    1     83,268 K
INFO: No tasks are running which match the specified criteria.
[15-Apr-26 21:34:31.26] start_torcs_windows.bat end

[15-Apr-26 21:34:41.68] start_torcs_windows.bat begin
[15-Apr-26 21:34:41.69] TORCS_EXE=C:\Users\szymo\source\repos\torcs\torcs\wtorcs.exe
[15-Apr-26 21:34:41.69] TORCS_IMAGE=wtorcs.exe
[15-Apr-26 21:34:41.69] VISION_FLAG=novision
SUCCESS: The process with PID 62292 (child process of PID 62072) has been terminated.
SUCCESS: The process with PID 62072 (child process of PID 41704) has been terminated.
[15-Apr-26 21:34:41.81] taskkill wtorcs.exe exit=0
ERROR: The process "torcs.exe" not found.
[15-Apr-26 21:34:41.93] taskkill torcs.exe exit=128
ERROR: The process "wtorcs.exe" not found.
[15-Apr-26 21:34:41.93] taskkill wtorcs.exe exit=128
[15-Apr-26 21:34:43.14] TORCS_DIR=C:\Users\szymo\source\repos\torcs\torcs\
[15-Apr-26 21:34:43.14] launching without vision
[15-Apr-26 21:34:43.15] start command dispatched
[15-Apr-26 21:34:44.14] running autostart C:\Users\szymo\source\repos\torcs\gym_torcs\autostart_windows.bat
[15-Apr-26 21:34:44.14] autostart exit=0

Image Name                     PID Session Name        Session#    Mem Usage
========================= ======== ================ =========== ============
wtorcs.exe                   60296 Console                    1     84,088 K
INFO: No tasks are running which match the specified criteria.
[15-Apr-26 21:34:46.27] start_torcs_windows.bat end

[15-Apr-26 21:34:57.96] start_torcs_windows.bat begin
[15-Apr-26 21:34:57.97] TORCS_EXE=C:\Users\szymo\source\repos\torcs\torcs\wtorcs.exe
[15-Apr-26 21:34:57.97] TORCS_IMAGE=wtorcs.exe
[15-Apr-26 21:34:57.98] VISION_FLAG=novision
SUCCESS: The process with PID 61412 (child process of PID 60296) has been terminated.
SUCCESS: The process with PID 60296 (child process of PID 66344) has been terminated.
[15-Apr-26 21:34:58.09] taskkill wtorcs.exe exit=0
ERROR: The process "torcs.exe" not found.
[15-Apr-26 21:34:58.21] taskkill torcs.exe exit=128
ERROR: The process "wtorcs.exe" not found.
[15-Apr-26 21:34:58.21] taskkill wtorcs.exe exit=128
[15-Apr-26 21:34:59.20] TORCS_DIR=C:\Users\szymo\source\repos\torcs\torcs\
[15-Apr-26 21:34:59.20] launching without vision
[15-Apr-26 21:34:59.20] start command dispatched
[15-Apr-26 21:35:00.20] running autostart C:\Users\szymo\source\repos\torcs\gym_torcs\autostart_windows.bat
[15-Apr-26 21:35:00.20] autostart exit=0

Image Name                     PID Session Name        Session#    Mem Usage
========================= ======== ================ =========== ============
wtorcs.exe                   64220 Console                    1     83,240 K
INFO: No tasks are running which match the specified criteria.
[15-Apr-26 21:35:02.31] start_torcs_windows.bat end

[15-Apr-26 21:35:11.77] start_torcs_windows.bat begin
[15-Apr-26 21:35:11.78] TORCS_EXE=C:\Users\szymo\source\repos\torcs\torcs\wtorcs.exe
[15-Apr-26 21:35:11.78] TORCS_IMAGE=wtorcs.exe
[15-Apr-26 21:35:11.79] VISION_FLAG=novision
SUCCESS: The process with PID 61872 (child process of PID 64220) has been terminated.
SUCCESS: The process with PID 64220 (child process of PID 65160) has been terminated.
[15-Apr-26 21:35:11.89] taskkill wtorcs.exe exit=0
ERROR: The process "torcs.exe" not found.
[15-Apr-26 21:35:12.00] taskkill torcs.exe exit=128
ERROR: The process "wtorcs.exe" not found.
[15-Apr-26 21:35:12.01] taskkill wtorcs.exe exit=128
[15-Apr-26 21:35:13.22] TORCS_DIR=C:\Users\szymo\source\repos\torcs\torcs\
[15-Apr-26 21:35:13.22] launching without vision
[15-Apr-26 21:35:13.23] start command dispatched
[15-Apr-26 21:35:14.11] running autostart C:\Users\szymo\source\repos\torcs\gym_torcs\autostart_windows.bat
[15-Apr-26 21:35:14.11] autostart exit=0

Image Name                     PID Session Name        Session#    Mem Usage
========================= ======== ================ =========== ============
wtorcs.exe                   63872 Console                    1     84,292 K
INFO: No tasks are running which match the specified criteria.
[15-Apr-26 21:35:16.23] start_torcs_windows.bat end

[15-Apr-26 21:35:25.18] start_torcs_windows.bat begin
[15-Apr-26 21:35:25.19] TORCS_EXE=C:\Users\szymo\source\repos\torcs\torcs\wtorcs.exe
[15-Apr-26 21:35:25.19] TORCS_IMAGE=wtorcs.exe
[15-Apr-26 21:35:25.20] VISION_FLAG=novision
SUCCESS: The process with PID 57504 (child process of PID 63872) has been terminated.
SUCCESS: The process with PID 63872 (child process of PID 66148) has been terminated.
[15-Apr-26 21:35:25.31] taskkill wtorcs.exe exit=0
ERROR: The process "torcs.exe" not found.
[15-Apr-26 21:35:25.43] taskkill torcs.exe exit=128
ERROR: The process "wtorcs.exe" not found.
[15-Apr-26 21:35:25.44] taskkill wtorcs.exe exit=128
[15-Apr-26 21:35:26.20] TORCS_DIR=C:\Users\szymo\source\repos\torcs\torcs\
[15-Apr-26 21:35:26.20] launching without vision
[15-Apr-26 21:35:26.21] start command dispatched
[15-Apr-26 21:35:27.19] running autostart C:\Users\szymo\source\repos\torcs\gym_torcs\autostart_windows.bat
[15-Apr-26 21:35:27.19] autostart exit=0

Image Name                     PID Session Name        Session#    Mem Usage
========================= ======== ================ =========== ============
wtorcs.exe                   64620 Console                    1     84,268 K
INFO: No tasks are running which match the specified criteria.
[15-Apr-26 21:35:29.29] start_torcs_windows.bat end

[15-Apr-26 21:35:38.42] start_torcs_windows.bat begin
[15-Apr-26 21:35:38.43] TORCS_EXE=C:\Users\szymo\source\repos\torcs\torcs\wtorcs.exe
[15-Apr-26 21:35:38.44] TORCS_IMAGE=wtorcs.exe
[15-Apr-26 21:35:38.44] VISION_FLAG=novision
SUCCESS: The process with PID 52692 (child process of PID 64620) has been terminated.
SUCCESS: The process with PID 64620 (child process of PID 62760) has been terminated.
[15-Apr-26 21:35:38.56] taskkill wtorcs.exe exit=0
ERROR: The process "torcs.exe" not found.
[15-Apr-26 21:35:38.68] taskkill torcs.exe exit=128
ERROR: The process "wtorcs.exe" not found.
[15-Apr-26 21:35:38.68] taskkill wtorcs.exe exit=128
[15-Apr-26 21:35:39.12] TORCS_DIR=C:\Users\szymo\source\repos\torcs\torcs\
[15-Apr-26 21:35:39.12] launching without vision
[15-Apr-26 21:35:39.13] start command dispatched
[15-Apr-26 21:35:40.13] running autostart C:\Users\szymo\source\repos\torcs\gym_torcs\autostart_windows.bat
[15-Apr-26 21:35:40.13] autostart exit=0

Image Name                     PID Session Name        Session#    Mem Usage
========================= ======== ================ =========== ============
wtorcs.exe                   64332 Console                    1     83,204 K
INFO: No tasks are running which match the specified criteria.
[15-Apr-26 21:35:42.24] start_torcs_windows.bat end

[15-Apr-26 21:36:04.46] start_torcs_windows.bat begin
[15-Apr-26 21:36:04.47] TORCS_EXE=C:\Users\szymo\source\repos\torcs\torcs\wtorcs.exe
[15-Apr-26 21:36:04.47] TORCS_IMAGE=wtorcs.exe
[15-Apr-26 21:36:04.48] VISION_FLAG=novision
SUCCESS: The process with PID 65336 (child process of PID 64332) has been terminated.
SUCCESS: The process with PID 64332 (child process of PID 63328) has been terminated.
[15-Apr-26 21:36:04.59] taskkill wtorcs.exe exit=0
ERROR: The process "torcs.exe" not found.
[15-Apr-26 21:36:04.71] taskkill torcs.exe exit=128
ERROR: The process "wtorcs.exe" not found.
[15-Apr-26 21:36:04.71] taskkill wtorcs.exe exit=128
[15-Apr-26 21:36:05.16] TORCS_DIR=C:\Users\szymo\source\repos\torcs\torcs\
[15-Apr-26 21:36:05.16] launching without vision
[15-Apr-26 21:36:05.17] start command dispatched
[15-Apr-26 21:36:06.17] running autostart C:\Users\szymo\source\repos\torcs\gym_torcs\autostart_windows.bat
[15-Apr-26 21:36:06.17] autostart exit=0

Image Name                     PID Session Name        Session#    Mem Usage
========================= ======== ================ =========== ============
wtorcs.exe                   63168 Console                    1     84,668 K
INFO: No tasks are running which match the specified criteria.
[15-Apr-26 21:36:08.28] start_torcs_windows.bat end

[15-Apr-26 21:36:17.66] start_torcs_windows.bat begin
[15-Apr-26 21:36:17.66] TORCS_EXE=C:\Users\szymo\source\repos\torcs\torcs\wtorcs.exe
[15-Apr-26 21:36:17.67] TORCS_IMAGE=wtorcs.exe
[15-Apr-26 21:36:17.67] VISION_FLAG=novision
SUCCESS: The process with PID 62524 (child process of PID 63168) has been terminated.
SUCCESS: The process with PID 63168 (child process of PID 61636) has been terminated.
[15-Apr-26 21:36:17.78] taskkill wtorcs.exe exit=0
ERROR: The process "torcs.exe" not found.
[15-Apr-26 21:36:17.91] taskkill torcs.exe exit=128
ERROR: The process "wtorcs.exe" not found.
[15-Apr-26 21:36:17.92] taskkill wtorcs.exe exit=128
[15-Apr-26 21:36:19.13] TORCS_DIR=C:\Users\szymo\source\repos\torcs\torcs\
[15-Apr-26 21:36:19.13] launching without vision
[15-Apr-26 21:36:19.14] start command dispatched
[15-Apr-26 21:36:20.13] running autostart C:\Users\szymo\source\repos\torcs\gym_torcs\autostart_windows.bat
[15-Apr-26 21:36:20.13] autostart exit=0

Image Name                     PID Session Name        Session#    Mem Usage
========================= ======== ================ =========== ============
wtorcs.exe                   62692 Console                    1     85,388 K
INFO: No tasks are running which match the specified criteria.
[15-Apr-26 21:36:22.25] start_torcs_windows.bat end

[15-Apr-26 21:36:31.58] start_torcs_windows.bat begin
[15-Apr-26 21:36:31.59] TORCS_EXE=C:\Users\szymo\source\repos\torcs\torcs\wtorcs.exe
[15-Apr-26 21:36:31.60] TORCS_IMAGE=wtorcs.exe
[15-Apr-26 21:36:31.60] VISION_FLAG=novision
SUCCESS: The process with PID 63440 (child process of PID 62692) has been terminated.
SUCCESS: The process with PID 62692 (child process of PID 64468) has been terminated.
[15-Apr-26 21:36:31.72] taskkill wtorcs.exe exit=0
ERROR: The process "torcs.exe" not found.
[15-Apr-26 21:36:31.86] taskkill torcs.exe exit=128
ERROR: The process "wtorcs.exe" not found.
[15-Apr-26 21:36:31.87] taskkill wtorcs.exe exit=128
[15-Apr-26 21:36:32.21] TORCS_DIR=C:\Users\szymo\source\repos\torcs\torcs\
[15-Apr-26 21:36:32.21] launching without vision
[15-Apr-26 21:36:32.22] start command dispatched
[15-Apr-26 21:36:33.20] running autostart C:\Users\szymo\source\repos\torcs\gym_torcs\autostart_windows.bat
[15-Apr-26 21:36:33.20] autostart exit=0

Image Name                     PID Session Name        Session#    Mem Usage
========================= ======== ================ =========== ============
wtorcs.exe                   64152 Console                    1     86,240 K
INFO: No tasks are running which match the specified criteria.
[15-Apr-26 21:36:35.34] start_torcs_windows.bat end

[15-Apr-26 21:36:45.24] start_torcs_windows.bat begin
[15-Apr-26 21:36:45.25] TORCS_EXE=C:\Users\szymo\source\repos\torcs\torcs\wtorcs.exe
[15-Apr-26 21:36:45.26] TORCS_IMAGE=wtorcs.exe
[15-Apr-26 21:36:45.26] VISION_FLAG=novision
SUCCESS: The process with PID 61616 (child process of PID 64152) has been terminated.
SUCCESS: The process with PID 64152 (child process of PID 64976) has been terminated.
[15-Apr-26 21:36:45.37] taskkill wtorcs.exe exit=0
ERROR: The process "torcs.exe" not found.
[15-Apr-26 21:36:45.48] taskkill torcs.exe exit=128
ERROR: The process "wtorcs.exe" not found.
[15-Apr-26 21:36:45.49] taskkill wtorcs.exe exit=128
[15-Apr-26 21:36:46.16] TORCS_DIR=C:\Users\szymo\source\repos\torcs\torcs\
[15-Apr-26 21:36:46.16] launching without vision
[15-Apr-26 21:36:46.17] start command dispatched
[15-Apr-26 21:36:47.15] running autostart C:\Users\szymo\source\repos\torcs\gym_torcs\autostart_windows.bat
[15-Apr-26 21:36:47.15] autostart exit=0

Image Name                     PID Session Name        Session#    Mem Usage
========================= ======== ================ =========== ============
wtorcs.exe                   61820 Console                    1     83,316 K
INFO: No tasks are running which match the specified criteria.
[15-Apr-26 21:36:49.27] start_torcs_windows.bat end

[15-Apr-26 21:36:59.86] start_torcs_windows.bat begin
[15-Apr-26 21:36:59.86] TORCS_EXE=C:\Users\szymo\source\repos\torcs\torcs\wtorcs.exe
[15-Apr-26 21:36:59.87] TORCS_IMAGE=wtorcs.exe
[15-Apr-26 21:36:59.87] VISION_FLAG=novision
SUCCESS: The process with PID 66456 (child process of PID 61820) has been terminated.
SUCCESS: The process with PID 61820 (child process of PID 65516) has been terminated.
[15-Apr-26 21:36:59.98] taskkill wtorcs.exe exit=0
ERROR: The process "torcs.exe" not found.
[15-Apr-26 21:37:00.09] taskkill torcs.exe exit=128
ERROR: The process "wtorcs.exe" not found.
[15-Apr-26 21:37:00.10] taskkill wtorcs.exe exit=128
[15-Apr-26 21:37:01.20] TORCS_DIR=C:\Users\szymo\source\repos\torcs\torcs\
[15-Apr-26 21:37:01.20] launching without vision
[15-Apr-26 21:37:01.20] start command dispatched
[15-Apr-26 21:37:02.19] running autostart C:\Users\szymo\source\repos\torcs\gym_torcs\autostart_windows.bat
[15-Apr-26 21:37:02.19] autostart exit=0

Image Name                     PID Session Name        Session#    Mem Usage
========================= ======== ================ =========== ============
wtorcs.exe                   63928 Console                    1     83,200 K
INFO: No tasks are running which match the specified criteria.
[15-Apr-26 21:37:04.29] start_torcs_windows.bat end

[15-Apr-26 21:37:14.07] start_torcs_windows.bat begin
[15-Apr-26 21:37:14.07] TORCS_EXE=C:\Users\szymo\source\repos\torcs\torcs\wtorcs.exe
[15-Apr-26 21:37:14.08] TORCS_IMAGE=wtorcs.exe
[15-Apr-26 21:37:14.09] VISION_FLAG=novision
SUCCESS: The process with PID 61920 (child process of PID 63928) has been terminated.
SUCCESS: The process with PID 63928 (child process of PID 62744) has been terminated.
[15-Apr-26 21:37:14.19] taskkill wtorcs.exe exit=0
ERROR: The process "torcs.exe" not found.
[15-Apr-26 21:37:14.30] taskkill torcs.exe exit=128
ERROR: The process "wtorcs.exe" not found.
[15-Apr-26 21:37:14.30] taskkill wtorcs.exe exit=128
[15-Apr-26 21:37:15.18] TORCS_DIR=C:\Users\szymo\source\repos\torcs\torcs\
[15-Apr-26 21:37:15.18] launching without vision
[15-Apr-26 21:37:15.19] start command dispatched
[15-Apr-26 21:37:16.18] running autostart C:\Users\szymo\source\repos\torcs\gym_torcs\autostart_windows.bat
[15-Apr-26 21:37:16.18] autostart exit=0

Image Name                     PID Session Name        Session#    Mem Usage
========================= ======== ================ =========== ============
wtorcs.exe                   65416 Console                    1     83,464 K
INFO: No tasks are running which match the specified criteria.
[15-Apr-26 21:37:18.29] start_torcs_windows.bat end

[15-Apr-26 21:37:28.58] start_torcs_windows.bat begin
[15-Apr-26 21:37:28.59] TORCS_EXE=C:\Users\szymo\source\repos\torcs\torcs\wtorcs.exe
[15-Apr-26 21:37:28.59] TORCS_IMAGE=wtorcs.exe
[15-Apr-26 21:37:28.60] VISION_FLAG=novision
SUCCESS: The process with PID 62680 (child process of PID 65416) has been terminated.
SUCCESS: The process with PID 65416 (child process of PID 63292) has been terminated.
[15-Apr-26 21:37:28.70] taskkill wtorcs.exe exit=0
ERROR: The process "torcs.exe" not found.
[15-Apr-26 21:37:28.83] taskkill torcs.exe exit=128
ERROR: The process "wtorcs.exe" not found.
[15-Apr-26 21:37:28.84] taskkill wtorcs.exe exit=128
[15-Apr-26 21:37:29.16] TORCS_DIR=C:\Users\szymo\source\repos\torcs\torcs\
[15-Apr-26 21:37:29.16] launching without vision
[15-Apr-26 21:37:29.17] start command dispatched
[15-Apr-26 21:37:30.16] running autostart C:\Users\szymo\source\repos\torcs\gym_torcs\autostart_windows.bat
[15-Apr-26 21:37:30.16] autostart exit=0

Image Name                     PID Session Name        Session#    Mem Usage
========================= ======== ================ =========== ============
wtorcs.exe                   66416 Console                    1     82,800 K
INFO: No tasks are running which match the specified criteria.
[15-Apr-26 21:37:32.27] start_torcs_windows.bat end

[15-Apr-26 21:37:42.86] start_torcs_windows.bat begin
[15-Apr-26 21:37:42.87] TORCS_EXE=C:\Users\szymo\source\repos\torcs\torcs\wtorcs.exe
[15-Apr-26 21:37:42.87] TORCS_IMAGE=wtorcs.exe
[15-Apr-26 21:37:42.88] VISION_FLAG=novision
SUCCESS: The process with PID 64432 (child process of PID 66416) has been terminated.
SUCCESS: The process with PID 66416 (child process of PID 62512) has been terminated.
[15-Apr-26 21:37:43.00] taskkill wtorcs.exe exit=0
ERROR: The process "torcs.exe" not found.
[15-Apr-26 21:37:43.12] taskkill torcs.exe exit=128
ERROR: The process "wtorcs.exe" not found.
[15-Apr-26 21:37:43.13] taskkill wtorcs.exe exit=128
[15-Apr-26 21:37:44.14] TORCS_DIR=C:\Users\szymo\source\repos\torcs\torcs\
[15-Apr-26 21:37:44.14] launching without vision
[15-Apr-26 21:37:44.15] start command dispatched
[15-Apr-26 21:37:45.13] running autostart C:\Users\szymo\source\repos\torcs\gym_torcs\autostart_windows.bat
[15-Apr-26 21:37:45.13] autostart exit=0

Image Name                     PID Session Name        Session#    Mem Usage
========================= ======== ================ =========== ============
wtorcs.exe                   66520 Console                    1     62,428 K
INFO: No tasks are running which match the specified criteria.
[15-Apr-26 21:37:47.28] start_torcs_windows.bat end

[15-Apr-26 21:38:22.09] start_torcs_windows.bat begin
[15-Apr-26 21:38:22.09] TORCS_EXE=C:\Users\szymo\source\repos\torcs\torcs\wtorcs.exe
[15-Apr-26 21:38:22.10] TORCS_IMAGE=wtorcs.exe
[15-Apr-26 21:38:22.10] VISION_FLAG=novision
ERROR: The process "wtorcs.exe" not found.
[15-Apr-26 21:38:22.21] taskkill wtorcs.exe exit=128
ERROR: The process "torcs.exe" not found.
[15-Apr-26 21:38:22.31] taskkill torcs.exe exit=128
ERROR: The process "wtorcs.exe" not found.
[15-Apr-26 21:38:22.32] taskkill wtorcs.exe exit=128
[15-Apr-26 21:38:23.20] TORCS_DIR=C:\Users\szymo\source\repos\torcs\torcs\
[15-Apr-26 21:38:23.20] launching without vision
[15-Apr-26 21:38:23.21] start command dispatched
[15-Apr-26 21:38:24.19] running autostart C:\Users\szymo\source\repos\torcs\gym_torcs\autostart_windows.bat
[15-Apr-26 21:38:24.19] autostart exit=0

Image Name                     PID Session Name        Session#    Mem Usage
========================= ======== ================ =========== ============
wtorcs.exe                   60536 Console                    1     84,504 K
INFO: No tasks are running which match the specified criteria.
[15-Apr-26 21:38:26.33] start_torcs_windows.bat end

[15-Apr-26 21:38:29.29] start_torcs_windows.bat begin
[15-Apr-26 21:38:29.29] TORCS_EXE=C:\Users\szymo\source\repos\torcs\torcs\wtorcs.exe
[15-Apr-26 21:38:29.30] TORCS_IMAGE=wtorcs.exe
[15-Apr-26 21:38:29.30] VISION_FLAG=novision
SUCCESS: The process with PID 63164 (child process of PID 60536) has been terminated.
SUCCESS: The process with PID 60536 (child process of PID 60852) has been terminated.
[15-Apr-26 21:38:29.41] taskkill wtorcs.exe exit=0
ERROR: The process "torcs.exe" not found.
[15-Apr-26 21:38:29.52] taskkill torcs.exe exit=128
ERROR: The process "wtorcs.exe" not found.
[15-Apr-26 21:38:29.52] taskkill wtorcs.exe exit=128
[15-Apr-26 21:38:30.18] TORCS_DIR=C:\Users\szymo\source\repos\torcs\torcs\
[15-Apr-26 21:38:30.18] launching without vision
[15-Apr-26 21:38:30.19] start command dispatched
[15-Apr-26 21:38:31.18] running autostart C:\Users\szymo\source\repos\torcs\gym_torcs\autostart_windows.bat
[15-Apr-26 21:38:31.18] autostart exit=0

Image Name                     PID Session Name        Session#    Mem Usage
========================= ======== ================ =========== ============
wtorcs.exe                   66120 Console                    1     85,512 K
INFO: No tasks are running which match the specified criteria.
[15-Apr-26 21:38:33.30] start_torcs_windows.bat end

[15-Apr-26 21:39:02.07] start_torcs_windows.bat begin
[15-Apr-26 21:39:02.08] TORCS_EXE=C:\Users\szymo\source\repos\torcs\torcs\wtorcs.exe
[15-Apr-26 21:39:02.08] TORCS_IMAGE=wtorcs.exe
[15-Apr-26 21:39:02.09] VISION_FLAG=novision
SUCCESS: The process with PID 63196 (child process of PID 66120) has been terminated.
SUCCESS: The process with PID 66120 (child process of PID 61976) has been terminated.
[15-Apr-26 21:39:02.20] taskkill wtorcs.exe exit=0
ERROR: The process "torcs.exe" not found.
[15-Apr-26 21:39:02.31] taskkill torcs.exe exit=128
ERROR: The process "wtorcs.exe" not found.
[15-Apr-26 21:39:02.31] taskkill wtorcs.exe exit=128
[15-Apr-26 21:39:03.19] TORCS_DIR=C:\Users\szymo\source\repos\torcs\torcs\
[15-Apr-26 21:39:03.20] launching without vision
[15-Apr-26 21:39:03.20] start command dispatched
[15-Apr-26 21:39:04.20] running autostart C:\Users\szymo\source\repos\torcs\gym_torcs\autostart_windows.bat
[15-Apr-26 21:39:04.20] autostart exit=0

Image Name                     PID Session Name        Session#    Mem Usage
========================= ======== ================ =========== ============
wtorcs.exe                   61632 Console                    1     84,820 K
INFO: No tasks are running which match the specified criteria.
[15-Apr-26 21:39:06.32] start_torcs_windows.bat end

[15-Apr-26 21:39:18.47] start_torcs_windows.bat begin
[15-Apr-26 21:39:18.47] TORCS_EXE=C:\Users\szymo\source\repos\torcs\torcs\wtorcs.exe
[15-Apr-26 21:39:18.48] TORCS_IMAGE=wtorcs.exe
[15-Apr-26 21:39:18.48] VISION_FLAG=novision
SUCCESS: The process with PID 57492 (child process of PID 61632) has been terminated.
SUCCESS: The process with PID 61632 (child process of PID 66248) has been terminated.
[15-Apr-26 21:39:18.60] taskkill wtorcs.exe exit=0
ERROR: The process "torcs.exe" not found.
[15-Apr-26 21:39:18.72] taskkill torcs.exe exit=128
ERROR: The process "wtorcs.exe" not found.
[15-Apr-26 21:39:18.73] taskkill wtorcs.exe exit=128
[15-Apr-26 21:39:19.17] TORCS_DIR=C:\Users\szymo\source\repos\torcs\torcs\
[15-Apr-26 21:39:19.17] launching without vision
[15-Apr-26 21:39:19.17] start command dispatched
[15-Apr-26 21:39:20.17] running autostart C:\Users\szymo\source\repos\torcs\gym_torcs\autostart_windows.bat
[15-Apr-26 21:39:20.17] autostart exit=0

Image Name                     PID Session Name        Session#    Mem Usage
========================= ======== ================ =========== ============
wtorcs.exe                   63504 Console                    1     84,256 K
INFO: No tasks are running which match the specified criteria.
[15-Apr-26 21:39:22.30] start_torcs_windows.bat end

[15-Apr-26 21:39:32.66] start_torcs_windows.bat begin
[15-Apr-26 21:39:32.67] TORCS_EXE=C:\Users\szymo\source\repos\torcs\torcs\wtorcs.exe
[15-Apr-26 21:39:32.67] TORCS_IMAGE=wtorcs.exe
[15-Apr-26 21:39:32.68] VISION_FLAG=novision
SUCCESS: The process with PID 58420 (child process of PID 63504) has been terminated.
SUCCESS: The process with PID 63504 (child process of PID 58472) has been terminated.
[15-Apr-26 21:39:32.78] taskkill wtorcs.exe exit=0
ERROR: The process "torcs.exe" not found.
[15-Apr-26 21:39:32.90] taskkill torcs.exe exit=128
ERROR: The process "wtorcs.exe" not found.
[15-Apr-26 21:39:32.91] taskkill wtorcs.exe exit=128
[15-Apr-26 21:39:34.12] TORCS_DIR=C:\Users\szymo\source\repos\torcs\torcs\
[15-Apr-26 21:39:34.12] launching without vision
[15-Apr-26 21:39:34.13] start command dispatched
[15-Apr-26 21:39:35.12] running autostart C:\Users\szymo\source\repos\torcs\gym_torcs\autostart_windows.bat
[15-Apr-26 21:39:35.12] autostart exit=0

Image Name                     PID Session Name        Session#    Mem Usage
========================= ======== ================ =========== ============
wtorcs.exe                   61796 Console                    1     84,096 K
INFO: No tasks are running which match the specified criteria.
[15-Apr-26 21:39:37.22] start_torcs_windows.bat end

[15-Apr-26 21:39:46.76] start_torcs_windows.bat begin
[15-Apr-26 21:39:46.76] TORCS_EXE=C:\Users\szymo\source\repos\torcs\torcs\wtorcs.exe
[15-Apr-26 21:39:46.77] TORCS_IMAGE=wtorcs.exe
[15-Apr-26 21:39:46.77] VISION_FLAG=novision
SUCCESS: The process with PID 63840 (child process of PID 61796) has been terminated.
SUCCESS: The process with PID 61796 (child process of PID 63712) has been terminated.
[15-Apr-26 21:39:46.88] taskkill wtorcs.exe exit=0
ERROR: The process "torcs.exe" not found.
[15-Apr-26 21:39:46.99] taskkill torcs.exe exit=128
ERROR: The process "wtorcs.exe" not found.
[15-Apr-26 21:39:47.00] taskkill wtorcs.exe exit=128
[15-Apr-26 21:39:48.21] TORCS_DIR=C:\Users\szymo\source\repos\torcs\torcs\
[15-Apr-26 21:39:48.21] launching without vision
[15-Apr-26 21:39:48.22] start command dispatched
[15-Apr-26 21:39:49.21] running autostart C:\Users\szymo\source\repos\torcs\gym_torcs\autostart_windows.bat
[15-Apr-26 21:39:49.21] autostart exit=0

Image Name                     PID Session Name        Session#    Mem Usage
========================= ======== ================ =========== ============
wtorcs.exe                   62472 Console                    1     83,128 K
INFO: No tasks are running which match the specified criteria.
[15-Apr-26 21:39:51.32] start_torcs_windows.bat end

[15-Apr-26 21:40:02.68] start_torcs_windows.bat begin
[15-Apr-26 21:40:02.69] TORCS_EXE=C:\Users\szymo\source\repos\torcs\torcs\wtorcs.exe
[15-Apr-26 21:40:02.70] TORCS_IMAGE=wtorcs.exe
[15-Apr-26 21:40:02.70] VISION_FLAG=novision
SUCCESS: The process with PID 63268 (child process of PID 62472) has been terminated.
SUCCESS: The process with PID 62472 (child process of PID 66532) has been terminated.
[15-Apr-26 21:40:02.81] taskkill wtorcs.exe exit=0
ERROR: The process "torcs.exe" not found.
[15-Apr-26 21:40:02.93] taskkill torcs.exe exit=128
ERROR: The process "wtorcs.exe" not found.
[15-Apr-26 21:40:02.93] taskkill wtorcs.exe exit=128
[15-Apr-26 21:40:04.15] TORCS_DIR=C:\Users\szymo\source\repos\torcs\torcs\
[15-Apr-26 21:40:04.15] launching without vision
[15-Apr-26 21:40:04.16] start command dispatched
[15-Apr-26 21:40:05.15] running autostart C:\Users\szymo\source\repos\torcs\gym_torcs\autostart_windows.bat
[15-Apr-26 21:40:05.15] autostart exit=0

Image Name                     PID Session Name        Session#    Mem Usage
========================= ======== ================ =========== ============
wtorcs.exe                   60188 Console                    1     84,056 K
INFO: No tasks are running which match the specified criteria.
[15-Apr-26 21:40:07.24] start_torcs_windows.bat end

[15-Apr-26 21:40:16.41] start_torcs_windows.bat begin
[15-Apr-26 21:40:16.42] TORCS_EXE=C:\Users\szymo\source\repos\torcs\torcs\wtorcs.exe
[15-Apr-26 21:40:16.42] TORCS_IMAGE=wtorcs.exe
[15-Apr-26 21:40:16.43] VISION_FLAG=novision
SUCCESS: The process with PID 63116 (child process of PID 60188) has been terminated.
SUCCESS: The process with PID 60188 (child process of PID 63660) has been terminated.
[15-Apr-26 21:40:16.54] taskkill wtorcs.exe exit=0
ERROR: The process "torcs.exe" not found.
[15-Apr-26 21:40:16.65] taskkill torcs.exe exit=128
ERROR: The process "wtorcs.exe" not found.
[15-Apr-26 21:40:16.66] taskkill wtorcs.exe exit=128
[15-Apr-26 21:40:17.20] TORCS_DIR=C:\Users\szymo\source\repos\torcs\torcs\
[15-Apr-26 21:40:17.20] launching without vision
[15-Apr-26 21:40:17.21] start command dispatched
[15-Apr-26 21:40:18.20] running autostart C:\Users\szymo\source\repos\torcs\gym_torcs\autostart_windows.bat
[15-Apr-26 21:40:18.20] autostart exit=0

Image Name                     PID Session Name        Session#    Mem Usage
========================= ======== ================ =========== ============
wtorcs.exe                   61580 Console                    1     63,088 K
INFO: No tasks are running which match the specified criteria.
[15-Apr-26 21:40:20.31] start_torcs_windows.bat end

[15-Apr-26 21:40:33.39] start_torcs_windows.bat begin
[15-Apr-26 21:40:33.40] TORCS_EXE=C:\Users\szymo\source\repos\torcs\torcs\wtorcs.exe
[15-Apr-26 21:40:33.40] TORCS_IMAGE=wtorcs.exe
[15-Apr-26 21:40:33.41] VISION_FLAG=novision
SUCCESS: The process with PID 62048 (child process of PID 61580) has been terminated.
SUCCESS: The process with PID 61580 (child process of PID 60728) has been terminated.
[15-Apr-26 21:40:33.52] taskkill wtorcs.exe exit=0
ERROR: The process "torcs.exe" not found.
[15-Apr-26 21:40:33.64] taskkill torcs.exe exit=128
ERROR: The process "wtorcs.exe" not found.
[15-Apr-26 21:40:33.64] taskkill wtorcs.exe exit=128
[15-Apr-26 21:40:34.20] TORCS_DIR=C:\Users\szymo\source\repos\torcs\torcs\
[15-Apr-26 21:40:34.20] launching without vision
[15-Apr-26 21:40:34.20] start command dispatched
[15-Apr-26 21:40:35.19] running autostart C:\Users\szymo\source\repos\torcs\gym_torcs\autostart_windows.bat
[15-Apr-26 21:40:35.19] autostart exit=0

Image Name                     PID Session Name        Session#    Mem Usage
========================= ======== ================ =========== ============
wtorcs.exe                   66488 Console                    1     83,708 K
INFO: No tasks are running which match the specified criteria.
[15-Apr-26 21:40:37.31] start_torcs_windows.bat end

[15-Apr-26 21:40:47.85] start_torcs_windows.bat begin
[15-Apr-26 21:40:47.86] TORCS_EXE=C:\Users\szymo\source\repos\torcs\torcs\wtorcs.exe
[15-Apr-26 21:40:47.87] TORCS_IMAGE=wtorcs.exe
[15-Apr-26 21:40:47.87] VISION_FLAG=novision
SUCCESS: The process with PID 53084 (child process of PID 66488) has been terminated.
SUCCESS: The process with PID 66488 (child process of PID 64312) has been terminated.
[15-Apr-26 21:40:47.98] taskkill wtorcs.exe exit=0
ERROR: The process "torcs.exe" not found.
[15-Apr-26 21:40:48.09] taskkill torcs.exe exit=128
ERROR: The process "wtorcs.exe" not found.
[15-Apr-26 21:40:48.10] taskkill wtorcs.exe exit=128
[15-Apr-26 21:40:49.19] TORCS_DIR=C:\Users\szymo\source\repos\torcs\torcs\
[15-Apr-26 21:40:49.19] launching without vision
[15-Apr-26 21:40:49.20] start command dispatched
[15-Apr-26 21:40:50.20] running autostart C:\Users\szymo\source\repos\torcs\gym_torcs\autostart_windows.bat
[15-Apr-26 21:40:50.20] autostart exit=0

Image Name                     PID Session Name        Session#    Mem Usage
========================= ======== ================ =========== ============
wtorcs.exe                   63140 Console                    1     84,520 K
INFO: No tasks are running which match the specified criteria.
[15-Apr-26 21:40:52.32] start_torcs_windows.bat end

[15-Apr-26 21:41:04.38] start_torcs_windows.bat begin
[15-Apr-26 21:41:04.39] TORCS_EXE=C:\Users\szymo\source\repos\torcs\torcs\wtorcs.exe
[15-Apr-26 21:41:04.39] TORCS_IMAGE=wtorcs.exe
[15-Apr-26 21:41:04.40] VISION_FLAG=novision
SUCCESS: The process with PID 60868 (child process of PID 63140) has been terminated.
SUCCESS: The process with PID 63140 (child process of PID 63764) has been terminated.
[15-Apr-26 21:41:04.51] taskkill wtorcs.exe exit=0
ERROR: The process "torcs.exe" not found.
[15-Apr-26 21:41:04.63] taskkill torcs.exe exit=128
ERROR: The process "wtorcs.exe" not found.
[15-Apr-26 21:41:04.63] taskkill wtorcs.exe exit=128
[15-Apr-26 21:41:05.19] TORCS_DIR=C:\Users\szymo\source\repos\torcs\torcs\
[15-Apr-26 21:41:05.19] launching without vision
[15-Apr-26 21:41:05.20] start command dispatched
[15-Apr-26 21:41:06.19] running autostart C:\Users\szymo\source\repos\torcs\gym_torcs\autostart_windows.bat
[15-Apr-26 21:41:06.19] autostart exit=0

Image Name                     PID Session Name        Session#    Mem Usage
========================= ======== ================ =========== ============
wtorcs.exe                   11736 Console                    1     83,296 K
INFO: No tasks are running which match the specified criteria.
[15-Apr-26 21:41:08.29] start_torcs_windows.bat end

[15-Apr-26 21:41:20.75] start_torcs_windows.bat begin
[15-Apr-26 21:41:20.75] TORCS_EXE=C:\Users\szymo\source\repos\torcs\torcs\wtorcs.exe
[15-Apr-26 21:41:20.76] TORCS_IMAGE=wtorcs.exe
[15-Apr-26 21:41:20.77] VISION_FLAG=novision
SUCCESS: The process with PID 65944 (child process of PID 11736) has been terminated.
SUCCESS: The process with PID 11736 (child process of PID 60112) has been terminated.
[15-Apr-26 21:41:20.87] taskkill wtorcs.exe exit=0
ERROR: The process "torcs.exe" not found.
[15-Apr-26 21:41:20.99] taskkill torcs.exe exit=128
ERROR: The process "wtorcs.exe" not found.
[15-Apr-26 21:41:21.00] taskkill wtorcs.exe exit=128
[15-Apr-26 21:41:22.20] TORCS_DIR=C:\Users\szymo\source\repos\torcs\torcs\
[15-Apr-26 21:41:22.20] launching without vision
[15-Apr-26 21:41:22.20] start command dispatched
[15-Apr-26 21:41:23.19] running autostart C:\Users\szymo\source\repos\torcs\gym_torcs\autostart_windows.bat
[15-Apr-26 21:41:23.19] autostart exit=0

Image Name                     PID Session Name        Session#    Mem Usage
========================= ======== ================ =========== ============
wtorcs.exe                   64272 Console                    1     84,304 K
INFO: No tasks are running which match the specified criteria.
[15-Apr-26 21:41:25.30] start_torcs_windows.bat end

[15-Apr-26 21:41:34.81] start_torcs_windows.bat begin
[15-Apr-26 21:41:34.81] TORCS_EXE=C:\Users\szymo\source\repos\torcs\torcs\wtorcs.exe
[15-Apr-26 21:41:34.82] TORCS_IMAGE=wtorcs.exe
[15-Apr-26 21:41:34.82] VISION_FLAG=novision
SUCCESS: The process with PID 65476 (child process of PID 64272) has been terminated.
SUCCESS: The process with PID 64272 (child process of PID 60804) has been terminated.
[15-Apr-26 21:41:34.93] taskkill wtorcs.exe exit=0
ERROR: The process "torcs.exe" not found.
[15-Apr-26 21:41:35.05] taskkill torcs.exe exit=128
ERROR: The process "wtorcs.exe" not found.
[15-Apr-26 21:41:35.05] taskkill wtorcs.exe exit=128
[15-Apr-26 21:41:36.14] TORCS_DIR=C:\Users\szymo\source\repos\torcs\torcs\
[15-Apr-26 21:41:36.14] launching without vision
[15-Apr-26 21:41:36.15] start command dispatched
[15-Apr-26 21:41:37.14] running autostart C:\Users\szymo\source\repos\torcs\gym_torcs\autostart_windows.bat
[15-Apr-26 21:41:37.14] autostart exit=0

Image Name                     PID Session Name        Session#    Mem Usage
========================= ======== ================ =========== ============
wtorcs.exe                   62560 Console                    1     84,296 K
INFO: No tasks are running which match the specified criteria.
[15-Apr-26 21:41:39.26] start_torcs_windows.bat end

[15-Apr-26 21:41:48.95] start_torcs_windows.bat begin
[15-Apr-26 21:41:48.96] TORCS_EXE=C:\Users\szymo\source\repos\torcs\torcs\wtorcs.exe
[15-Apr-26 21:41:48.96] TORCS_IMAGE=wtorcs.exe
[15-Apr-26 21:41:48.97] VISION_FLAG=novision
SUCCESS: The process with PID 53220 (child process of PID 62560) has been terminated.
SUCCESS: The process with PID 62560 (child process of PID 65948) has been terminated.
[15-Apr-26 21:41:49.08] taskkill wtorcs.exe exit=0
ERROR: The process "torcs.exe" not found.
[15-Apr-26 21:41:49.20] taskkill torcs.exe exit=128
ERROR: The process "wtorcs.exe" not found.
[15-Apr-26 21:41:49.20] taskkill wtorcs.exe exit=128
[15-Apr-26 21:41:50.21] TORCS_DIR=C:\Users\szymo\source\repos\torcs\torcs\
[15-Apr-26 21:41:50.21] launching without vision
[15-Apr-26 21:41:50.22] start command dispatched
[15-Apr-26 21:41:51.21] running autostart C:\Users\szymo\source\repos\torcs\gym_torcs\autostart_windows.bat
[15-Apr-26 21:41:51.21] autostart exit=0

Image Name                     PID Session Name        Session#    Mem Usage
========================= ======== ================ =========== ============
wtorcs.exe                   54144 Console                    1     83,788 K
INFO: No tasks are running which match the specified criteria.
[15-Apr-26 21:41:53.34] start_torcs_windows.bat end

[15-Apr-26 21:42:14.99] start_torcs_windows.bat begin
[15-Apr-26 21:42:15.00] TORCS_EXE=C:\Users\szymo\source\repos\torcs\torcs\wtorcs.exe
[15-Apr-26 21:42:15.00] TORCS_IMAGE=wtorcs.exe
[15-Apr-26 21:42:15.00] VISION_FLAG=novision
SUCCESS: The process with PID 60280 (child process of PID 54144) has been terminated.
SUCCESS: The process with PID 54144 (child process of PID 61568) has been terminated.
[15-Apr-26 21:42:15.11] taskkill wtorcs.exe exit=0
ERROR: The process "torcs.exe" not found.
[15-Apr-26 21:42:15.22] taskkill torcs.exe exit=128
ERROR: The process "wtorcs.exe" not found.
[15-Apr-26 21:42:15.23] taskkill wtorcs.exe exit=128
[15-Apr-26 21:42:16.21] TORCS_DIR=C:\Users\szymo\source\repos\torcs\torcs\
[15-Apr-26 21:42:16.21] launching without vision
[15-Apr-26 21:42:16.22] start command dispatched
[15-Apr-26 21:42:17.20] running autostart C:\Users\szymo\source\repos\torcs\gym_torcs\autostart_windows.bat
[15-Apr-26 21:42:17.20] autostart exit=0

Image Name                     PID Session Name        Session#    Mem Usage
========================= ======== ================ =========== ============
wtorcs.exe                   61992 Console                    1     84,792 K
INFO: No tasks are running which match the specified criteria.
[15-Apr-26 21:42:19.30] start_torcs_windows.bat end

[15-Apr-26 21:42:41.54] start_torcs_windows.bat begin
[15-Apr-26 21:42:41.55] TORCS_EXE=C:\Users\szymo\source\repos\torcs\torcs\wtorcs.exe
[15-Apr-26 21:42:41.56] TORCS_IMAGE=wtorcs.exe
[15-Apr-26 21:42:41.56] VISION_FLAG=novision
SUCCESS: The process with PID 62840 (child process of PID 61992) has been terminated.
SUCCESS: The process with PID 61992 (child process of PID 66404) has been terminated.
[15-Apr-26 21:42:41.67] taskkill wtorcs.exe exit=0
ERROR: The process "torcs.exe" not found.
[15-Apr-26 21:42:41.80] taskkill torcs.exe exit=128
ERROR: The process "wtorcs.exe" not found.
[15-Apr-26 21:42:41.81] taskkill wtorcs.exe exit=128
[15-Apr-26 21:42:42.14] TORCS_DIR=C:\Users\szymo\source\repos\torcs\torcs\
[15-Apr-26 21:42:42.14] launching without vision
[15-Apr-26 21:42:42.15] start command dispatched
[15-Apr-26 21:42:43.14] running autostart C:\Users\szymo\source\repos\torcs\gym_torcs\autostart_windows.bat
[15-Apr-26 21:42:43.14] autostart exit=0

Image Name                     PID Session Name        Session#    Mem Usage
========================= ======== ================ =========== ============
wtorcs.exe                   62324 Console                    1     82,948 K
INFO: No tasks are running which match the specified criteria.
[15-Apr-26 21:42:45.24] start_torcs_windows.bat end

[15-Apr-26 21:42:54.52] start_torcs_windows.bat begin
[15-Apr-26 21:42:54.53] TORCS_EXE=C:\Users\szymo\source\repos\torcs\torcs\wtorcs.exe
[15-Apr-26 21:42:54.53] TORCS_IMAGE=wtorcs.exe
[15-Apr-26 21:42:54.54] VISION_FLAG=novision
SUCCESS: The process with PID 62452 (child process of PID 62324) has been terminated.
SUCCESS: The process with PID 62324 (child process of PID 61012) has been terminated.
[15-Apr-26 21:42:54.65] taskkill wtorcs.exe exit=0
ERROR: The process "torcs.exe" not found.
[15-Apr-26 21:42:54.78] taskkill torcs.exe exit=128
ERROR: The process "wtorcs.exe" not found.
[15-Apr-26 21:42:54.78] taskkill wtorcs.exe exit=128
[15-Apr-26 21:42:55.11] TORCS_DIR=C:\Users\szymo\source\repos\torcs\torcs\
[15-Apr-26 21:42:55.11] launching without vision
[15-Apr-26 21:42:55.12] start command dispatched
[15-Apr-26 21:42:56.11] running autostart C:\Users\szymo\source\repos\torcs\gym_torcs\autostart_windows.bat
[15-Apr-26 21:42:56.11] autostart exit=0

Image Name                     PID Session Name        Session#    Mem Usage
========================= ======== ================ =========== ============
wtorcs.exe                   66500 Console                    1     84,064 K
INFO: No tasks are running which match the specified criteria.
[15-Apr-26 21:42:58.21] start_torcs_windows.bat end

[15-Apr-26 21:43:08.20] start_torcs_windows.bat begin
[15-Apr-26 21:43:08.20] TORCS_EXE=C:\Users\szymo\source\repos\torcs\torcs\wtorcs.exe
[15-Apr-26 21:43:08.21] TORCS_IMAGE=wtorcs.exe
[15-Apr-26 21:43:08.21] VISION_FLAG=novision
SUCCESS: The process with PID 62492 (child process of PID 66500) has been terminated.
SUCCESS: The process with PID 66500 (child process of PID 64200) has been terminated.
[15-Apr-26 21:43:08.33] taskkill wtorcs.exe exit=0
ERROR: The process "torcs.exe" not found.
[15-Apr-26 21:43:08.44] taskkill torcs.exe exit=128
ERROR: The process "wtorcs.exe" not found.
[15-Apr-26 21:43:08.44] taskkill wtorcs.exe exit=128
[15-Apr-26 21:43:09.21] TORCS_DIR=C:\Users\szymo\source\repos\torcs\torcs\
[15-Apr-26 21:43:09.21] launching without vision
[15-Apr-26 21:43:09.22] start command dispatched
[15-Apr-26 21:43:10.21] running autostart C:\Users\szymo\source\repos\torcs\gym_torcs\autostart_windows.bat
[15-Apr-26 21:43:10.21] autostart exit=0

Image Name                     PID Session Name        Session#    Mem Usage
========================= ======== ================ =========== ============
wtorcs.exe                   61552 Console                    1     85,452 K
INFO: No tasks are running which match the specified criteria.
[15-Apr-26 21:43:12.33] start_torcs_windows.bat end

[15-Apr-26 21:43:23.93] start_torcs_windows.bat begin
[15-Apr-26 21:43:23.93] TORCS_EXE=C:\Users\szymo\source\repos\torcs\torcs\wtorcs.exe
[15-Apr-26 21:43:23.94] TORCS_IMAGE=wtorcs.exe
[15-Apr-26 21:43:23.94] VISION_FLAG=novision
SUCCESS: The process with PID 44844 (child process of PID 61552) has been terminated.
SUCCESS: The process with PID 61552 (child process of PID 62612) has been terminated.
[15-Apr-26 21:43:24.05] taskkill wtorcs.exe exit=0
ERROR: The process "torcs.exe" not found.
[15-Apr-26 21:43:24.16] taskkill torcs.exe exit=128
ERROR: The process "wtorcs.exe" not found.
[15-Apr-26 21:43:24.17] taskkill wtorcs.exe exit=128
[15-Apr-26 21:43:25.16] TORCS_DIR=C:\Users\szymo\source\repos\torcs\torcs\
[15-Apr-26 21:43:25.16] launching without vision
[15-Apr-26 21:43:25.17] start command dispatched
[15-Apr-26 21:43:26.17] running autostart C:\Users\szymo\source\repos\torcs\gym_torcs\autostart_windows.bat
[15-Apr-26 21:43:26.17] autostart exit=0

Image Name                     PID Session Name        Session#    Mem Usage
========================= ======== ================ =========== ============
wtorcs.exe                   54316 Console                    1     84,884 K
INFO: No tasks are running which match the specified criteria.
[15-Apr-26 21:43:28.27] start_torcs_windows.bat end

[15-Apr-26 21:43:38.02] start_torcs_windows.bat begin
[15-Apr-26 21:43:38.03] TORCS_EXE=C:\Users\szymo\source\repos\torcs\torcs\wtorcs.exe
[15-Apr-26 21:43:38.04] TORCS_IMAGE=wtorcs.exe
[15-Apr-26 21:43:38.04] VISION_FLAG=novision
SUCCESS: The process with PID 63380 (child process of PID 54316) has been terminated.
SUCCESS: The process with PID 54316 (child process of PID 54548) has been terminated.
[15-Apr-26 21:43:38.15] taskkill wtorcs.exe exit=0
ERROR: The process "torcs.exe" not found.
[15-Apr-26 21:43:38.27] taskkill torcs.exe exit=128
ERROR: The process "wtorcs.exe" not found.
[15-Apr-26 21:43:38.28] taskkill wtorcs.exe exit=128
[15-Apr-26 21:43:39.15] TORCS_DIR=C:\Users\szymo\source\repos\torcs\torcs\
[15-Apr-26 21:43:39.15] launching without vision
[15-Apr-26 21:43:39.16] start command dispatched
[15-Apr-26 21:43:40.15] running autostart C:\Users\szymo\source\repos\torcs\gym_torcs\autostart_windows.bat
[15-Apr-26 21:43:40.15] autostart exit=0

Image Name                     PID Session Name        Session#    Mem Usage
========================= ======== ================ =========== ============
wtorcs.exe                   62332 Console                    1     82,504 K
INFO: No tasks are running which match the specified criteria.
[15-Apr-26 21:43:42.25] start_torcs_windows.bat end

[15-Apr-26 21:43:51.70] start_torcs_windows.bat begin
[15-Apr-26 21:43:51.71] TORCS_EXE=C:\Users\szymo\source\repos\torcs\torcs\wtorcs.exe
[15-Apr-26 21:43:51.71] TORCS_IMAGE=wtorcs.exe
[15-Apr-26 21:43:51.72] VISION_FLAG=novision
SUCCESS: The process with PID 44408 (child process of PID 62332) has been terminated.
SUCCESS: The process with PID 62332 (child process of PID 58136) has been terminated.
[15-Apr-26 21:43:51.83] taskkill wtorcs.exe exit=0
ERROR: The process "torcs.exe" not found.
[15-Apr-26 21:43:51.94] taskkill torcs.exe exit=128
ERROR: The process "wtorcs.exe" not found.
[15-Apr-26 21:43:51.95] taskkill wtorcs.exe exit=128
[15-Apr-26 21:43:53.15] TORCS_DIR=C:\Users\szymo\source\repos\torcs\torcs\
[15-Apr-26 21:43:53.15] launching without vision
[15-Apr-26 21:43:53.16] start command dispatched
[15-Apr-26 21:43:54.15] running autostart C:\Users\szymo\source\repos\torcs\gym_torcs\autostart_windows.bat
[15-Apr-26 21:43:54.15] autostart exit=0

Image Name                     PID Session Name        Session#    Mem Usage
========================= ======== ================ =========== ============
wtorcs.exe                   56848 Console                    1     82,796 K
INFO: No tasks are running which match the specified criteria.
[15-Apr-26 21:43:56.25] start_torcs_windows.bat end

[15-Apr-26 21:44:06.18] start_torcs_windows.bat begin
[15-Apr-26 21:44:06.18] TORCS_EXE=C:\Users\szymo\source\repos\torcs\torcs\wtorcs.exe
[15-Apr-26 21:44:06.19] TORCS_IMAGE=wtorcs.exe
[15-Apr-26 21:44:06.19] VISION_FLAG=novision
SUCCESS: The process with PID 60176 (child process of PID 56848) has been terminated.
SUCCESS: The process with PID 56848 (child process of PID 63732) has been terminated.
[15-Apr-26 21:44:06.30] taskkill wtorcs.exe exit=0
ERROR: The process "torcs.exe" not found.
[15-Apr-26 21:44:06.42] taskkill torcs.exe exit=128
ERROR: The process "wtorcs.exe" not found.
[15-Apr-26 21:44:06.43] taskkill wtorcs.exe exit=128
[15-Apr-26 21:44:07.20] TORCS_DIR=C:\Users\szymo\source\repos\torcs\torcs\
[15-Apr-26 21:44:07.20] launching without vision
[15-Apr-26 21:44:07.21] start command dispatched
[15-Apr-26 21:44:08.20] running autostart C:\Users\szymo\source\repos\torcs\gym_torcs\autostart_windows.bat
[15-Apr-26 21:44:08.20] autostart exit=0

Image Name                     PID Session Name        Session#    Mem Usage
========================= ======== ================ =========== ============
wtorcs.exe                   57688 Console                    1     82,856 K
INFO: No tasks are running which match the specified criteria.
[15-Apr-26 21:44:10.31] start_torcs_windows.bat end

[15-Apr-26 21:44:21.14] start_torcs_windows.bat begin
[15-Apr-26 21:44:21.15] TORCS_EXE=C:\Users\szymo\source\repos\torcs\torcs\wtorcs.exe
[15-Apr-26 21:44:21.15] TORCS_IMAGE=wtorcs.exe
[15-Apr-26 21:44:21.15] VISION_FLAG=novision
SUCCESS: The process with PID 58952 (child process of PID 57688) has been terminated.
SUCCESS: The process with PID 57688 (child process of PID 58740) has been terminated.
[15-Apr-26 21:44:21.27] taskkill wtorcs.exe exit=0
ERROR: The process "torcs.exe" not found.
[15-Apr-26 21:44:21.40] taskkill torcs.exe exit=128
ERROR: The process "wtorcs.exe" not found.
[15-Apr-26 21:44:21.40] taskkill wtorcs.exe exit=128
[15-Apr-26 21:44:22.16] TORCS_DIR=C:\Users\szymo\source\repos\torcs\torcs\
[15-Apr-26 21:44:22.16] launching without vision
[15-Apr-26 21:44:22.17] start command dispatched
[15-Apr-26 21:44:23.16] running autostart C:\Users\szymo\source\repos\torcs\gym_torcs\autostart_windows.bat
[15-Apr-26 21:44:23.16] autostart exit=0

Image Name                     PID Session Name        Session#    Mem Usage
========================= ======== ================ =========== ============
wtorcs.exe                   64176 Console                    1     85,112 K
INFO: No tasks are running which match the specified criteria.
[15-Apr-26 21:44:25.27] start_torcs_windows.bat end

[15-Apr-26 21:44:47.06] start_torcs_windows.bat begin
[15-Apr-26 21:44:47.07] TORCS_EXE=C:\Users\szymo\source\repos\torcs\torcs\wtorcs.exe
[15-Apr-26 21:44:47.07] TORCS_IMAGE=wtorcs.exe
[15-Apr-26 21:44:47.08] VISION_FLAG=novision
SUCCESS: The process with PID 64988 (child process of PID 64176) has been terminated.
SUCCESS: The process with PID 64176 (child process of PID 61028) has been terminated.
[15-Apr-26 21:44:47.19] taskkill wtorcs.exe exit=0
ERROR: The process "torcs.exe" not found.
[15-Apr-26 21:44:47.30] taskkill torcs.exe exit=128
ERROR: The process "wtorcs.exe" not found.
[15-Apr-26 21:44:47.31] taskkill wtorcs.exe exit=128
[15-Apr-26 21:44:48.19] TORCS_DIR=C:\Users\szymo\source\repos\torcs\torcs\
[15-Apr-26 21:44:48.19] launching without vision
[15-Apr-26 21:44:48.19] start command dispatched
[15-Apr-26 21:44:49.19] running autostart C:\Users\szymo\source\repos\torcs\gym_torcs\autostart_windows.bat
[15-Apr-26 21:44:49.19] autostart exit=0

Image Name                     PID Session Name        Session#    Mem Usage
========================= ======== ================ =========== ============
wtorcs.exe                   59016 Console                    1     84,444 K
INFO: No tasks are running which match the specified criteria.
[15-Apr-26 21:44:51.29] start_torcs_windows.bat end

[15-Apr-26 21:45:01.99] start_torcs_windows.bat begin
[15-Apr-26 21:45:02.00] TORCS_EXE=C:\Users\szymo\source\repos\torcs\torcs\wtorcs.exe
[15-Apr-26 21:45:02.00] TORCS_IMAGE=wtorcs.exe
[15-Apr-26 21:45:02.01] VISION_FLAG=novision
SUCCESS: The process with PID 56360 (child process of PID 59016) has been terminated.
SUCCESS: The process with PID 59016 (child process of PID 64020) has been terminated.
[15-Apr-26 21:45:02.12] taskkill wtorcs.exe exit=0
ERROR: The process "torcs.exe" not found.
[15-Apr-26 21:45:02.23] taskkill torcs.exe exit=128
ERROR: The process "wtorcs.exe" not found.
[15-Apr-26 21:45:02.24] taskkill wtorcs.exe exit=128
[15-Apr-26 21:45:03.21] TORCS_DIR=C:\Users\szymo\source\repos\torcs\torcs\
[15-Apr-26 21:45:03.21] launching without vision
[15-Apr-26 21:45:03.22] start command dispatched
[15-Apr-26 21:45:04.11] running autostart C:\Users\szymo\source\repos\torcs\gym_torcs\autostart_windows.bat
[15-Apr-26 21:45:04.11] autostart exit=0

Image Name                     PID Session Name        Session#    Mem Usage
========================= ======== ================ =========== ============
wtorcs.exe                   62564 Console                    1     83,192 K
INFO: No tasks are running which match the specified criteria.
[15-Apr-26 21:45:06.21] start_torcs_windows.bat end

[15-Apr-26 21:45:23.72] start_torcs_windows.bat begin
[15-Apr-26 21:45:23.73] TORCS_EXE=C:\Users\szymo\source\repos\torcs\torcs\wtorcs.exe
[15-Apr-26 21:45:23.74] TORCS_IMAGE=wtorcs.exe
[15-Apr-26 21:45:23.74] VISION_FLAG=novision
SUCCESS: The process with PID 56996 (child process of PID 62564) has been terminated.
SUCCESS: The process with PID 62564 (child process of PID 45548) has been terminated.
[15-Apr-26 21:45:23.85] taskkill wtorcs.exe exit=0
ERROR: The process "torcs.exe" not found.
[15-Apr-26 21:45:23.97] taskkill torcs.exe exit=128
ERROR: The process "wtorcs.exe" not found.
[15-Apr-26 21:45:23.97] taskkill wtorcs.exe exit=128
[15-Apr-26 21:45:25.19] TORCS_DIR=C:\Users\szymo\source\repos\torcs\torcs\
[15-Apr-26 21:45:25.19] launching without vision
[15-Apr-26 21:45:25.20] start command dispatched
[15-Apr-26 21:45:26.20] running autostart C:\Users\szymo\source\repos\torcs\gym_torcs\autostart_windows.bat
[15-Apr-26 21:45:26.20] autostart exit=0

Image Name                     PID Session Name        Session#    Mem Usage
========================= ======== ================ =========== ============
wtorcs.exe                   63568 Console                    1     84,828 K
INFO: No tasks are running which match the specified criteria.
[15-Apr-26 21:45:28.31] start_torcs_windows.bat end

[15-Apr-26 21:45:37.47] start_torcs_windows.bat begin
[15-Apr-26 21:45:37.48] TORCS_EXE=C:\Users\szymo\source\repos\torcs\torcs\wtorcs.exe
[15-Apr-26 21:45:37.48] TORCS_IMAGE=wtorcs.exe
[15-Apr-26 21:45:37.48] VISION_FLAG=novision
SUCCESS: The process with PID 64060 (child process of PID 63568) has been terminated.
SUCCESS: The process with PID 63568 (child process of PID 61360) has been terminated.
[15-Apr-26 21:45:37.59] taskkill wtorcs.exe exit=0
ERROR: The process "torcs.exe" not found.
[15-Apr-26 21:45:37.71] taskkill torcs.exe exit=128
ERROR: The process "wtorcs.exe" not found.
[15-Apr-26 21:45:37.72] taskkill wtorcs.exe exit=128
[15-Apr-26 21:45:38.16] TORCS_DIR=C:\Users\szymo\source\repos\torcs\torcs\
[15-Apr-26 21:45:38.16] launching without vision
[15-Apr-26 21:45:38.17] start command dispatched
[15-Apr-26 21:45:39.16] running autostart C:\Users\szymo\source\repos\torcs\gym_torcs\autostart_windows.bat
[15-Apr-26 21:45:39.16] autostart exit=0

Image Name                     PID Session Name        Session#    Mem Usage
========================= ======== ================ =========== ============
wtorcs.exe                   65484 Console                    1     63,028 K
INFO: No tasks are running which match the specified criteria.
[15-Apr-26 21:45:41.29] start_torcs_windows.bat end

[15-Apr-26 21:47:33.20] start_torcs_windows.bat begin
[15-Apr-26 21:47:33.21] TORCS_EXE=C:\Users\szymo\source\repos\torcs\torcs\wtorcs.exe
[15-Apr-26 21:47:33.21] TORCS_IMAGE=wtorcs.exe
[15-Apr-26 21:47:33.21] VISION_FLAG=novision
ERROR: The process "wtorcs.exe" not found.
[15-Apr-26 21:47:33.31] taskkill wtorcs.exe exit=128
ERROR: The process "torcs.exe" not found.
[15-Apr-26 21:47:33.41] taskkill torcs.exe exit=128
ERROR: The process "wtorcs.exe" not found.
[15-Apr-26 21:47:33.42] taskkill wtorcs.exe exit=128
[15-Apr-26 21:47:34.19] TORCS_DIR=C:\Users\szymo\source\repos\torcs\torcs\
[15-Apr-26 21:47:34.19] launching without vision
[15-Apr-26 21:47:34.20] start command dispatched
[15-Apr-26 21:47:35.19] running autostart C:\Users\szymo\source\repos\torcs\gym_torcs\autostart_windows.bat
[15-Apr-26 21:47:35.19] autostart exit=0

Image Name                     PID Session Name        Session#    Mem Usage
========================= ======== ================ =========== ============
wtorcs.exe                   62968 Console                    1     62,364 K
INFO: No tasks are running which match the specified criteria.
[15-Apr-26 21:47:37.28] start_torcs_windows.bat end

[15-Apr-26 21:47:49.39] start_torcs_windows.bat begin
[15-Apr-26 21:47:49.40] TORCS_EXE=C:\Users\szymo\source\repos\torcs\torcs\wtorcs.exe
[15-Apr-26 21:47:49.40] TORCS_IMAGE=wtorcs.exe
[15-Apr-26 21:47:49.41] VISION_FLAG=novision
SUCCESS: The process with PID 64776 (child process of PID 62968) has been terminated.
SUCCESS: The process with PID 62968 (child process of PID 61836) has been terminated.
[15-Apr-26 21:47:49.51] taskkill wtorcs.exe exit=0
ERROR: The process "torcs.exe" not found.
[15-Apr-26 21:47:49.62] taskkill torcs.exe exit=128
ERROR: The process "wtorcs.exe" not found.
[15-Apr-26 21:47:49.62] taskkill wtorcs.exe exit=128
[15-Apr-26 21:47:50.18] TORCS_DIR=C:\Users\szymo\source\repos\torcs\torcs\
[15-Apr-26 21:47:50.18] launching without vision
[15-Apr-26 21:47:50.19] start command dispatched
[15-Apr-26 21:47:51.19] running autostart C:\Users\szymo\source\repos\torcs\gym_torcs\autostart_windows.bat
[15-Apr-26 21:47:51.19] autostart exit=0

Image Name                     PID Session Name        Session#    Mem Usage
========================= ======== ================ =========== ============
wtorcs.exe                   21260 Console                    1     84,456 K
INFO: No tasks are running which match the specified criteria.
[15-Apr-26 21:47:53.30] start_torcs_windows.bat end

[15-Apr-26 21:48:03.15] start_torcs_windows.bat begin
[15-Apr-26 21:48:03.16] TORCS_EXE=C:\Users\szymo\source\repos\torcs\torcs\wtorcs.exe
[15-Apr-26 21:48:03.16] TORCS_IMAGE=wtorcs.exe
[15-Apr-26 21:48:03.17] VISION_FLAG=novision
SUCCESS: The process with PID 59044 (child process of PID 21260) has been terminated.
SUCCESS: The process with PID 21260 (child process of PID 62528) has been terminated.
[15-Apr-26 21:48:03.28] taskkill wtorcs.exe exit=0
ERROR: The process "torcs.exe" not found.
[15-Apr-26 21:48:03.40] taskkill torcs.exe exit=128
ERROR: The process "wtorcs.exe" not found.
[15-Apr-26 21:48:03.40] taskkill wtorcs.exe exit=128
[15-Apr-26 21:48:04.17] TORCS_DIR=C:\Users\szymo\source\repos\torcs\torcs\
[15-Apr-26 21:48:04.17] launching without vision
[15-Apr-26 21:48:04.18] start command dispatched
[15-Apr-26 21:48:05.17] running autostart C:\Users\szymo\source\repos\torcs\gym_torcs\autostart_windows.bat
[15-Apr-26 21:48:05.17] autostart exit=0

Image Name                     PID Session Name        Session#    Mem Usage
========================= ======== ================ =========== ============
wtorcs.exe                   48496 Console                    1     84,732 K
INFO: No tasks are running which match the specified criteria.
[15-Apr-26 21:48:07.27] start_torcs_windows.bat end

[15-Apr-26 21:48:17.45] start_torcs_windows.bat begin
[15-Apr-26 21:48:17.45] TORCS_EXE=C:\Users\szymo\source\repos\torcs\torcs\wtorcs.exe
[15-Apr-26 21:48:17.46] TORCS_IMAGE=wtorcs.exe
[15-Apr-26 21:48:17.46] VISION_FLAG=novision
SUCCESS: The process with PID 64268 (child process of PID 48496) has been terminated.
SUCCESS: The process with PID 48496 (child process of PID 58312) has been terminated.
[15-Apr-26 21:48:17.58] taskkill wtorcs.exe exit=0
ERROR: The process "torcs.exe" not found.
[15-Apr-26 21:48:17.69] taskkill torcs.exe exit=128
ERROR: The process "wtorcs.exe" not found.
[15-Apr-26 21:48:17.70] taskkill wtorcs.exe exit=128
[15-Apr-26 21:48:18.15] TORCS_DIR=C:\Users\szymo\source\repos\torcs\torcs\
[15-Apr-26 21:48:18.15] launching without vision
[15-Apr-26 21:48:18.16] start command dispatched
[15-Apr-26 21:48:19.15] running autostart C:\Users\szymo\source\repos\torcs\gym_torcs\autostart_windows.bat
[15-Apr-26 21:48:19.15] autostart exit=0

Image Name                     PID Session Name        Session#    Mem Usage
========================= ======== ================ =========== ============
wtorcs.exe                   61212 Console                    1     83,908 K
INFO: No tasks are running which match the specified criteria.
[15-Apr-26 21:48:21.25] start_torcs_windows.bat end

[15-Apr-26 21:48:31.99] start_torcs_windows.bat begin
[15-Apr-26 21:48:32.00] TORCS_EXE=C:\Users\szymo\source\repos\torcs\torcs\wtorcs.exe
[15-Apr-26 21:48:32.00] TORCS_IMAGE=wtorcs.exe
[15-Apr-26 21:48:32.01] VISION_FLAG=novision
SUCCESS: The process with PID 60256 (child process of PID 61212) has been terminated.
SUCCESS: The process with PID 61212 (child process of PID 65360) has been terminated.
[15-Apr-26 21:48:32.12] taskkill wtorcs.exe exit=0
ERROR: The process "torcs.exe" not found.
[15-Apr-26 21:48:32.24] taskkill torcs.exe exit=128
ERROR: The process "wtorcs.exe" not found.
[15-Apr-26 21:48:32.24] taskkill wtorcs.exe exit=128
[15-Apr-26 21:48:33.11] TORCS_DIR=C:\Users\szymo\source\repos\torcs\torcs\
[15-Apr-26 21:48:33.11] launching without vision
[15-Apr-26 21:48:33.12] start command dispatched
[15-Apr-26 21:48:34.12] running autostart C:\Users\szymo\source\repos\torcs\gym_torcs\autostart_windows.bat
[15-Apr-26 21:48:34.12] autostart exit=0

Image Name                     PID Session Name        Session#    Mem Usage
========================= ======== ================ =========== ============
wtorcs.exe                   63208 Console                    1     83,268 K
INFO: No tasks are running which match the specified criteria.
[15-Apr-26 21:48:36.21] start_torcs_windows.bat end

[15-Apr-26 21:48:45.49] start_torcs_windows.bat begin
[15-Apr-26 21:48:45.49] TORCS_EXE=C:\Users\szymo\source\repos\torcs\torcs\wtorcs.exe
[15-Apr-26 21:48:45.50] TORCS_IMAGE=wtorcs.exe
[15-Apr-26 21:48:45.50] VISION_FLAG=novision
SUCCESS: The process with PID 62644 (child process of PID 63208) has been terminated.
SUCCESS: The process with PID 63208 (child process of PID 44008) has been terminated.
[15-Apr-26 21:48:45.61] taskkill wtorcs.exe exit=0
ERROR: The process "torcs.exe" not found.
[15-Apr-26 21:48:45.74] taskkill torcs.exe exit=128
ERROR: The process "wtorcs.exe" not found.
[15-Apr-26 21:48:45.74] taskkill wtorcs.exe exit=128
[15-Apr-26 21:48:46.18] TORCS_DIR=C:\Users\szymo\source\repos\torcs\torcs\
[15-Apr-26 21:48:46.18] launching without vision
[15-Apr-26 21:48:46.19] start command dispatched
[15-Apr-26 21:48:47.19] running autostart C:\Users\szymo\source\repos\torcs\gym_torcs\autostart_windows.bat
[15-Apr-26 21:48:47.19] autostart exit=0

Image Name                     PID Session Name        Session#    Mem Usage
========================= ======== ================ =========== ============
wtorcs.exe                   57660 Console                    1     83,812 K
INFO: No tasks are running which match the specified criteria.
[15-Apr-26 21:48:49.29] start_torcs_windows.bat end

[15-Apr-26 21:48:58.31] start_torcs_windows.bat begin
[15-Apr-26 21:48:58.32] TORCS_EXE=C:\Users\szymo\source\repos\torcs\torcs\wtorcs.exe
[15-Apr-26 21:48:58.33] TORCS_IMAGE=wtorcs.exe
[15-Apr-26 21:48:58.33] VISION_FLAG=novision
SUCCESS: The process with PID 55408 (child process of PID 57660) has been terminated.
SUCCESS: The process with PID 57660 (child process of PID 63548) has been terminated.
[15-Apr-26 21:48:58.44] taskkill wtorcs.exe exit=0
ERROR: The process "torcs.exe" not found.
[15-Apr-26 21:48:58.56] taskkill torcs.exe exit=128
ERROR: The process "wtorcs.exe" not found.
[15-Apr-26 21:48:58.57] taskkill wtorcs.exe exit=128
[15-Apr-26 21:48:59.13] TORCS_DIR=C:\Users\szymo\source\repos\torcs\torcs\
[15-Apr-26 21:48:59.13] launching without vision
[15-Apr-26 21:48:59.14] start command dispatched
[15-Apr-26 21:49:00.12] running autostart C:\Users\szymo\source\repos\torcs\gym_torcs\autostart_windows.bat
[15-Apr-26 21:49:00.12] autostart exit=0

Image Name                     PID Session Name        Session#    Mem Usage
========================= ======== ================ =========== ============
wtorcs.exe                   61468 Console                    1     84,716 K
INFO: No tasks are running which match the specified criteria.
[15-Apr-26 21:49:02.22] start_torcs_windows.bat end

[15-Apr-26 21:49:12.26] start_torcs_windows.bat begin
[15-Apr-26 21:49:12.26] TORCS_EXE=C:\Users\szymo\source\repos\torcs\torcs\wtorcs.exe
[15-Apr-26 21:49:12.27] TORCS_IMAGE=wtorcs.exe
[15-Apr-26 21:49:12.27] VISION_FLAG=novision
SUCCESS: The process with PID 65176 (child process of PID 61468) has been terminated.
SUCCESS: The process with PID 61468 (child process of PID 63180) has been terminated.
[15-Apr-26 21:49:12.38] taskkill wtorcs.exe exit=0
ERROR: The process "torcs.exe" not found.
[15-Apr-26 21:49:12.51] taskkill torcs.exe exit=128
ERROR: The process "wtorcs.exe" not found.
[15-Apr-26 21:49:12.51] taskkill wtorcs.exe exit=128
[15-Apr-26 21:49:13.17] TORCS_DIR=C:\Users\szymo\source\repos\torcs\torcs\
[15-Apr-26 21:49:13.17] launching without vision
[15-Apr-26 21:49:13.17] start command dispatched
[15-Apr-26 21:49:14.17] running autostart C:\Users\szymo\source\repos\torcs\gym_torcs\autostart_windows.bat
[15-Apr-26 21:49:14.17] autostart exit=0

Image Name                     PID Session Name        Session#    Mem Usage
========================= ======== ================ =========== ============
wtorcs.exe                   64216 Console                    1     85,012 K
INFO: No tasks are running which match the specified criteria.
[15-Apr-26 21:49:16.29] start_torcs_windows.bat end

[15-Apr-26 21:49:26.19] start_torcs_windows.bat begin
[15-Apr-26 21:49:26.19] TORCS_EXE=C:\Users\szymo\source\repos\torcs\torcs\wtorcs.exe
[15-Apr-26 21:49:26.20] TORCS_IMAGE=wtorcs.exe
[15-Apr-26 21:49:26.20] VISION_FLAG=novision
SUCCESS: The process with PID 63420 (child process of PID 64216) has been terminated.
SUCCESS: The process with PID 64216 (child process of PID 64760) has been terminated.
[15-Apr-26 21:49:26.32] taskkill wtorcs.exe exit=0
ERROR: The process "torcs.exe" not found.
[15-Apr-26 21:49:26.43] taskkill torcs.exe exit=128
ERROR: The process "wtorcs.exe" not found.
[15-Apr-26 21:49:26.44] taskkill wtorcs.exe exit=128
[15-Apr-26 21:49:27.21] TORCS_DIR=C:\Users\szymo\source\repos\torcs\torcs\
[15-Apr-26 21:49:27.21] launching without vision
[15-Apr-26 21:49:27.22] start command dispatched
[15-Apr-26 21:49:28.21] running autostart C:\Users\szymo\source\repos\torcs\gym_torcs\autostart_windows.bat
[15-Apr-26 21:49:28.21] autostart exit=0

Image Name                     PID Session Name        Session#    Mem Usage
========================= ======== ================ =========== ============
wtorcs.exe                   62500 Console                    1     82,028 K
INFO: No tasks are running which match the specified criteria.
[15-Apr-26 21:49:30.31] start_torcs_windows.bat end

[15-Apr-26 21:49:40.55] start_torcs_windows.bat begin
[15-Apr-26 21:49:40.55] TORCS_EXE=C:\Users\szymo\source\repos\torcs\torcs\wtorcs.exe
[15-Apr-26 21:49:40.56] TORCS_IMAGE=wtorcs.exe
[15-Apr-26 21:49:40.56] VISION_FLAG=novision
SUCCESS: The process with PID 64496 (child process of PID 62500) has been terminated.
SUCCESS: The process with PID 62500 (child process of PID 62040) has been terminated.
[15-Apr-26 21:49:40.68] taskkill wtorcs.exe exit=0
ERROR: The process "torcs.exe" not found.
[15-Apr-26 21:49:40.80] taskkill torcs.exe exit=128
ERROR: The process "wtorcs.exe" not found.
[15-Apr-26 21:49:40.81] taskkill wtorcs.exe exit=128
[15-Apr-26 21:49:41.13] TORCS_DIR=C:\Users\szymo\source\repos\torcs\torcs\
[15-Apr-26 21:49:41.13] launching without vision
[15-Apr-26 21:49:41.14] start command dispatched
[15-Apr-26 21:49:42.13] running autostart C:\Users\szymo\source\repos\torcs\gym_torcs\autostart_windows.bat
[15-Apr-26 21:49:42.13] autostart exit=0

Image Name                     PID Session Name        Session#    Mem Usage
========================= ======== ================ =========== ============
wtorcs.exe                   64232 Console                    1     83,936 K
INFO: No tasks are running which match the specified criteria.
[15-Apr-26 21:49:44.24] start_torcs_windows.bat end

[15-Apr-26 21:49:53.83] start_torcs_windows.bat begin
[15-Apr-26 21:49:53.83] TORCS_EXE=C:\Users\szymo\source\repos\torcs\torcs\wtorcs.exe
[15-Apr-26 21:49:53.84] TORCS_IMAGE=wtorcs.exe
[15-Apr-26 21:49:53.84] VISION_FLAG=novision
SUCCESS: The process with PID 60812 (child process of PID 64232) has been terminated.
SUCCESS: The process with PID 64232 (child process of PID 34616) has been terminated.
[15-Apr-26 21:49:53.96] taskkill wtorcs.exe exit=0
ERROR: The process "torcs.exe" not found.
[15-Apr-26 21:49:54.09] taskkill torcs.exe exit=128
ERROR: The process "wtorcs.exe" not found.
[15-Apr-26 21:49:54.09] taskkill wtorcs.exe exit=128
[15-Apr-26 21:49:55.18] TORCS_DIR=C:\Users\szymo\source\repos\torcs\torcs\
[15-Apr-26 21:49:55.18] launching without vision
[15-Apr-26 21:49:55.19] start command dispatched
[15-Apr-26 21:49:56.19] running autostart C:\Users\szymo\source\repos\torcs\gym_torcs\autostart_windows.bat
[15-Apr-26 21:49:56.19] autostart exit=0

Image Name                     PID Session Name        Session#    Mem Usage
========================= ======== ================ =========== ============
wtorcs.exe                   56944 Console                    1     86,224 K
INFO: No tasks are running which match the specified criteria.
[15-Apr-26 21:49:58.30] start_torcs_windows.bat end

[15-Apr-26 21:50:07.72] start_torcs_windows.bat begin
[15-Apr-26 21:50:07.73] TORCS_EXE=C:\Users\szymo\source\repos\torcs\torcs\wtorcs.exe
[15-Apr-26 21:50:07.73] TORCS_IMAGE=wtorcs.exe
[15-Apr-26 21:50:07.74] VISION_FLAG=novision
SUCCESS: The process with PID 6356 (child process of PID 56944) has been terminated.
SUCCESS: The process with PID 56944 (child process of PID 62928) has been terminated.
[15-Apr-26 21:50:07.85] taskkill wtorcs.exe exit=0
ERROR: The process "torcs.exe" not found.
[15-Apr-26 21:50:07.97] taskkill torcs.exe exit=128
ERROR: The process "wtorcs.exe" not found.
[15-Apr-26 21:50:07.98] taskkill wtorcs.exe exit=128
[15-Apr-26 21:50:09.19] TORCS_DIR=C:\Users\szymo\source\repos\torcs\torcs\
[15-Apr-26 21:50:09.19] launching without vision
[15-Apr-26 21:50:09.19] start command dispatched
[15-Apr-26 21:50:10.18] running autostart C:\Users\szymo\source\repos\torcs\gym_torcs\autostart_windows.bat
[15-Apr-26 21:50:10.18] autostart exit=0

Image Name                     PID Session Name        Session#    Mem Usage
========================= ======== ================ =========== ============
wtorcs.exe                   60516 Console                    1     83,656 K
INFO: No tasks are running which match the specified criteria.
[15-Apr-26 21:50:12.30] start_torcs_windows.bat end

[15-Apr-26 21:50:28.24] start_torcs_windows.bat begin
[15-Apr-26 21:50:28.24] TORCS_EXE=C:\Users\szymo\source\repos\torcs\torcs\wtorcs.exe
[15-Apr-26 21:50:28.25] TORCS_IMAGE=wtorcs.exe
[15-Apr-26 21:50:28.25] VISION_FLAG=novision
SUCCESS: The process with PID 64016 (child process of PID 60516) has been terminated.
SUCCESS: The process with PID 60516 (child process of PID 57204) has been terminated.
[15-Apr-26 21:50:28.36] taskkill wtorcs.exe exit=0
ERROR: The process "torcs.exe" not found.
[15-Apr-26 21:50:28.48] taskkill torcs.exe exit=128
ERROR: The process "wtorcs.exe" not found.
[15-Apr-26 21:50:28.49] taskkill wtorcs.exe exit=128
[15-Apr-26 21:50:29.14] TORCS_DIR=C:\Users\szymo\source\repos\torcs\torcs\
[15-Apr-26 21:50:29.14] launching without vision
[15-Apr-26 21:50:29.15] start command dispatched
[15-Apr-26 21:50:30.12] running autostart C:\Users\szymo\source\repos\torcs\gym_torcs\autostart_windows.bat
[15-Apr-26 21:50:30.12] autostart exit=0

Image Name                     PID Session Name        Session#    Mem Usage
========================= ======== ================ =========== ============
wtorcs.exe                   54136 Console                    1     83,104 K
INFO: No tasks are running which match the specified criteria.
[15-Apr-26 21:50:32.24] start_torcs_windows.bat end

[15-Apr-26 21:50:41.68] start_torcs_windows.bat begin
[15-Apr-26 21:50:41.69] TORCS_EXE=C:\Users\szymo\source\repos\torcs\torcs\wtorcs.exe
[15-Apr-26 21:50:41.69] TORCS_IMAGE=wtorcs.exe
[15-Apr-26 21:50:41.70] VISION_FLAG=novision
SUCCESS: The process with PID 63844 (child process of PID 54136) has been terminated.
SUCCESS: The process with PID 54136 (child process of PID 22532) has been terminated.
[15-Apr-26 21:50:41.81] taskkill wtorcs.exe exit=0
ERROR: The process "torcs.exe" not found.
[15-Apr-26 21:50:41.93] taskkill torcs.exe exit=128
ERROR: The process "wtorcs.exe" not found.
[15-Apr-26 21:50:41.93] taskkill wtorcs.exe exit=128
[15-Apr-26 21:50:43.13] TORCS_DIR=C:\Users\szymo\source\repos\torcs\torcs\
[15-Apr-26 21:50:43.13] launching without vision
[15-Apr-26 21:50:43.14] start command dispatched
[15-Apr-26 21:50:44.14] running autostart C:\Users\szymo\source\repos\torcs\gym_torcs\autostart_windows.bat
[15-Apr-26 21:50:44.14] autostart exit=0

Image Name                     PID Session Name        Session#    Mem Usage
========================= ======== ================ =========== ============
wtorcs.exe                   61952 Console                    1     84,064 K
INFO: No tasks are running which match the specified criteria.
[15-Apr-26 21:50:46.25] start_torcs_windows.bat end

[15-Apr-26 21:50:56.46] start_torcs_windows.bat begin
[15-Apr-26 21:50:56.47] TORCS_EXE=C:\Users\szymo\source\repos\torcs\torcs\wtorcs.exe
[15-Apr-26 21:50:56.47] TORCS_IMAGE=wtorcs.exe
[15-Apr-26 21:50:56.48] VISION_FLAG=novision
SUCCESS: The process with PID 61916 (child process of PID 61952) has been terminated.
SUCCESS: The process with PID 61952 (child process of PID 29164) has been terminated.
[15-Apr-26 21:50:56.59] taskkill wtorcs.exe exit=0
ERROR: The process "torcs.exe" not found.
[15-Apr-26 21:50:56.72] taskkill torcs.exe exit=128
ERROR: The process "wtorcs.exe" not found.
[15-Apr-26 21:50:56.73] taskkill wtorcs.exe exit=128
[15-Apr-26 21:50:57.17] TORCS_DIR=C:\Users\szymo\source\repos\torcs\torcs\
[15-Apr-26 21:50:57.17] launching without vision
[15-Apr-26 21:50:57.17] start command dispatched
[15-Apr-26 21:50:58.16] running autostart C:\Users\szymo\source\repos\torcs\gym_torcs\autostart_windows.bat
[15-Apr-26 21:50:58.16] autostart exit=0

Image Name                     PID Session Name        Session#    Mem Usage
========================= ======== ================ =========== ============
wtorcs.exe                   65368 Console                    1     84,868 K
INFO: No tasks are running which match the specified criteria.
[15-Apr-26 21:51:00.28] start_torcs_windows.bat end

[15-Apr-26 21:51:09.77] start_torcs_windows.bat begin
[15-Apr-26 21:51:09.78] TORCS_EXE=C:\Users\szymo\source\repos\torcs\torcs\wtorcs.exe
[15-Apr-26 21:51:09.78] TORCS_IMAGE=wtorcs.exe
[15-Apr-26 21:51:09.79] VISION_FLAG=novision
SUCCESS: The process with PID 64164 (child process of PID 65368) has been terminated.
SUCCESS: The process with PID 65368 (child process of PID 60580) has been terminated.
[15-Apr-26 21:51:09.90] taskkill wtorcs.exe exit=0
ERROR: The process "torcs.exe" not found.
[15-Apr-26 21:51:10.02] taskkill torcs.exe exit=128
ERROR: The process "wtorcs.exe" not found.
[15-Apr-26 21:51:10.02] taskkill wtorcs.exe exit=128
[15-Apr-26 21:51:11.12] TORCS_DIR=C:\Users\szymo\source\repos\torcs\torcs\
[15-Apr-26 21:51:11.12] launching without vision
[15-Apr-26 21:51:11.13] start command dispatched
[15-Apr-26 21:51:12.11] running autostart C:\Users\szymo\source\repos\torcs\gym_torcs\autostart_windows.bat
Terminate batch job (Y/N)? 
^C[15-Apr-26 21:51:12.11] autostart exit=0

Image Name                     PID Session Name        Session#    Mem Usage
========================= ======== ================ =========== ============
wtorcs.exe                   64388 Console                    1     62,368 K
^C
[15-Apr-26 21:51:21.74] start_torcs_windows.bat begin
[15-Apr-26 21:51:21.74] TORCS_EXE=C:\Users\szymo\source\repos\torcs\torcs\wtorcs.exe
[15-Apr-26 21:51:21.75] TORCS_IMAGE=wtorcs.exe
[15-Apr-26 21:51:21.75] VISION_FLAG=novision
ERROR: The process "wtorcs.exe" not found.
[15-Apr-26 21:51:21.85] taskkill wtorcs.exe exit=128
ERROR: The process "torcs.exe" not found.
[15-Apr-26 21:51:21.95] taskkill torcs.exe exit=128
ERROR: The process "wtorcs.exe" not found.
[15-Apr-26 21:51:21.95] taskkill wtorcs.exe exit=128
[15-Apr-26 21:51:23.15] TORCS_DIR=C:\Users\szymo\source\repos\torcs\torcs\
[15-Apr-26 21:51:23.15] launching without vision
[15-Apr-26 21:51:23.16] start command dispatched
[15-Apr-26 21:51:24.15] running autostart C:\Users\szymo\source\repos\torcs\gym_torcs\autostart_windows.bat
[15-Apr-26 21:51:24.15] autostart exit=0

Image Name                     PID Session Name        Session#    Mem Usage
========================= ======== ================ =========== ============
wtorcs.exe                   63520 Console                    1     65,608 K
INFO: No tasks are running which match the specified criteria.
[15-Apr-26 21:51:26.28] start_torcs_windows.bat end

[15-Apr-26 21:51:31.23] start_torcs_windows.bat begin
[15-Apr-26 21:51:31.24] TORCS_EXE=C:\Users\szymo\source\repos\torcs\torcs\wtorcs.exe
[15-Apr-26 21:51:31.24] TORCS_IMAGE=wtorcs.exe
[15-Apr-26 21:51:31.25] VISION_FLAG=novision
SUCCESS: The process with PID 60164 (child process of PID 63520) has been terminated.
SUCCESS: The process with PID 63520 (child process of PID 63560) has been terminated.
[15-Apr-26 21:51:31.35] taskkill wtorcs.exe exit=0
ERROR: The process "torcs.exe" not found.
[15-Apr-26 21:51:31.46] taskkill torcs.exe exit=128
ERROR: The process "wtorcs.exe" not found.
[15-Apr-26 21:51:31.47] taskkill wtorcs.exe exit=128
[15-Apr-26 21:51:32.11] TORCS_DIR=C:\Users\szymo\source\repos\torcs\torcs\
[15-Apr-26 21:51:32.11] launching without vision
[15-Apr-26 21:51:32.12] start command dispatched
[15-Apr-26 21:51:33.11] running autostart C:\Users\szymo\source\repos\torcs\gym_torcs\autostart_windows.bat
[15-Apr-26 21:51:33.11] autostart exit=0

Image Name                     PID Session Name        Session#    Mem Usage
========================= ======== ================ =========== ============
wtorcs.exe                   53040 Console                    1     84,096 K
INFO: No tasks are running which match the specified criteria.
[15-Apr-26 21:51:35.21] start_torcs_windows.bat end

[15-Apr-26 21:51:44.55] start_torcs_windows.bat begin
[15-Apr-26 21:51:44.56] TORCS_EXE=C:\Users\szymo\source\repos\torcs\torcs\wtorcs.exe
[15-Apr-26 21:51:44.56] TORCS_IMAGE=wtorcs.exe
[15-Apr-26 21:51:44.57] VISION_FLAG=novision
SUCCESS: The process with PID 59584 (child process of PID 53040) has been terminated.
SUCCESS: The process with PID 53040 (child process of PID 56288) has been terminated.
[15-Apr-26 21:51:44.67] taskkill wtorcs.exe exit=0
ERROR: The process "torcs.exe" not found.
[15-Apr-26 21:51:44.79] taskkill torcs.exe exit=128
ERROR: The process "wtorcs.exe" not found.
[15-Apr-26 21:51:44.80] taskkill wtorcs.exe exit=128
[15-Apr-26 21:51:45.14] TORCS_DIR=C:\Users\szymo\source\repos\torcs\torcs\
[15-Apr-26 21:51:45.14] launching without vision
[15-Apr-26 21:51:45.14] start command dispatched
[15-Apr-26 21:51:46.13] running autostart C:\Users\szymo\source\repos\torcs\gym_torcs\autostart_windows.bat
[15-Apr-26 21:51:46.13] autostart exit=0

Image Name                     PID Session Name        Session#    Mem Usage
========================= ======== ================ =========== ============
wtorcs.exe                   66304 Console                    1     84,612 K
INFO: No tasks are running which match the specified criteria.
[15-Apr-26 21:51:48.25] start_torcs_windows.bat end

[15-Apr-26 21:51:59.88] start_torcs_windows.bat begin
[15-Apr-26 21:51:59.89] TORCS_EXE=C:\Users\szymo\source\repos\torcs\torcs\wtorcs.exe
[15-Apr-26 21:51:59.89] TORCS_IMAGE=wtorcs.exe
[15-Apr-26 21:51:59.89] VISION_FLAG=novision
SUCCESS: The process with PID 60008 (child process of PID 66304) has been terminated.
SUCCESS: The process with PID 66304 (child process of PID 50636) has been terminated.
[15-Apr-26 21:52:00.01] taskkill wtorcs.exe exit=0
ERROR: The process "torcs.exe" not found.
[15-Apr-26 21:52:00.13] taskkill torcs.exe exit=128
ERROR: The process "wtorcs.exe" not found.
[15-Apr-26 21:52:00.14] taskkill wtorcs.exe exit=128
[15-Apr-26 21:52:01.13] TORCS_DIR=C:\Users\szymo\source\repos\torcs\torcs\
[15-Apr-26 21:52:01.13] launching without vision
[15-Apr-26 21:52:01.14] start command dispatched
[15-Apr-26 21:52:02.14] running autostart C:\Users\szymo\source\repos\torcs\gym_torcs\autostart_windows.bat
[15-Apr-26 21:52:02.14] autostart exit=0

Image Name                     PID Session Name        Session#    Mem Usage
========================= ======== ================ =========== ============
wtorcs.exe                   59920 Console                    1     83,340 K
INFO: No tasks are running which match the specified criteria.
[15-Apr-26 21:52:04.24] start_torcs_windows.bat end

[15-Apr-26 21:52:13.96] start_torcs_windows.bat begin
[15-Apr-26 21:52:13.96] TORCS_EXE=C:\Users\szymo\source\repos\torcs\torcs\wtorcs.exe
[15-Apr-26 21:52:13.97] TORCS_IMAGE=wtorcs.exe
[15-Apr-26 21:52:13.97] VISION_FLAG=novision
SUCCESS: The process with PID 50816 (child process of PID 59920) has been terminated.
SUCCESS: The process with PID 59920 (child process of PID 61480) has been terminated.
[15-Apr-26 21:52:14.09] taskkill wtorcs.exe exit=0
ERROR: The process "torcs.exe" not found.
[15-Apr-26 21:52:14.22] taskkill torcs.exe exit=128
ERROR: The process "wtorcs.exe" not found.
[15-Apr-26 21:52:14.22] taskkill wtorcs.exe exit=128
[15-Apr-26 21:52:15.11] TORCS_DIR=C:\Users\szymo\source\repos\torcs\torcs\
[15-Apr-26 21:52:15.11] launching without vision
[15-Apr-26 21:52:15.12] start command dispatched
[15-Apr-26 21:52:16.12] running autostart C:\Users\szymo\source\repos\torcs\gym_torcs\autostart_windows.bat
[15-Apr-26 21:52:16.12] autostart exit=0

Image Name                     PID Session Name        Session#    Mem Usage
========================= ======== ================ =========== ============
wtorcs.exe                   63040 Console                    1     83,452 K
INFO: No tasks are running which match the specified criteria.
[15-Apr-26 21:52:18.23] start_torcs_windows.bat end

[15-Apr-26 21:52:27.65] start_torcs_windows.bat begin
[15-Apr-26 21:52:27.66] TORCS_EXE=C:\Users\szymo\source\repos\torcs\torcs\wtorcs.exe
[15-Apr-26 21:52:27.66] TORCS_IMAGE=wtorcs.exe
[15-Apr-26 21:52:27.67] VISION_FLAG=novision
SUCCESS: The process with PID 61112 (child process of PID 63040) has been terminated.
SUCCESS: The process with PID 63040 (child process of PID 60180) has been terminated.
[15-Apr-26 21:52:27.80] taskkill wtorcs.exe exit=0
ERROR: The process "torcs.exe" not found.
[15-Apr-26 21:52:27.91] taskkill torcs.exe exit=128
ERROR: The process "wtorcs.exe" not found.
[15-Apr-26 21:52:27.92] taskkill wtorcs.exe exit=128
[15-Apr-26 21:52:29.14] TORCS_DIR=C:\Users\szymo\source\repos\torcs\torcs\
[15-Apr-26 21:52:29.14] launching without vision
[15-Apr-26 21:52:29.15] start command dispatched
[15-Apr-26 21:52:30.14] running autostart C:\Users\szymo\source\repos\torcs\gym_torcs\autostart_windows.bat
[15-Apr-26 21:52:30.14] autostart exit=0

Image Name                     PID Session Name        Session#    Mem Usage
========================= ======== ================ =========== ============
wtorcs.exe                   64576 Console                    1     85,648 K
INFO: No tasks are running which match the specified criteria.
[15-Apr-26 21:52:32.27] start_torcs_windows.bat end

[15-Apr-26 21:52:43.80] start_torcs_windows.bat begin
[15-Apr-26 21:52:43.80] TORCS_EXE=C:\Users\szymo\source\repos\torcs\torcs\wtorcs.exe
[15-Apr-26 21:52:43.81] TORCS_IMAGE=wtorcs.exe
[15-Apr-26 21:52:43.81] VISION_FLAG=novision
SUCCESS: The process with PID 62376 (child process of PID 64576) has been terminated.
SUCCESS: The process with PID 64576 (child process of PID 62140) has been terminated.
[15-Apr-26 21:52:43.92] taskkill wtorcs.exe exit=0
ERROR: The process "torcs.exe" not found.
[15-Apr-26 21:52:44.03] taskkill torcs.exe exit=128
ERROR: The process "wtorcs.exe" not found.
[15-Apr-26 21:52:44.03] taskkill wtorcs.exe exit=128
[15-Apr-26 21:52:45.14] TORCS_DIR=C:\Users\szymo\source\repos\torcs\torcs\
[15-Apr-26 21:52:45.14] launching without vision
[15-Apr-26 21:52:45.15] start command dispatched
[15-Apr-26 21:52:46.14] running autostart C:\Users\szymo\source\repos\torcs\gym_torcs\autostart_windows.bat
[15-Apr-26 21:52:46.14] autostart exit=0

Image Name                     PID Session Name        Session#    Mem Usage
========================= ======== ================ =========== ============
wtorcs.exe                   55480 Console                    1     82,668 K
INFO: No tasks are running which match the specified criteria.
[15-Apr-26 21:52:48.25] start_torcs_windows.bat end

[15-Apr-26 21:52:58.53] start_torcs_windows.bat begin
[15-Apr-26 21:52:58.53] TORCS_EXE=C:\Users\szymo\source\repos\torcs\torcs\wtorcs.exe
[15-Apr-26 21:52:58.54] TORCS_IMAGE=wtorcs.exe
[15-Apr-26 21:52:58.54] VISION_FLAG=novision
SUCCESS: The process with PID 65008 (child process of PID 55480) has been terminated.
SUCCESS: The process with PID 55480 (child process of PID 51372) has been terminated.
[15-Apr-26 21:52:58.64] taskkill wtorcs.exe exit=0
ERROR: The process "torcs.exe" not found.
[15-Apr-26 21:52:58.76] taskkill torcs.exe exit=128
ERROR: The process "wtorcs.exe" not found.
[15-Apr-26 21:52:58.77] taskkill wtorcs.exe exit=128
[15-Apr-26 21:52:59.21] TORCS_DIR=C:\Users\szymo\source\repos\torcs\torcs\
[15-Apr-26 21:52:59.21] launching without vision
[15-Apr-26 21:52:59.22] start command dispatched
[15-Apr-26 21:53:00.22] running autostart C:\Users\szymo\source\repos\torcs\gym_torcs\autostart_windows.bat
[15-Apr-26 21:53:00.22] autostart exit=0

Image Name                     PID Session Name        Session#    Mem Usage
========================= ======== ================ =========== ============
wtorcs.exe                   64420 Console                    1     82,948 K
INFO: No tasks are running which match the specified criteria.
[15-Apr-26 21:53:02.36] start_torcs_windows.bat end

[15-Apr-26 21:53:13.67] start_torcs_windows.bat begin
[15-Apr-26 21:53:13.68] TORCS_EXE=C:\Users\szymo\source\repos\torcs\torcs\wtorcs.exe
[15-Apr-26 21:53:13.68] TORCS_IMAGE=wtorcs.exe
[15-Apr-26 21:53:13.69] VISION_FLAG=novision
SUCCESS: The process with PID 65488 (child process of PID 64420) has been terminated.
SUCCESS: The process with PID 64420 (child process of PID 63316) has been terminated.
[15-Apr-26 21:53:13.79] taskkill wtorcs.exe exit=0
ERROR: The process "torcs.exe" not found.
[15-Apr-26 21:53:13.90] taskkill torcs.exe exit=128
ERROR: The process "wtorcs.exe" not found.
[15-Apr-26 21:53:13.91] taskkill wtorcs.exe exit=128
[15-Apr-26 21:53:15.21] TORCS_DIR=C:\Users\szymo\source\repos\torcs\torcs\
[15-Apr-26 21:53:15.21] launching without vision
[15-Apr-26 21:53:15.22] start command dispatched
[15-Apr-26 21:53:16.21] running autostart C:\Users\szymo\source\repos\torcs\gym_torcs\autostart_windows.bat
[15-Apr-26 21:53:16.21] autostart exit=0

Image Name                     PID Session Name        Session#    Mem Usage
========================= ======== ================ =========== ============
wtorcs.exe                   57668 Console                    1     82,236 K
INFO: No tasks are running which match the specified criteria.
[15-Apr-26 21:53:18.30] start_torcs_windows.bat end

[15-Apr-26 21:53:28.78] start_torcs_windows.bat begin
[15-Apr-26 21:53:28.79] TORCS_EXE=C:\Users\szymo\source\repos\torcs\torcs\wtorcs.exe
[15-Apr-26 21:53:28.79] TORCS_IMAGE=wtorcs.exe
[15-Apr-26 21:53:28.80] VISION_FLAG=novision
SUCCESS: The process with PID 58332 (child process of PID 57668) has been terminated.
SUCCESS: The process with PID 57668 (child process of PID 58316) has been terminated.
[15-Apr-26 21:53:28.91] taskkill wtorcs.exe exit=0
ERROR: The process "torcs.exe" not found.
[15-Apr-26 21:53:29.01] taskkill torcs.exe exit=128
ERROR: The process "wtorcs.exe" not found.
[15-Apr-26 21:53:29.02] taskkill wtorcs.exe exit=128
[15-Apr-26 21:53:30.12] TORCS_DIR=C:\Users\szymo\source\repos\torcs\torcs\
[15-Apr-26 21:53:30.12] launching without vision
[15-Apr-26 21:53:30.13] start command dispatched
[15-Apr-26 21:53:31.12] running autostart C:\Users\szymo\source\repos\torcs\gym_torcs\autostart_windows.bat
[15-Apr-26 21:53:31.12] autostart exit=0
INFO: No tasks are running which match the specified criteria.
INFO: No tasks are running which match the specified criteria.
[15-Apr-26 21:53:33.21] start_torcs_windows.bat end

[15-Apr-26 21:54:03.18] start_torcs_windows.bat begin
[15-Apr-26 21:54:03.18] TORCS_EXE=C:\Users\szymo\source\repos\torcs\torcs\wtorcs.exe
[15-Apr-26 21:54:03.19] TORCS_IMAGE=wtorcs.exe
[15-Apr-26 21:54:03.20] VISION_FLAG=novision
SUCCESS: The process with PID 65956 (child process of PID 58236) has been terminated.
SUCCESS: The process with PID 58236 (child process of PID 13320) has been terminated.
[15-Apr-26 21:54:03.32] taskkill wtorcs.exe exit=0
ERROR: The process "torcs.exe" not found.
[15-Apr-26 21:54:03.43] taskkill torcs.exe exit=128
ERROR: The process "wtorcs.exe" not found.
[15-Apr-26 21:54:03.44] taskkill wtorcs.exe exit=128
[15-Apr-26 21:54:04.21] TORCS_DIR=C:\Users\szymo\source\repos\torcs\torcs\
[15-Apr-26 21:54:04.21] launching without vision
[15-Apr-26 21:54:04.21] start command dispatched
[15-Apr-26 21:54:05.20] running autostart C:\Users\szymo\source\repos\torcs\gym_torcs\autostart_windows.bat
[15-Apr-26 21:54:05.20] autostart exit=0

Image Name                     PID Session Name        Session#    Mem Usage
========================= ======== ================ =========== ============
wtorcs.exe                   65384 Console                    1     83,892 K
INFO: No tasks are running which match the specified criteria.
[15-Apr-26 21:54:07.32] start_torcs_windows.bat end

[15-Apr-26 21:54:20.21] start_torcs_windows.bat begin
[15-Apr-26 21:54:20.21] TORCS_EXE=C:\Users\szymo\source\repos\torcs\torcs\wtorcs.exe
[15-Apr-26 21:54:20.22] TORCS_IMAGE=wtorcs.exe
[15-Apr-26 21:54:20.22] VISION_FLAG=novision
SUCCESS: The process with PID 65512 (child process of PID 65384) has been terminated.
SUCCESS: The process with PID 65384 (child process of PID 63836) has been terminated.
[15-Apr-26 21:54:20.34] taskkill wtorcs.exe exit=0
ERROR: The process "torcs.exe" not found.
[15-Apr-26 21:54:20.47] taskkill torcs.exe exit=128
ERROR: The process "wtorcs.exe" not found.
[15-Apr-26 21:54:20.47] taskkill wtorcs.exe exit=128
[15-Apr-26 21:54:21.14] TORCS_DIR=C:\Users\szymo\source\repos\torcs\torcs\
[15-Apr-26 21:54:21.14] launching without vision
[15-Apr-26 21:54:21.15] start command dispatched
[15-Apr-26 21:54:22.15] running autostart C:\Users\szymo\source\repos\torcs\gym_torcs\autostart_windows.bat
[15-Apr-26 21:54:22.15] autostart exit=0

Image Name                     PID Session Name        Session#    Mem Usage
========================= ======== ================ =========== ============
wtorcs.exe                   34324 Console                    1     83,560 K
INFO: No tasks are running which match the specified criteria.
[15-Apr-26 21:54:24.28] start_torcs_windows.bat end

[15-Apr-26 21:54:34.54] start_torcs_windows.bat begin
[15-Apr-26 21:54:34.54] TORCS_EXE=C:\Users\szymo\source\repos\torcs\torcs\wtorcs.exe
[15-Apr-26 21:54:34.55] TORCS_IMAGE=wtorcs.exe
[15-Apr-26 21:54:34.55] VISION_FLAG=novision
SUCCESS: The process with PID 64440 (child process of PID 34324) has been terminated.
SUCCESS: The process with PID 34324 (child process of PID 65960) has been terminated.
[15-Apr-26 21:54:34.66] taskkill wtorcs.exe exit=0
ERROR: The process "torcs.exe" not found.
[15-Apr-26 21:54:34.79] taskkill torcs.exe exit=128
ERROR: The process "wtorcs.exe" not found.
[15-Apr-26 21:54:34.80] taskkill wtorcs.exe exit=128
[15-Apr-26 21:54:35.13] TORCS_DIR=C:\Users\szymo\source\repos\torcs\torcs\
[15-Apr-26 21:54:35.13] launching without vision
[15-Apr-26 21:54:35.13] start command dispatched
[15-Apr-26 21:54:36.12] running autostart C:\Users\szymo\source\repos\torcs\gym_torcs\autostart_windows.bat
[15-Apr-26 21:54:36.12] autostart exit=0

Image Name                     PID Session Name        Session#    Mem Usage
========================= ======== ================ =========== ============
wtorcs.exe                   65372 Console                    1     85,024 K
INFO: No tasks are running which match the specified criteria.
[15-Apr-26 21:54:38.24] start_torcs_windows.bat end

[15-Apr-26 21:54:48.07] start_torcs_windows.bat begin
[15-Apr-26 21:54:48.07] TORCS_EXE=C:\Users\szymo\source\repos\torcs\torcs\wtorcs.exe
[15-Apr-26 21:54:48.08] TORCS_IMAGE=wtorcs.exe
[15-Apr-26 21:54:48.08] VISION_FLAG=novision
SUCCESS: The process with PID 61332 (child process of PID 65372) has been terminated.
SUCCESS: The process with PID 65372 (child process of PID 51880) has been terminated.
[15-Apr-26 21:54:48.20] taskkill wtorcs.exe exit=0
ERROR: The process "torcs.exe" not found.
[15-Apr-26 21:54:48.32] taskkill torcs.exe exit=128
ERROR: The process "wtorcs.exe" not found.
[15-Apr-26 21:54:48.33] taskkill wtorcs.exe exit=128
[15-Apr-26 21:54:49.21] TORCS_DIR=C:\Users\szymo\source\repos\torcs\torcs\
[15-Apr-26 21:54:49.21] launching without vision
[15-Apr-26 21:54:49.22] start command dispatched
[15-Apr-26 21:54:50.21] running autostart C:\Users\szymo\source\repos\torcs\gym_torcs\autostart_windows.bat
[15-Apr-26 21:54:50.21] autostart exit=0

Image Name                     PID Session Name        Session#    Mem Usage
========================= ======== ================ =========== ============
wtorcs.exe                   65992 Console                    1     82,484 K
INFO: No tasks are running which match the specified criteria.
[15-Apr-26 21:54:52.32] start_torcs_windows.bat end

[15-Apr-26 21:55:02.38] start_torcs_windows.bat begin
[15-Apr-26 21:55:02.38] TORCS_EXE=C:\Users\szymo\source\repos\torcs\torcs\wtorcs.exe
[15-Apr-26 21:55:02.39] TORCS_IMAGE=wtorcs.exe
[15-Apr-26 21:55:02.39] VISION_FLAG=novision
SUCCESS: The process with PID 57804 (child process of PID 65992) has been terminated.
SUCCESS: The process with PID 65992 (child process of PID 61612) has been terminated.
[15-Apr-26 21:55:02.50] taskkill wtorcs.exe exit=0
ERROR: The process "torcs.exe" not found.
[15-Apr-26 21:55:02.63] taskkill torcs.exe exit=128
ERROR: The process "wtorcs.exe" not found.
[15-Apr-26 21:55:02.63] taskkill wtorcs.exe exit=128
[15-Apr-26 21:55:03.21] TORCS_DIR=C:\Users\szymo\source\repos\torcs\torcs\
[15-Apr-26 21:55:03.21] launching without vision
[15-Apr-26 21:55:03.21] start command dispatched
[15-Apr-26 21:55:04.21] running autostart C:\Users\szymo\source\repos\torcs\gym_torcs\autostart_windows.bat
[15-Apr-26 21:55:04.21] autostart exit=0

Image Name                     PID Session Name        Session#    Mem Usage
========================= ======== ================ =========== ============
wtorcs.exe                   55636 Console                    1     83,472 K
INFO: No tasks are running which match the specified criteria.
[15-Apr-26 21:55:06.31] start_torcs_windows.bat end

[15-Apr-26 21:55:17.12] start_torcs_windows.bat begin
[15-Apr-26 21:55:17.13] TORCS_EXE=C:\Users\szymo\source\repos\torcs\torcs\wtorcs.exe
[15-Apr-26 21:55:17.13] TORCS_IMAGE=wtorcs.exe
[15-Apr-26 21:55:17.14] VISION_FLAG=novision
SUCCESS: The process with PID 64584 (child process of PID 55636) has been terminated.
SUCCESS: The process with PID 55636 (child process of PID 64904) has been terminated.
[15-Apr-26 21:55:17.25] taskkill wtorcs.exe exit=0
ERROR: The process "torcs.exe" not found.
[15-Apr-26 21:55:17.37] taskkill torcs.exe exit=128
ERROR: The process "wtorcs.exe" not found.
[15-Apr-26 21:55:17.38] taskkill wtorcs.exe exit=128
[15-Apr-26 21:55:18.16] TORCS_DIR=C:\Users\szymo\source\repos\torcs\torcs\
[15-Apr-26 21:55:18.16] launching without vision
[15-Apr-26 21:55:18.17] start command dispatched
[15-Apr-26 21:55:19.16] running autostart C:\Users\szymo\source\repos\torcs\gym_torcs\autostart_windows.bat
[15-Apr-26 21:55:19.16] autostart exit=0

Image Name                     PID Session Name        Session#    Mem Usage
========================= ======== ================ =========== ============
wtorcs.exe                   66140 Console                    1     84,952 K
INFO: No tasks are running which match the specified criteria.
[15-Apr-26 21:55:21.27] start_torcs_windows.bat end

[15-Apr-26 21:55:31.42] start_torcs_windows.bat begin
[15-Apr-26 21:55:31.42] TORCS_EXE=C:\Users\szymo\source\repos\torcs\torcs\wtorcs.exe
[15-Apr-26 21:55:31.43] TORCS_IMAGE=wtorcs.exe
[15-Apr-26 21:55:31.43] VISION_FLAG=novision
SUCCESS: The process with PID 48908 (child process of PID 66140) has been terminated.
SUCCESS: The process with PID 66140 (child process of PID 65060) has been terminated.
[15-Apr-26 21:55:31.55] taskkill wtorcs.exe exit=0
ERROR: The process "torcs.exe" not found.
[15-Apr-26 21:55:31.67] taskkill torcs.exe exit=128
ERROR: The process "wtorcs.exe" not found.
[15-Apr-26 21:55:31.67] taskkill wtorcs.exe exit=128
[15-Apr-26 21:55:32.12] TORCS_DIR=C:\Users\szymo\source\repos\torcs\torcs\
[15-Apr-26 21:55:32.12] launching without vision
[15-Apr-26 21:55:32.13] start command dispatched
[15-Apr-26 21:55:33.12] running autostart C:\Users\szymo\source\repos\torcs\gym_torcs\autostart_windows.bat
[15-Apr-26 21:55:33.12] autostart exit=0

Image Name                     PID Session Name        Session#    Mem Usage
========================= ======== ================ =========== ============
wtorcs.exe                   54236 Console                    1     85,640 K
INFO: No tasks are running which match the specified criteria.
[15-Apr-26 21:55:35.23] start_torcs_windows.bat end

[15-Apr-26 21:55:46.94] start_torcs_windows.bat begin
[15-Apr-26 21:55:46.95] TORCS_EXE=C:\Users\szymo\source\repos\torcs\torcs\wtorcs.exe
[15-Apr-26 21:55:46.96] TORCS_IMAGE=wtorcs.exe
[15-Apr-26 21:55:46.96] VISION_FLAG=novision
SUCCESS: The process with PID 60604 (child process of PID 54236) has been terminated.
SUCCESS: The process with PID 54236 (child process of PID 65508) has been terminated.
[15-Apr-26 21:55:47.07] taskkill wtorcs.exe exit=0
ERROR: The process "torcs.exe" not found.
[15-Apr-26 21:55:47.19] taskkill torcs.exe exit=128
ERROR: The process "wtorcs.exe" not found.
[15-Apr-26 21:55:47.20] taskkill wtorcs.exe exit=128
[15-Apr-26 21:55:48.18] TORCS_DIR=C:\Users\szymo\source\repos\torcs\torcs\
[15-Apr-26 21:55:48.18] launching without vision
[15-Apr-26 21:55:48.19] start command dispatched
[15-Apr-26 21:55:49.18] running autostart C:\Users\szymo\source\repos\torcs\gym_torcs\autostart_windows.bat
[15-Apr-26 21:55:49.18] autostart exit=0

Image Name                     PID Session Name        Session#    Mem Usage
========================= ======== ================ =========== ============
wtorcs.exe                   22552 Console                    1     84,688 K
INFO: No tasks are running which match the specified criteria.
[15-Apr-26 21:55:51.29] start_torcs_windows.bat end

[15-Apr-26 21:56:01.22] start_torcs_windows.bat begin
[15-Apr-26 21:56:01.23] TORCS_EXE=C:\Users\szymo\source\repos\torcs\torcs\wtorcs.exe
[15-Apr-26 21:56:01.24] TORCS_IMAGE=wtorcs.exe
[15-Apr-26 21:56:01.24] VISION_FLAG=novision
SUCCESS: The process with PID 63000 (child process of PID 22552) has been terminated.
SUCCESS: The process with PID 22552 (child process of PID 61504) has been terminated.
[15-Apr-26 21:56:01.35] taskkill wtorcs.exe exit=0
ERROR: The process "torcs.exe" not found.
[15-Apr-26 21:56:01.47] taskkill torcs.exe exit=128
ERROR: The process "wtorcs.exe" not found.
[15-Apr-26 21:56:01.48] taskkill wtorcs.exe exit=128
[15-Apr-26 21:56:02.13] TORCS_DIR=C:\Users\szymo\source\repos\torcs\torcs\
[15-Apr-26 21:56:02.13] launching without vision
[15-Apr-26 21:56:02.14] start command dispatched
[15-Apr-26 21:56:03.14] running autostart C:\Users\szymo\source\repos\torcs\gym_torcs\autostart_windows.bat
[15-Apr-26 21:56:03.14] autostart exit=0

Image Name                     PID Session Name        Session#    Mem Usage
========================= ======== ================ =========== ============
wtorcs.exe                   66212 Console                    1     84,856 K
INFO: No tasks are running which match the specified criteria.
[15-Apr-26 21:56:05.25] start_torcs_windows.bat end

[15-Apr-26 21:56:14.50] start_torcs_windows.bat begin
[15-Apr-26 21:56:14.51] TORCS_EXE=C:\Users\szymo\source\repos\torcs\torcs\wtorcs.exe
[15-Apr-26 21:56:14.51] TORCS_IMAGE=wtorcs.exe
[15-Apr-26 21:56:14.52] VISION_FLAG=novision
SUCCESS: The process with PID 53320 (child process of PID 66212) has been terminated.
SUCCESS: The process with PID 66212 (child process of PID 52980) has been terminated.
[15-Apr-26 21:56:14.63] taskkill wtorcs.exe exit=0
ERROR: The process "torcs.exe" not found.
[15-Apr-26 21:56:14.77] taskkill torcs.exe exit=128
ERROR: The process "wtorcs.exe" not found.
[15-Apr-26 21:56:14.78] taskkill wtorcs.exe exit=128
[15-Apr-26 21:56:15.11] TORCS_DIR=C:\Users\szymo\source\repos\torcs\torcs\
[15-Apr-26 21:56:15.11] launching without vision
[15-Apr-26 21:56:15.11] start command dispatched
[15-Apr-26 21:56:16.11] running autostart C:\Users\szymo\source\repos\torcs\gym_torcs\autostart_windows.bat
[15-Apr-26 21:56:16.11] autostart exit=0

Image Name                     PID Session Name        Session#    Mem Usage
========================= ======== ================ =========== ============
wtorcs.exe                   62316 Console                    1     84,728 K
INFO: No tasks are running which match the specified criteria.
[15-Apr-26 21:56:18.21] start_torcs_windows.bat end

[15-Apr-26 21:56:28.00] start_torcs_windows.bat begin
[15-Apr-26 21:56:28.00] TORCS_EXE=C:\Users\szymo\source\repos\torcs\torcs\wtorcs.exe
[15-Apr-26 21:56:28.01] TORCS_IMAGE=wtorcs.exe
[15-Apr-26 21:56:28.01] VISION_FLAG=novision
SUCCESS: The process with PID 65208 (child process of PID 62316) has been terminated.
SUCCESS: The process with PID 62316 (child process of PID 58872) has been terminated.
[15-Apr-26 21:56:28.12] taskkill wtorcs.exe exit=0
ERROR: The process "torcs.exe" not found.
[15-Apr-26 21:56:28.25] taskkill torcs.exe exit=128
ERROR: The process "wtorcs.exe" not found.
[15-Apr-26 21:56:28.25] taskkill wtorcs.exe exit=128
[15-Apr-26 21:56:29.13] TORCS_DIR=C:\Users\szymo\source\repos\torcs\torcs\
[15-Apr-26 21:56:29.13] launching without vision
[15-Apr-26 21:56:29.13] start command dispatched
[15-Apr-26 21:56:30.13] running autostart C:\Users\szymo\source\repos\torcs\gym_torcs\autostart_windows.bat
[15-Apr-26 21:56:30.13] autostart exit=0

Image Name                     PID Session Name        Session#    Mem Usage
========================= ======== ================ =========== ============
wtorcs.exe                   63396 Console                    1     85,496 K
INFO: No tasks are running which match the specified criteria.
[15-Apr-26 21:56:32.25] start_torcs_windows.bat end

[15-Apr-26 21:56:41.73] start_torcs_windows.bat begin
[15-Apr-26 21:56:41.73] TORCS_EXE=C:\Users\szymo\source\repos\torcs\torcs\wtorcs.exe
[15-Apr-26 21:56:41.74] TORCS_IMAGE=wtorcs.exe
[15-Apr-26 21:56:41.74] VISION_FLAG=novision
SUCCESS: The process with PID 48460 (child process of PID 63396) has been terminated.
SUCCESS: The process with PID 63396 (child process of PID 62508) has been terminated.
[15-Apr-26 21:56:41.85] taskkill wtorcs.exe exit=0
ERROR: The process "torcs.exe" not found.
[15-Apr-26 21:56:41.97] taskkill torcs.exe exit=128
ERROR: The process "wtorcs.exe" not found.
[15-Apr-26 21:56:41.98] taskkill wtorcs.exe exit=128
[15-Apr-26 21:56:43.19] TORCS_DIR=C:\Users\szymo\source\repos\torcs\torcs\
[15-Apr-26 21:56:43.19] launching without vision
[15-Apr-26 21:56:43.20] start command dispatched
[15-Apr-26 21:56:44.19] running autostart C:\Users\szymo\source\repos\torcs\gym_torcs\autostart_windows.bat
[15-Apr-26 21:56:44.19] autostart exit=0

Image Name                     PID Session Name        Session#    Mem Usage
========================= ======== ================ =========== ============
wtorcs.exe                   64772 Console                    1     83,424 K
INFO: No tasks are running which match the specified criteria.
[15-Apr-26 21:56:46.30] start_torcs_windows.bat end

[15-Apr-26 21:57:06.39] start_torcs_windows.bat begin
[15-Apr-26 21:57:06.40] TORCS_EXE=C:\Users\szymo\source\repos\torcs\torcs\wtorcs.exe
[15-Apr-26 21:57:06.40] TORCS_IMAGE=wtorcs.exe
[15-Apr-26 21:57:06.41] VISION_FLAG=novision
SUCCESS: The process with PID 66084 (child process of PID 64772) has been terminated.
SUCCESS: The process with PID 64772 (child process of PID 33488) has been terminated.
[15-Apr-26 21:57:06.52] taskkill wtorcs.exe exit=0
ERROR: The process "torcs.exe" not found.
[15-Apr-26 21:57:06.64] taskkill torcs.exe exit=128
ERROR: The process "wtorcs.exe" not found.
[15-Apr-26 21:57:06.64] taskkill wtorcs.exe exit=128
[15-Apr-26 21:57:07.20] TORCS_DIR=C:\Users\szymo\source\repos\torcs\torcs\
[15-Apr-26 21:57:07.20] launching without vision
[15-Apr-26 21:57:07.21] start command dispatched
[15-Apr-26 21:57:08.20] running autostart C:\Users\szymo\source\repos\torcs\gym_torcs\autostart_windows.bat
[15-Apr-26 21:57:08.20] autostart exit=0

Image Name                     PID Session Name        Session#    Mem Usage
========================= ======== ================ =========== ============
wtorcs.exe                   64928 Console                    1     83,716 K
INFO: No tasks are running which match the specified criteria.
[15-Apr-26 21:57:10.32] start_torcs_windows.bat end

[15-Apr-26 21:57:20.92] start_torcs_windows.bat begin
[15-Apr-26 21:57:20.93] TORCS_EXE=C:\Users\szymo\source\repos\torcs\torcs\wtorcs.exe
[15-Apr-26 21:57:20.93] TORCS_IMAGE=wtorcs.exe
[15-Apr-26 21:57:20.94] VISION_FLAG=novision
SUCCESS: The process with PID 54776 (child process of PID 64928) has been terminated.
SUCCESS: The process with PID 64928 (child process of PID 62236) has been terminated.
[15-Apr-26 21:57:21.05] taskkill wtorcs.exe exit=0
ERROR: The process "torcs.exe" not found.
[15-Apr-26 21:57:21.17] taskkill torcs.exe exit=128
ERROR: The process "wtorcs.exe" not found.
[15-Apr-26 21:57:21.18] taskkill wtorcs.exe exit=128
[15-Apr-26 21:57:22.17] TORCS_DIR=C:\Users\szymo\source\repos\torcs\torcs\
[15-Apr-26 21:57:22.17] launching without vision
[15-Apr-26 21:57:22.18] start command dispatched
[15-Apr-26 21:57:23.17] running autostart C:\Users\szymo\source\repos\torcs\gym_torcs\autostart_windows.bat
[15-Apr-26 21:57:23.17] autostart exit=0

Image Name                     PID Session Name        Session#    Mem Usage
========================= ======== ================ =========== ============
wtorcs.exe                   64580 Console                    1     84,056 K
INFO: No tasks are running which match the specified criteria.
[15-Apr-26 21:57:25.26] start_torcs_windows.bat end

[15-Apr-26 21:57:34.93] start_torcs_windows.bat begin
[15-Apr-26 21:57:34.94] TORCS_EXE=C:\Users\szymo\source\repos\torcs\torcs\wtorcs.exe
[15-Apr-26 21:57:34.94] TORCS_IMAGE=wtorcs.exe
[15-Apr-26 21:57:34.95] VISION_FLAG=novision
SUCCESS: The process with PID 60544 (child process of PID 64580) has been terminated.
SUCCESS: The process with PID 64580 (child process of PID 63344) has been terminated.
[15-Apr-26 21:57:35.06] taskkill wtorcs.exe exit=0
ERROR: The process "torcs.exe" not found.
[15-Apr-26 21:57:35.19] taskkill torcs.exe exit=128
ERROR: The process "wtorcs.exe" not found.
[15-Apr-26 21:57:35.19] taskkill wtorcs.exe exit=128
[15-Apr-26 21:57:36.17] TORCS_DIR=C:\Users\szymo\source\repos\torcs\torcs\
[15-Apr-26 21:57:36.17] launching without vision
[15-Apr-26 21:57:36.17] start command dispatched
[15-Apr-26 21:57:37.17] running autostart C:\Users\szymo\source\repos\torcs\gym_torcs\autostart_windows.bat
[15-Apr-26 21:57:37.17] autostart exit=0

Image Name                     PID Session Name        Session#    Mem Usage
========================= ======== ================ =========== ============
wtorcs.exe                   61424 Console                    1     85,472 K
INFO: No tasks are running which match the specified criteria.
[15-Apr-26 21:57:39.29] start_torcs_windows.bat end

[15-Apr-26 21:57:50.76] start_torcs_windows.bat begin
[15-Apr-26 21:57:50.77] TORCS_EXE=C:\Users\szymo\source\repos\torcs\torcs\wtorcs.exe
[15-Apr-26 21:57:50.77] TORCS_IMAGE=wtorcs.exe
[15-Apr-26 21:57:50.78] VISION_FLAG=novision
SUCCESS: The process with PID 62708 (child process of PID 61424) has been terminated.
SUCCESS: The process with PID 61424 (child process of PID 56416) has been terminated.
[15-Apr-26 21:57:50.88] taskkill wtorcs.exe exit=0
ERROR: The process "torcs.exe" not found.
[15-Apr-26 21:57:51.02] taskkill torcs.exe exit=128
ERROR: The process "wtorcs.exe" not found.
[15-Apr-26 21:57:51.03] taskkill wtorcs.exe exit=128
[15-Apr-26 21:57:52.13] TORCS_DIR=C:\Users\szymo\source\repos\torcs\torcs\
[15-Apr-26 21:57:52.13] launching without vision
[15-Apr-26 21:57:52.14] start command dispatched
[15-Apr-26 21:57:53.13] running autostart C:\Users\szymo\source\repos\torcs\gym_torcs\autostart_windows.bat
[15-Apr-26 21:57:53.13] autostart exit=0
INFO: No tasks are running which match the specified criteria.
INFO: No tasks are running which match the specified criteria.
[15-Apr-26 21:57:55.25] start_torcs_windows.bat end

[15-Apr-26 21:58:04.16] start_torcs_windows.bat begin
[15-Apr-26 21:58:04.16] TORCS_EXE=C:\Users\szymo\source\repos\torcs\torcs\wtorcs.exe
[15-Apr-26 21:58:04.18] TORCS_IMAGE=wtorcs.exe
[15-Apr-26 21:58:04.18] VISION_FLAG=novision
ERROR: The process "wtorcs.exe" not found.
[15-Apr-26 21:58:04.29] taskkill wtorcs.exe exit=128
ERROR: The process "torcs.exe" not found.
[15-Apr-26 21:58:04.39] taskkill torcs.exe exit=128
ERROR: The process "wtorcs.exe" not found.
[15-Apr-26 21:58:04.39] taskkill wtorcs.exe exit=128
[15-Apr-26 21:58:05.17] TORCS_DIR=C:\Users\szymo\source\repos\torcs\torcs\
[15-Apr-26 21:58:05.17] launching without vision
[15-Apr-26 21:58:05.17] start command dispatched
[15-Apr-26 21:58:06.16] running autostart C:\Users\szymo\source\repos\torcs\gym_torcs\autostart_windows.bat
[15-Apr-26 21:58:06.16] autostart exit=0

Image Name                     PID Session Name        Session#    Mem Usage
========================= ======== ================ =========== ============
wtorcs.exe                   61556 Console                    1     62,376 K
INFO: No tasks are running which match the specified criteria.
[15-Apr-26 21:58:08.29] start_torcs_windows.bat end

[15-Apr-26 21:58:21.18] start_torcs_windows.bat begin
[15-Apr-26 21:58:21.18] TORCS_EXE=C:\Users\szymo\source\repos\torcs\torcs\wtorcs.exe
[15-Apr-26 21:58:21.19] TORCS_IMAGE=wtorcs.exe
[15-Apr-26 21:58:21.19] VISION_FLAG=novision
SUCCESS: The process with PID 22508 (child process of PID 61556) has been terminated.
SUCCESS: The process with PID 61556 (child process of PID 62944) has been terminated.
[15-Apr-26 21:58:21.30] taskkill wtorcs.exe exit=0
ERROR: The process "torcs.exe" not found.
[15-Apr-26 21:58:21.41] taskkill torcs.exe exit=128
ERROR: The process "wtorcs.exe" not found.
[15-Apr-26 21:58:21.41] taskkill wtorcs.exe exit=128
[15-Apr-26 21:58:22.18] TORCS_DIR=C:\Users\szymo\source\repos\torcs\torcs\
[15-Apr-26 21:58:22.18] launching without vision
[15-Apr-26 21:58:22.19] start command dispatched
[15-Apr-26 21:58:23.19] running autostart C:\Users\szymo\source\repos\torcs\gym_torcs\autostart_windows.bat
[15-Apr-26 21:58:23.19] autostart exit=0

Image Name                     PID Session Name        Session#    Mem Usage
========================= ======== ================ =========== ============
wtorcs.exe                   62224 Console                    1     83,816 K
INFO: No tasks are running which match the specified criteria.
[15-Apr-26 21:58:25.29] start_torcs_windows.bat end

[15-Apr-26 21:58:28.31] start_torcs_windows.bat begin
[15-Apr-26 21:58:28.32] TORCS_EXE=C:\Users\szymo\source\repos\torcs\torcs\wtorcs.exe
[15-Apr-26 21:58:28.32] TORCS_IMAGE=wtorcs.exe
[15-Apr-26 21:58:28.32] VISION_FLAG=novision
SUCCESS: The process with PID 64032 (child process of PID 62224) has been terminated.
SUCCESS: The process with PID 62224 (child process of PID 60980) has been terminated.
[15-Apr-26 21:58:28.44] taskkill wtorcs.exe exit=0
ERROR: The process "torcs.exe" not found.
[15-Apr-26 21:58:28.55] taskkill torcs.exe exit=128
ERROR: The process "wtorcs.exe" not found.
[15-Apr-26 21:58:28.56] taskkill wtorcs.exe exit=128
[15-Apr-26 21:58:29.12] TORCS_DIR=C:\Users\szymo\source\repos\torcs\torcs\
[15-Apr-26 21:58:29.12] launching without vision
[15-Apr-26 21:58:29.12] start command dispatched
[15-Apr-26 21:58:30.12] running autostart C:\Users\szymo\source\repos\torcs\gym_torcs\autostart_windows.bat
[15-Apr-26 21:58:30.12] autostart exit=0

Image Name                     PID Session Name        Session#    Mem Usage
========================= ======== ================ =========== ============
wtorcs.exe                   60656 Console                    1     83,580 K
INFO: No tasks are running which match the specified criteria.
[15-Apr-26 21:58:32.23] start_torcs_windows.bat end

[15-Apr-26 21:58:49.26] start_torcs_windows.bat begin
[15-Apr-26 21:58:49.27] TORCS_EXE=C:\Users\szymo\source\repos\torcs\torcs\wtorcs.exe
[15-Apr-26 21:58:49.27] TORCS_IMAGE=wtorcs.exe
[15-Apr-26 21:58:49.28] VISION_FLAG=novision
SUCCESS: The process with PID 21716 (child process of PID 60656) has been terminated.
SUCCESS: The process with PID 60656 (child process of PID 7540) has been terminated.
[15-Apr-26 21:58:49.39] taskkill wtorcs.exe exit=0
ERROR: The process "torcs.exe" not found.
[15-Apr-26 21:58:49.50] taskkill torcs.exe exit=128
ERROR: The process "wtorcs.exe" not found.
[15-Apr-26 21:58:49.51] taskkill wtorcs.exe exit=128
[15-Apr-26 21:58:50.16] TORCS_DIR=C:\Users\szymo\source\repos\torcs\torcs\
[15-Apr-26 21:58:50.16] launching without vision
[15-Apr-26 21:58:50.17] start command dispatched
[15-Apr-26 21:58:51.16] running autostart C:\Users\szymo\source\repos\torcs\gym_torcs\autostart_windows.bat
[15-Apr-26 21:58:51.16] autostart exit=0

Image Name                     PID Session Name        Session#    Mem Usage
========================= ======== ================ =========== ============
wtorcs.exe                   49348 Console                    1     83,068 K
INFO: No tasks are running which match the specified criteria.
[15-Apr-26 21:58:53.27] start_torcs_windows.bat end

[15-Apr-26 21:59:03.99] start_torcs_windows.bat begin
[15-Apr-26 21:59:03.99] TORCS_EXE=C:\Users\szymo\source\repos\torcs\torcs\wtorcs.exe
[15-Apr-26 21:59:04.00] TORCS_IMAGE=wtorcs.exe
[15-Apr-26 21:59:04.00] VISION_FLAG=novision
SUCCESS: The process with PID 63404 (child process of PID 49348) has been terminated.
SUCCESS: The process with PID 49348 (child process of PID 66472) has been terminated.
[15-Apr-26 21:59:04.12] taskkill wtorcs.exe exit=0
ERROR: The process "torcs.exe" not found.
[15-Apr-26 21:59:04.24] taskkill torcs.exe exit=128
ERROR: The process "wtorcs.exe" not found.
[15-Apr-26 21:59:04.24] taskkill wtorcs.exe exit=128
[15-Apr-26 21:59:05.12] TORCS_DIR=C:\Users\szymo\source\repos\torcs\torcs\
[15-Apr-26 21:59:05.12] launching without vision
[15-Apr-26 21:59:05.12] start command dispatched
[15-Apr-26 21:59:06.12] running autostart C:\Users\szymo\source\repos\torcs\gym_torcs\autostart_windows.bat
[15-Apr-26 21:59:06.12] autostart exit=0

Image Name                     PID Session Name        Session#    Mem Usage
========================= ======== ================ =========== ============
wtorcs.exe                   60996 Console                    1     84,056 K
INFO: No tasks are running which match the specified criteria.
[15-Apr-26 21:59:08.23] start_torcs_windows.bat end

[15-Apr-26 21:59:18.77] start_torcs_windows.bat begin
[15-Apr-26 21:59:18.77] TORCS_EXE=C:\Users\szymo\source\repos\torcs\torcs\wtorcs.exe
[15-Apr-26 21:59:18.78] TORCS_IMAGE=wtorcs.exe
[15-Apr-26 21:59:18.78] VISION_FLAG=novision
SUCCESS: The process with PID 65832 (child process of PID 60996) has been terminated.
SUCCESS: The process with PID 60996 (child process of PID 65124) has been terminated.
[15-Apr-26 21:59:18.89] taskkill wtorcs.exe exit=0
ERROR: The process "torcs.exe" not found.
[15-Apr-26 21:59:19.02] taskkill torcs.exe exit=128
ERROR: The process "wtorcs.exe" not found.
[15-Apr-26 21:59:19.03] taskkill wtorcs.exe exit=128
[15-Apr-26 21:59:20.13] TORCS_DIR=C:\Users\szymo\source\repos\torcs\torcs\
[15-Apr-26 21:59:20.13] launching without vision
[15-Apr-26 21:59:20.14] start command dispatched
[15-Apr-26 21:59:21.14] running autostart C:\Users\szymo\source\repos\torcs\gym_torcs\autostart_windows.bat
[15-Apr-26 21:59:21.14] autostart exit=0

Image Name                     PID Session Name        Session#    Mem Usage
========================= ======== ================ =========== ============
wtorcs.exe                   64532 Console                    1     84,112 K
INFO: No tasks are running which match the specified criteria.
[15-Apr-26 21:59:23.24] start_torcs_windows.bat end

[15-Apr-26 21:59:32.68] start_torcs_windows.bat begin
[15-Apr-26 21:59:32.69] TORCS_EXE=C:\Users\szymo\source\repos\torcs\torcs\wtorcs.exe
[15-Apr-26 21:59:32.69] TORCS_IMAGE=wtorcs.exe
[15-Apr-26 21:59:32.69] VISION_FLAG=novision
SUCCESS: The process with PID 61596 (child process of PID 64532) has been terminated.
SUCCESS: The process with PID 64532 (child process of PID 59980) has been terminated.
[15-Apr-26 21:59:32.81] taskkill wtorcs.exe exit=0
ERROR: The process "torcs.exe" not found.
[15-Apr-26 21:59:32.92] taskkill torcs.exe exit=128
ERROR: The process "wtorcs.exe" not found.
[15-Apr-26 21:59:32.93] taskkill wtorcs.exe exit=128
[15-Apr-26 21:59:34.13] TORCS_DIR=C:\Users\szymo\source\repos\torcs\torcs\
[15-Apr-26 21:59:34.13] launching without vision
[15-Apr-26 21:59:34.14] start command dispatched
[15-Apr-26 21:59:35.14] running autostart C:\Users\szymo\source\repos\torcs\gym_torcs\autostart_windows.bat
[15-Apr-26 21:59:35.14] autostart exit=0

Image Name                     PID Session Name        Session#    Mem Usage
========================= ======== ================ =========== ============
wtorcs.exe                   54904 Console                    1     84,372 K
INFO: No tasks are running which match the specified criteria.
[15-Apr-26 21:59:37.26] start_torcs_windows.bat end

[15-Apr-26 21:59:47.81] start_torcs_windows.bat begin
[15-Apr-26 21:59:47.82] TORCS_EXE=C:\Users\szymo\source\repos\torcs\torcs\wtorcs.exe
[15-Apr-26 21:59:47.82] TORCS_IMAGE=wtorcs.exe
[15-Apr-26 21:59:47.83] VISION_FLAG=novision
SUCCESS: The process with PID 61644 (child process of PID 54904) has been terminated.
SUCCESS: The process with PID 54904 (child process of PID 60740) has been terminated.
[15-Apr-26 21:59:47.94] taskkill wtorcs.exe exit=0
ERROR: The process "torcs.exe" not found.
[15-Apr-26 21:59:48.05] taskkill torcs.exe exit=128
ERROR: The process "wtorcs.exe" not found.
[15-Apr-26 21:59:48.05] taskkill wtorcs.exe exit=128
[15-Apr-26 21:59:49.16] TORCS_DIR=C:\Users\szymo\source\repos\torcs\torcs\
[15-Apr-26 21:59:49.16] launching without vision
[15-Apr-26 21:59:49.17] start command dispatched
[15-Apr-26 21:59:50.16] running autostart C:\Users\szymo\source\repos\torcs\gym_torcs\autostart_windows.bat
[15-Apr-26 21:59:50.16] autostart exit=0

Image Name                     PID Session Name        Session#    Mem Usage
========================= ======== ================ =========== ============
wtorcs.exe                   28232 Console                    1     84,956 K
INFO: No tasks are running which match the specified criteria.
[15-Apr-26 21:59:52.27] start_torcs_windows.bat end

[15-Apr-26 22:00:01.85] start_torcs_windows.bat begin
[15-Apr-26 22:00:01.86] TORCS_EXE=C:\Users\szymo\source\repos\torcs\torcs\wtorcs.exe
[15-Apr-26 22:00:01.86] TORCS_IMAGE=wtorcs.exe
[15-Apr-26 22:00:01.87] VISION_FLAG=novision
SUCCESS: The process with PID 20560 (child process of PID 28232) has been terminated.
SUCCESS: The process with PID 28232 (child process of PID 64704) has been terminated.
[15-Apr-26 22:00:01.98] taskkill wtorcs.exe exit=0
ERROR: The process "torcs.exe" not found.
[15-Apr-26 22:00:02.09] taskkill torcs.exe exit=128
ERROR: The process "wtorcs.exe" not found.
[15-Apr-26 22:00:02.10] taskkill wtorcs.exe exit=128
[15-Apr-26 22:00:03.19] TORCS_DIR=C:\Users\szymo\source\repos\torcs\torcs\
[15-Apr-26 22:00:03.19] launching without vision
[15-Apr-26 22:00:03.20] start command dispatched
[15-Apr-26 22:00:04.19] running autostart C:\Users\szymo\source\repos\torcs\gym_torcs\autostart_windows.bat
[15-Apr-26 22:00:04.19] autostart exit=0

Image Name                     PID Session Name        Session#    Mem Usage
========================= ======== ================ =========== ============
wtorcs.exe                   51948 Console                    1     84,368 K
INFO: No tasks are running which match the specified criteria.
[15-Apr-26 22:00:06.29] start_torcs_windows.bat end

[15-Apr-26 22:00:17.47] start_torcs_windows.bat begin
[15-Apr-26 22:00:17.47] TORCS_EXE=C:\Users\szymo\source\repos\torcs\torcs\wtorcs.exe
[15-Apr-26 22:00:17.48] TORCS_IMAGE=wtorcs.exe
[15-Apr-26 22:00:17.48] VISION_FLAG=novision
SUCCESS: The process with PID 50736 (child process of PID 51948) has been terminated.
SUCCESS: The process with PID 51948 (child process of PID 56908) has been terminated.
[15-Apr-26 22:00:17.60] taskkill wtorcs.exe exit=0
ERROR: The process "torcs.exe" not found.
[15-Apr-26 22:00:17.72] taskkill torcs.exe exit=128
ERROR: The process "wtorcs.exe" not found.
[15-Apr-26 22:00:17.72] taskkill wtorcs.exe exit=128
[15-Apr-26 22:00:18.16] TORCS_DIR=C:\Users\szymo\source\repos\torcs\torcs\
[15-Apr-26 22:00:18.16] launching without vision
[15-Apr-26 22:00:18.17] start command dispatched
[15-Apr-26 22:00:19.16] running autostart C:\Users\szymo\source\repos\torcs\gym_torcs\autostart_windows.bat
[15-Apr-26 22:00:19.16] autostart exit=0

Image Name                     PID Session Name        Session#    Mem Usage
========================= ======== ================ =========== ============
wtorcs.exe                   58356 Console                    1     83,632 K
INFO: No tasks are running which match the specified criteria.
[15-Apr-26 22:00:21.25] start_torcs_windows.bat end

[15-Apr-26 22:00:31.81] start_torcs_windows.bat begin
[15-Apr-26 22:00:31.82] TORCS_EXE=C:\Users\szymo\source\repos\torcs\torcs\wtorcs.exe
[15-Apr-26 22:00:31.82] TORCS_IMAGE=wtorcs.exe
[15-Apr-26 22:00:31.82] VISION_FLAG=novision
SUCCESS: The process with PID 64516 (child process of PID 58356) has been terminated.
SUCCESS: The process with PID 58356 (child process of PID 65188) has been terminated.
[15-Apr-26 22:00:31.94] taskkill wtorcs.exe exit=0
ERROR: The process "torcs.exe" not found.
[15-Apr-26 22:00:32.06] taskkill torcs.exe exit=128
ERROR: The process "wtorcs.exe" not found.
[15-Apr-26 22:00:32.06] taskkill wtorcs.exe exit=128
[15-Apr-26 22:00:33.14] TORCS_DIR=C:\Users\szymo\source\repos\torcs\torcs\
[15-Apr-26 22:00:33.14] launching without vision
[15-Apr-26 22:00:33.15] start command dispatched
[15-Apr-26 22:00:34.15] running autostart C:\Users\szymo\source\repos\torcs\gym_torcs\autostart_windows.bat
[15-Apr-26 22:00:34.15] autostart exit=0

Image Name                     PID Session Name        Session#    Mem Usage
========================= ======== ================ =========== ============
wtorcs.exe                   65212 Console                    1     83,852 K
INFO: No tasks are running which match the specified criteria.
[15-Apr-26 22:00:36.27] start_torcs_windows.bat end

[15-Apr-26 22:00:46.35] start_torcs_windows.bat begin
[15-Apr-26 22:00:46.36] TORCS_EXE=C:\Users\szymo\source\repos\torcs\torcs\wtorcs.exe
[15-Apr-26 22:00:46.37] TORCS_IMAGE=wtorcs.exe
[15-Apr-26 22:00:46.37] VISION_FLAG=novision
SUCCESS: The process with PID 6176 (child process of PID 65212) has been terminated.
SUCCESS: The process with PID 65212 (child process of PID 62732) has been terminated.
[15-Apr-26 22:00:46.48] taskkill wtorcs.exe exit=0
ERROR: The process "torcs.exe" not found.
[15-Apr-26 22:00:46.60] taskkill torcs.exe exit=128
ERROR: The process "wtorcs.exe" not found.
[15-Apr-26 22:00:46.61] taskkill wtorcs.exe exit=128
[15-Apr-26 22:00:47.15] TORCS_DIR=C:\Users\szymo\source\repos\torcs\torcs\
[15-Apr-26 22:00:47.15] launching without vision
[15-Apr-26 22:00:47.16] start command dispatched
[15-Apr-26 22:00:48.16] running autostart C:\Users\szymo\source\repos\torcs\gym_torcs\autostart_windows.bat
[15-Apr-26 22:00:48.16] autostart exit=0

Image Name                     PID Session Name        Session#    Mem Usage
========================= ======== ================ =========== ============
wtorcs.exe                   65892 Console                    1     84,580 K
INFO: No tasks are running which match the specified criteria.
[15-Apr-26 22:00:50.27] start_torcs_windows.bat end

[15-Apr-26 22:01:00.78] start_torcs_windows.bat begin
[15-Apr-26 22:01:00.79] TORCS_EXE=C:\Users\szymo\source\repos\torcs\torcs\wtorcs.exe
[15-Apr-26 22:01:00.79] TORCS_IMAGE=wtorcs.exe
[15-Apr-26 22:01:00.80] VISION_FLAG=novision
SUCCESS: The process with PID 66220 (child process of PID 65892) has been terminated.
SUCCESS: The process with PID 65892 (child process of PID 62164) has been terminated.
[15-Apr-26 22:01:00.91] taskkill wtorcs.exe exit=0
ERROR: The process "torcs.exe" not found.
[15-Apr-26 22:01:01.02] taskkill torcs.exe exit=128
ERROR: The process "wtorcs.exe" not found.
[15-Apr-26 22:01:01.03] taskkill wtorcs.exe exit=128
[15-Apr-26 22:01:02.12] TORCS_DIR=C:\Users\szymo\source\repos\torcs\torcs\
[15-Apr-26 22:01:02.12] launching without vision
[15-Apr-26 22:01:02.13] start command dispatched
[15-Apr-26 22:01:03.13] running autostart C:\Users\szymo\source\repos\torcs\gym_torcs\autostart_windows.bat
[15-Apr-26 22:01:03.13] autostart exit=0

Image Name                     PID Session Name        Session#    Mem Usage
========================= ======== ================ =========== ============
wtorcs.exe                   53096 Console                    1     85,024 K
INFO: No tasks are running which match the specified criteria.
[15-Apr-26 22:01:05.23] start_torcs_windows.bat end

[15-Apr-26 22:01:15.36] start_torcs_windows.bat begin
[15-Apr-26 22:01:15.37] TORCS_EXE=C:\Users\szymo\source\repos\torcs\torcs\wtorcs.exe
[15-Apr-26 22:01:15.37] TORCS_IMAGE=wtorcs.exe
[15-Apr-26 22:01:15.38] VISION_FLAG=novision
SUCCESS: The process with PID 61236 (child process of PID 53096) has been terminated.
SUCCESS: The process with PID 53096 (child process of PID 54832) has been terminated.
[15-Apr-26 22:01:15.49] taskkill wtorcs.exe exit=0
ERROR: The process "torcs.exe" not found.
[15-Apr-26 22:01:15.61] taskkill torcs.exe exit=128
ERROR: The process "wtorcs.exe" not found.
[15-Apr-26 22:01:15.62] taskkill wtorcs.exe exit=128
[15-Apr-26 22:01:16.17] TORCS_DIR=C:\Users\szymo\source\repos\torcs\torcs\
[15-Apr-26 22:01:16.17] launching without vision
[15-Apr-26 22:01:16.18] start command dispatched
[15-Apr-26 22:01:17.17] running autostart C:\Users\szymo\source\repos\torcs\gym_torcs\autostart_windows.bat
[15-Apr-26 22:01:17.17] autostart exit=0

Image Name                     PID Session Name        Session#    Mem Usage
========================= ======== ================ =========== ============
wtorcs.exe                   64452 Console                    1     82,420 K
INFO: No tasks are running which match the specified criteria.
[15-Apr-26 22:01:19.31] start_torcs_windows.bat end

[15-Apr-26 22:01:29.01] start_torcs_windows.bat begin
[15-Apr-26 22:01:29.01] TORCS_EXE=C:\Users\szymo\source\repos\torcs\torcs\wtorcs.exe
[15-Apr-26 22:01:29.02] TORCS_IMAGE=wtorcs.exe
[15-Apr-26 22:01:29.02] VISION_FLAG=novision
SUCCESS: The process with PID 65072 (child process of PID 64452) has been terminated.
SUCCESS: The process with PID 64452 (child process of PID 66436) has been terminated.
[15-Apr-26 22:01:29.13] taskkill wtorcs.exe exit=0
ERROR: The process "torcs.exe" not found.
[15-Apr-26 22:01:29.25] taskkill torcs.exe exit=128
ERROR: The process "wtorcs.exe" not found.
[15-Apr-26 22:01:29.25] taskkill wtorcs.exe exit=128
[15-Apr-26 22:01:30.14] TORCS_DIR=C:\Users\szymo\source\repos\torcs\torcs\
[15-Apr-26 22:01:30.14] launching without vision
[15-Apr-26 22:01:30.15] start command dispatched
[15-Apr-26 22:01:31.14] running autostart C:\Users\szymo\source\repos\torcs\gym_torcs\autostart_windows.bat
[15-Apr-26 22:01:31.14] autostart exit=0

Image Name                     PID Session Name        Session#    Mem Usage
========================= ======== ================ =========== ============
wtorcs.exe                   66272 Console                    1     62,440 K
INFO: No tasks are running which match the specified criteria.
[15-Apr-26 22:01:33.26] start_torcs_windows.bat end

[15-Apr-26 22:02:06.89] start_torcs_windows.bat begin
[15-Apr-26 22:02:06.89] TORCS_EXE=C:\Users\szymo\source\repos\torcs\torcs\wtorcs.exe
[15-Apr-26 22:02:06.90] TORCS_IMAGE=wtorcs.exe
[15-Apr-26 22:02:06.90] VISION_FLAG=novision
ERROR: The process "wtorcs.exe" not found.
[15-Apr-26 22:02:07.00] taskkill wtorcs.exe exit=128
ERROR: The process "torcs.exe" not found.
[15-Apr-26 22:02:07.10] taskkill torcs.exe exit=128
ERROR: The process "wtorcs.exe" not found.
[15-Apr-26 22:02:07.11] taskkill wtorcs.exe exit=128
[15-Apr-26 22:02:08.21] TORCS_DIR=C:\Users\szymo\source\repos\torcs\torcs\
[15-Apr-26 22:02:08.21] launching without vision
[15-Apr-26 22:02:08.22] start command dispatched
[15-Apr-26 22:02:09.21] running autostart C:\Users\szymo\source\repos\torcs\gym_torcs\autostart_windows.bat
[15-Apr-26 22:02:09.21] autostart exit=0

Image Name                     PID Session Name        Session#    Mem Usage
========================= ======== ================ =========== ============
wtorcs.exe                   64864 Console                    1     83,772 K
INFO: No tasks are running which match the specified criteria.
[15-Apr-26 22:02:11.31] start_torcs_windows.bat end

[15-Apr-26 22:02:14.24] start_torcs_windows.bat begin
[15-Apr-26 22:02:14.25] TORCS_EXE=C:\Users\szymo\source\repos\torcs\torcs\wtorcs.exe
[15-Apr-26 22:02:14.25] TORCS_IMAGE=wtorcs.exe
[15-Apr-26 22:02:14.26] VISION_FLAG=novision
SUCCESS: The process with PID 43132 (child process of PID 64864) has been terminated.
SUCCESS: The process with PID 64864 (child process of PID 63724) has been terminated.
[15-Apr-26 22:02:14.36] taskkill wtorcs.exe exit=0
ERROR: The process "torcs.exe" not found.
[15-Apr-26 22:02:14.48] taskkill torcs.exe exit=128
ERROR: The process "wtorcs.exe" not found.
[15-Apr-26 22:02:14.48] taskkill wtorcs.exe exit=128
[15-Apr-26 22:02:15.15] TORCS_DIR=C:\Users\szymo\source\repos\torcs\torcs\
[15-Apr-26 22:02:15.15] launching without vision
[15-Apr-26 22:02:15.15] start command dispatched
[15-Apr-26 22:02:16.15] running autostart C:\Users\szymo\source\repos\torcs\gym_torcs\autostart_windows.bat
[15-Apr-26 22:02:16.15] autostart exit=0

Image Name                     PID Session Name        Session#    Mem Usage
========================= ======== ================ =========== ============
wtorcs.exe                   57532 Console                    1     84,352 K
INFO: No tasks are running which match the specified criteria.
[15-Apr-26 22:02:18.25] start_torcs_windows.bat end

[15-Apr-26 22:02:27.99] start_torcs_windows.bat begin
[15-Apr-26 22:02:27.99] TORCS_EXE=C:\Users\szymo\source\repos\torcs\torcs\wtorcs.exe
[15-Apr-26 22:02:28.00] TORCS_IMAGE=wtorcs.exe
[15-Apr-26 22:02:28.00] VISION_FLAG=novision
SUCCESS: The process with PID 3188 (child process of PID 57532) has been terminated.
SUCCESS: The process with PID 57532 (child process of PID 39852) has been terminated.
[15-Apr-26 22:02:28.11] taskkill wtorcs.exe exit=0
ERROR: The process "torcs.exe" not found.
[15-Apr-26 22:02:28.25] taskkill torcs.exe exit=128
ERROR: The process "wtorcs.exe" not found.
[15-Apr-26 22:02:28.25] taskkill wtorcs.exe exit=128
[15-Apr-26 22:02:29.13] TORCS_DIR=C:\Users\szymo\source\repos\torcs\torcs\
[15-Apr-26 22:02:29.13] launching without vision
[15-Apr-26 22:02:29.14] start command dispatched
[15-Apr-26 22:02:30.13] running autostart C:\Users\szymo\source\repos\torcs\gym_torcs\autostart_windows.bat
[15-Apr-26 22:02:30.13] autostart exit=0

Image Name                     PID Session Name        Session#    Mem Usage
========================= ======== ================ =========== ============
wtorcs.exe                    3976 Console                    1     82,484 K
INFO: No tasks are running which match the specified criteria.
[15-Apr-26 22:02:32.24] start_torcs_windows.bat end

[15-Apr-26 22:02:41.58] start_torcs_windows.bat begin
[15-Apr-26 22:02:41.59] TORCS_EXE=C:\Users\szymo\source\repos\torcs\torcs\wtorcs.exe
[15-Apr-26 22:02:41.59] TORCS_IMAGE=wtorcs.exe
[15-Apr-26 22:02:41.60] VISION_FLAG=novision
SUCCESS: The process with PID 61756 (child process of PID 3976) has been terminated.
SUCCESS: The process with PID 3976 (child process of PID 65976) has been terminated.
[15-Apr-26 22:02:41.71] taskkill wtorcs.exe exit=0
ERROR: The process "torcs.exe" not found.
[15-Apr-26 22:02:41.82] taskkill torcs.exe exit=128
ERROR: The process "wtorcs.exe" not found.
[15-Apr-26 22:02:41.83] taskkill wtorcs.exe exit=128
[15-Apr-26 22:02:42.15] TORCS_DIR=C:\Users\szymo\source\repos\torcs\torcs\
[15-Apr-26 22:02:42.15] launching without vision
[15-Apr-26 22:02:42.16] start command dispatched
[15-Apr-26 22:02:43.16] running autostart C:\Users\szymo\source\repos\torcs\gym_torcs\autostart_windows.bat
[15-Apr-26 22:02:43.16] autostart exit=0

Image Name                     PID Session Name        Session#    Mem Usage
========================= ======== ================ =========== ============
wtorcs.exe                   60748 Console                    1     83,316 K
INFO: No tasks are running which match the specified criteria.
[15-Apr-26 22:02:45.27] start_torcs_windows.bat end

[15-Apr-26 22:02:55.38] start_torcs_windows.bat begin
[15-Apr-26 22:02:55.38] TORCS_EXE=C:\Users\szymo\source\repos\torcs\torcs\wtorcs.exe
[15-Apr-26 22:02:55.39] TORCS_IMAGE=wtorcs.exe
[15-Apr-26 22:02:55.40] VISION_FLAG=novision
SUCCESS: The process with PID 65760 (child process of PID 60748) has been terminated.
SUCCESS: The process with PID 60748 (child process of PID 66256) has been terminated.
[15-Apr-26 22:02:55.51] taskkill wtorcs.exe exit=0
ERROR: The process "torcs.exe" not found.
[15-Apr-26 22:02:55.63] taskkill torcs.exe exit=128
ERROR: The process "wtorcs.exe" not found.
[15-Apr-26 22:02:55.63] taskkill wtorcs.exe exit=128
[15-Apr-26 22:02:56.18] TORCS_DIR=C:\Users\szymo\source\repos\torcs\torcs\
[15-Apr-26 22:02:56.18] launching without vision
[15-Apr-26 22:02:56.19] start command dispatched
[15-Apr-26 22:02:57.18] running autostart C:\Users\szymo\source\repos\torcs\gym_torcs\autostart_windows.bat
[15-Apr-26 22:02:57.18] autostart exit=0

Image Name                     PID Session Name        Session#    Mem Usage
========================= ======== ================ =========== ============
wtorcs.exe                   51308 Console                    1     82,652 K
INFO: No tasks are running which match the specified criteria.
[15-Apr-26 22:02:59.29] start_torcs_windows.bat end

[15-Apr-26 22:03:09.15] start_torcs_windows.bat begin
[15-Apr-26 22:03:09.16] TORCS_EXE=C:\Users\szymo\source\repos\torcs\torcs\wtorcs.exe
[15-Apr-26 22:03:09.16] TORCS_IMAGE=wtorcs.exe
[15-Apr-26 22:03:09.17] VISION_FLAG=novision
SUCCESS: The process with PID 5964 (child process of PID 51308) has been terminated.
SUCCESS: The process with PID 51308 (child process of PID 52400) has been terminated.
[15-Apr-26 22:03:09.28] taskkill wtorcs.exe exit=0
ERROR: The process "torcs.exe" not found.
[15-Apr-26 22:03:09.40] taskkill torcs.exe exit=128
ERROR: The process "wtorcs.exe" not found.
[15-Apr-26 22:03:09.41] taskkill wtorcs.exe exit=128
[15-Apr-26 22:03:10.17] TORCS_DIR=C:\Users\szymo\source\repos\torcs\torcs\
[15-Apr-26 22:03:10.17] launching without vision
[15-Apr-26 22:03:10.17] start command dispatched
[15-Apr-26 22:03:11.17] running autostart C:\Users\szymo\source\repos\torcs\gym_torcs\autostart_windows.bat
[15-Apr-26 22:03:11.17] autostart exit=0

Image Name                     PID Session Name        Session#    Mem Usage
========================= ======== ================ =========== ============
wtorcs.exe                   65144 Console                    1     84,568 K
INFO: No tasks are running which match the specified criteria.
[15-Apr-26 22:03:13.28] start_torcs_windows.bat end

[15-Apr-26 22:03:31.34] start_torcs_windows.bat begin
[15-Apr-26 22:03:31.34] TORCS_EXE=C:\Users\szymo\source\repos\torcs\torcs\wtorcs.exe
[15-Apr-26 22:03:31.35] TORCS_IMAGE=wtorcs.exe
[15-Apr-26 22:03:31.35] VISION_FLAG=novision
SUCCESS: The process with PID 58924 (child process of PID 65144) has been terminated.
SUCCESS: The process with PID 65144 (child process of PID 61588) has been terminated.
[15-Apr-26 22:03:31.46] taskkill wtorcs.exe exit=0
ERROR: The process "torcs.exe" not found.
[15-Apr-26 22:03:31.58] taskkill torcs.exe exit=128
ERROR: The process "wtorcs.exe" not found.
[15-Apr-26 22:03:31.58] taskkill wtorcs.exe exit=128
[15-Apr-26 22:03:32.12] TORCS_DIR=C:\Users\szymo\source\repos\torcs\torcs\
[15-Apr-26 22:03:32.12] launching without vision
[15-Apr-26 22:03:32.13] start command dispatched
[15-Apr-26 22:03:33.13] running autostart C:\Users\szymo\source\repos\torcs\gym_torcs\autostart_windows.bat
[15-Apr-26 22:03:33.13] autostart exit=0

Image Name                     PID Session Name        Session#    Mem Usage
========================= ======== ================ =========== ============
wtorcs.exe                   61560 Console                    1     84,040 K
INFO: No tasks are running which match the specified criteria.
[15-Apr-26 22:03:35.23] start_torcs_windows.bat end

[15-Apr-26 22:03:58.51] start_torcs_windows.bat begin
[15-Apr-26 22:03:58.52] TORCS_EXE=C:\Users\szymo\source\repos\torcs\torcs\wtorcs.exe
[15-Apr-26 22:03:58.52] TORCS_IMAGE=wtorcs.exe
[15-Apr-26 22:03:58.53] VISION_FLAG=novision
SUCCESS: The process with PID 57960 (child process of PID 61560) has been terminated.
SUCCESS: The process with PID 61560 (child process of PID 63172) has been terminated.
[15-Apr-26 22:03:58.64] taskkill wtorcs.exe exit=0
ERROR: The process "torcs.exe" not found.
[15-Apr-26 22:03:58.76] taskkill torcs.exe exit=128
ERROR: The process "wtorcs.exe" not found.
[15-Apr-26 22:03:58.77] taskkill wtorcs.exe exit=128
[15-Apr-26 22:03:59.20] TORCS_DIR=C:\Users\szymo\source\repos\torcs\torcs\
[15-Apr-26 22:03:59.20] launching without vision
[15-Apr-26 22:03:59.21] start command dispatched
[15-Apr-26 22:04:00.21] running autostart C:\Users\szymo\source\repos\torcs\gym_torcs\autostart_windows.bat
[15-Apr-26 22:04:00.21] autostart exit=0

Image Name                     PID Session Name        Session#    Mem Usage
========================= ======== ================ =========== ============
wtorcs.exe                   58140 Console                    1     82,552 K
INFO: No tasks are running which match the specified criteria.
[15-Apr-26 22:04:02.31] start_torcs_windows.bat end

[15-Apr-26 22:04:11.86] start_torcs_windows.bat begin
[15-Apr-26 22:04:11.86] TORCS_EXE=C:\Users\szymo\source\repos\torcs\torcs\wtorcs.exe
[15-Apr-26 22:04:11.87] TORCS_IMAGE=wtorcs.exe
[15-Apr-26 22:04:11.87] VISION_FLAG=novision
SUCCESS: The process with PID 59144 (child process of PID 58140) has been terminated.
SUCCESS: The process with PID 58140 (child process of PID 63812) has been terminated.
[15-Apr-26 22:04:11.98] taskkill wtorcs.exe exit=0
ERROR: The process "torcs.exe" not found.
[15-Apr-26 22:04:12.10] taskkill torcs.exe exit=128
ERROR: The process "wtorcs.exe" not found.
[15-Apr-26 22:04:12.10] taskkill wtorcs.exe exit=128
[15-Apr-26 22:04:13.20] TORCS_DIR=C:\Users\szymo\source\repos\torcs\torcs\
[15-Apr-26 22:04:13.20] launching without vision
[15-Apr-26 22:04:13.21] start command dispatched
[15-Apr-26 22:04:14.20] running autostart C:\Users\szymo\source\repos\torcs\gym_torcs\autostart_windows.bat
[15-Apr-26 22:04:14.20] autostart exit=0

Image Name                     PID Session Name        Session#    Mem Usage
========================= ======== ================ =========== ============
wtorcs.exe                   61140 Console                    1     84,764 K
INFO: No tasks are running which match the specified criteria.
[15-Apr-26 22:04:16.32] start_torcs_windows.bat end

[15-Apr-26 22:04:25.87] start_torcs_windows.bat begin
[15-Apr-26 22:04:25.87] TORCS_EXE=C:\Users\szymo\source\repos\torcs\torcs\wtorcs.exe
[15-Apr-26 22:04:25.88] TORCS_IMAGE=wtorcs.exe
[15-Apr-26 22:04:25.88] VISION_FLAG=novision
SUCCESS: The process with PID 61488 (child process of PID 61140) has been terminated.
SUCCESS: The process with PID 61140 (child process of PID 416) has been terminated.
[15-Apr-26 22:04:25.99] taskkill wtorcs.exe exit=0
ERROR: The process "torcs.exe" not found.
[15-Apr-26 22:04:26.11] taskkill torcs.exe exit=128
ERROR: The process "wtorcs.exe" not found.
[15-Apr-26 22:04:26.12] taskkill wtorcs.exe exit=128
[15-Apr-26 22:04:27.20] TORCS_DIR=C:\Users\szymo\source\repos\torcs\torcs\
[15-Apr-26 22:04:27.20] launching without vision
[15-Apr-26 22:04:27.21] start command dispatched
[15-Apr-26 22:04:28.20] running autostart C:\Users\szymo\source\repos\torcs\gym_torcs\autostart_windows.bat
[15-Apr-26 22:04:28.20] autostart exit=0

Image Name                     PID Session Name        Session#    Mem Usage
========================= ======== ================ =========== ============
wtorcs.exe                   62368 Console                    1     83,776 K
INFO: No tasks are running which match the specified criteria.
[15-Apr-26 22:04:30.31] start_torcs_windows.bat end

[15-Apr-26 22:04:40.58] start_torcs_windows.bat begin
[15-Apr-26 22:04:40.59] TORCS_EXE=C:\Users\szymo\source\repos\torcs\torcs\wtorcs.exe
[15-Apr-26 22:04:40.59] TORCS_IMAGE=wtorcs.exe
[15-Apr-26 22:04:40.60] VISION_FLAG=novision
SUCCESS: The process with PID 62792 (child process of PID 62368) has been terminated.
SUCCESS: The process with PID 62368 (child process of PID 55820) has been terminated.
[15-Apr-26 22:04:40.71] taskkill wtorcs.exe exit=0
ERROR: The process "torcs.exe" not found.
[15-Apr-26 22:04:40.83] taskkill torcs.exe exit=128
ERROR: The process "wtorcs.exe" not found.
[15-Apr-26 22:04:40.84] taskkill wtorcs.exe exit=128
[15-Apr-26 22:04:41.15] TORCS_DIR=C:\Users\szymo\source\repos\torcs\torcs\
[15-Apr-26 22:04:41.15] launching without vision
[15-Apr-26 22:04:41.16] start command dispatched
[15-Apr-26 22:04:42.16] running autostart C:\Users\szymo\source\repos\torcs\gym_torcs\autostart_windows.bat
[15-Apr-26 22:04:42.16] autostart exit=0

Image Name                     PID Session Name        Session#    Mem Usage
========================= ======== ================ =========== ============
wtorcs.exe                   52368 Console                    1     83,088 K
INFO: No tasks are running which match the specified criteria.
[15-Apr-26 22:04:44.26] start_torcs_windows.bat end

[15-Apr-26 22:04:54.11] start_torcs_windows.bat begin
[15-Apr-26 22:04:54.11] TORCS_EXE=C:\Users\szymo\source\repos\torcs\torcs\wtorcs.exe
[15-Apr-26 22:04:54.12] TORCS_IMAGE=wtorcs.exe
[15-Apr-26 22:04:54.12] VISION_FLAG=novision
SUCCESS: The process with PID 63308 (child process of PID 52368) has been terminated.
SUCCESS: The process with PID 52368 (child process of PID 10184) has been terminated.
[15-Apr-26 22:04:54.23] taskkill wtorcs.exe exit=0
ERROR: The process "torcs.exe" not found.
[15-Apr-26 22:04:54.35] taskkill torcs.exe exit=128
ERROR: The process "wtorcs.exe" not found.
[15-Apr-26 22:04:54.35] taskkill wtorcs.exe exit=128
[15-Apr-26 22:04:55.11] TORCS_DIR=C:\Users\szymo\source\repos\torcs\torcs\
[15-Apr-26 22:04:55.11] launching without vision
[15-Apr-26 22:04:55.12] start command dispatched
[15-Apr-26 22:04:56.12] running autostart C:\Users\szymo\source\repos\torcs\gym_torcs\autostart_windows.bat
[15-Apr-26 22:04:56.12] autostart exit=0

Image Name                     PID Session Name        Session#    Mem Usage
========================= ======== ================ =========== ============
wtorcs.exe                   55172 Console                    1     85,336 K
INFO: No tasks are running which match the specified criteria.
[15-Apr-26 22:04:58.24] start_torcs_windows.bat end

[15-Apr-26 22:05:09.04] start_torcs_windows.bat begin
[15-Apr-26 22:05:09.04] TORCS_EXE=C:\Users\szymo\source\repos\torcs\torcs\wtorcs.exe
[15-Apr-26 22:05:09.05] TORCS_IMAGE=wtorcs.exe
[15-Apr-26 22:05:09.06] VISION_FLAG=novision
SUCCESS: The process with PID 64744 (child process of PID 55172) has been terminated.
SUCCESS: The process with PID 55172 (child process of PID 58120) has been terminated.
[15-Apr-26 22:05:09.17] taskkill wtorcs.exe exit=0
ERROR: The process "torcs.exe" not found.
[15-Apr-26 22:05:09.29] taskkill torcs.exe exit=128
ERROR: The process "wtorcs.exe" not found.
[15-Apr-26 22:05:09.30] taskkill wtorcs.exe exit=128
[15-Apr-26 22:05:10.17] TORCS_DIR=C:\Users\szymo\source\repos\torcs\torcs\
[15-Apr-26 22:05:10.17] launching without vision
[15-Apr-26 22:05:10.18] start command dispatched
[15-Apr-26 22:05:11.18] running autostart C:\Users\szymo\source\repos\torcs\gym_torcs\autostart_windows.bat
[15-Apr-26 22:05:11.18] autostart exit=0

Image Name                     PID Session Name        Session#    Mem Usage
========================= ======== ================ =========== ============
wtorcs.exe                   26276 Console                    1     82,684 K
INFO: No tasks are running which match the specified criteria.
[15-Apr-26 22:05:13.29] start_torcs_windows.bat end

[15-Apr-26 22:05:37.14] start_torcs_windows.bat begin
[15-Apr-26 22:05:37.15] TORCS_EXE=C:\Users\szymo\source\repos\torcs\torcs\wtorcs.exe
[15-Apr-26 22:05:37.15] TORCS_IMAGE=wtorcs.exe
[15-Apr-26 22:05:37.16] VISION_FLAG=novision
SUCCESS: The process with PID 11476 (child process of PID 26276) has been terminated.
SUCCESS: The process with PID 26276 (child process of PID 60444) has been terminated.
[15-Apr-26 22:05:37.27] taskkill wtorcs.exe exit=0
ERROR: The process "torcs.exe" not found.
[15-Apr-26 22:05:37.39] taskkill torcs.exe exit=128
ERROR: The process "wtorcs.exe" not found.
[15-Apr-26 22:05:37.39] taskkill wtorcs.exe exit=128
[15-Apr-26 22:05:38.16] TORCS_DIR=C:\Users\szymo\source\repos\torcs\torcs\
[15-Apr-26 22:05:38.16] launching without vision
[15-Apr-26 22:05:38.17] start command dispatched
[15-Apr-26 22:05:39.16] running autostart C:\Users\szymo\source\repos\torcs\gym_torcs\autostart_windows.bat
[15-Apr-26 22:05:39.16] autostart exit=0

Image Name                     PID Session Name        Session#    Mem Usage
========================= ======== ================ =========== ============
wtorcs.exe                   65812 Console                    1     82,636 K
INFO: No tasks are running which match the specified criteria.
[15-Apr-26 22:05:41.26] start_torcs_windows.bat end

[15-Apr-26 22:06:00.53] start_torcs_windows.bat begin
[15-Apr-26 22:06:00.54] TORCS_EXE=C:\Users\szymo\source\repos\torcs\torcs\wtorcs.exe
[15-Apr-26 22:06:00.54] TORCS_IMAGE=wtorcs.exe
[15-Apr-26 22:06:00.55] VISION_FLAG=novision
SUCCESS: The process with PID 28628 (child process of PID 65812) has been terminated.
SUCCESS: The process with PID 65812 (child process of PID 61428) has been terminated.
[15-Apr-26 22:06:00.66] taskkill wtorcs.exe exit=0
ERROR: The process "torcs.exe" not found.
[15-Apr-26 22:06:00.78] taskkill torcs.exe exit=128
ERROR: The process "wtorcs.exe" not found.
[15-Apr-26 22:06:00.79] taskkill wtorcs.exe exit=128
[15-Apr-26 22:06:01.12] TORCS_DIR=C:\Users\szymo\source\repos\torcs\torcs\
[15-Apr-26 22:06:01.12] launching without vision
[15-Apr-26 22:06:01.13] start command dispatched
[15-Apr-26 22:06:02.13] running autostart C:\Users\szymo\source\repos\torcs\gym_torcs\autostart_windows.bat
[15-Apr-26 22:06:02.13] autostart exit=0

Image Name                     PID Session Name        Session#    Mem Usage
========================= ======== ================ =========== ============
wtorcs.exe                   64368 Console                    1     84,276 K
INFO: No tasks are running which match the specified criteria.
[15-Apr-26 22:06:04.24] start_torcs_windows.bat end

[15-Apr-26 22:06:13.94] start_torcs_windows.bat begin
[15-Apr-26 22:06:13.95] TORCS_EXE=C:\Users\szymo\source\repos\torcs\torcs\wtorcs.exe
[15-Apr-26 22:06:13.95] TORCS_IMAGE=wtorcs.exe
[15-Apr-26 22:06:13.96] VISION_FLAG=novision
SUCCESS: The process with PID 53528 (child process of PID 64368) has been terminated.
SUCCESS: The process with PID 64368 (child process of PID 62572) has been terminated.
[15-Apr-26 22:06:14.07] taskkill wtorcs.exe exit=0
ERROR: The process "torcs.exe" not found.
[15-Apr-26 22:06:14.19] taskkill torcs.exe exit=128
ERROR: The process "wtorcs.exe" not found.
[15-Apr-26 22:06:14.20] taskkill wtorcs.exe exit=128
[15-Apr-26 22:06:15.18] TORCS_DIR=C:\Users\szymo\source\repos\torcs\torcs\
[15-Apr-26 22:06:15.18] launching without vision
[15-Apr-26 22:06:15.19] start command dispatched
[15-Apr-26 22:06:16.18] running autostart C:\Users\szymo\source\repos\torcs\gym_torcs\autostart_windows.bat
[15-Apr-26 22:06:16.18] autostart exit=0

Image Name                     PID Session Name        Session#    Mem Usage
========================= ======== ================ =========== ============
wtorcs.exe                   63132 Console                    1     83,692 K
INFO: No tasks are running which match the specified criteria.
[15-Apr-26 22:06:18.28] start_torcs_windows.bat end

[15-Apr-26 22:06:32.20] start_torcs_windows.bat begin
[15-Apr-26 22:06:32.21] TORCS_EXE=C:\Users\szymo\source\repos\torcs\torcs\wtorcs.exe
[15-Apr-26 22:06:32.21] TORCS_IMAGE=wtorcs.exe
[15-Apr-26 22:06:32.22] VISION_FLAG=novision
SUCCESS: The process with PID 66556 (child process of PID 63132) has been terminated.
SUCCESS: The process with PID 63132 (child process of PID 65652) has been terminated.
[15-Apr-26 22:06:32.33] taskkill wtorcs.exe exit=0
ERROR: The process "torcs.exe" not found.
[15-Apr-26 22:06:32.44] taskkill torcs.exe exit=128
ERROR: The process "wtorcs.exe" not found.
[15-Apr-26 22:06:32.45] taskkill wtorcs.exe exit=128
[15-Apr-26 22:06:33.21] TORCS_DIR=C:\Users\szymo\source\repos\torcs\torcs\
[15-Apr-26 22:06:33.21] launching without vision
[15-Apr-26 22:06:33.22] start command dispatched
[15-Apr-26 22:06:34.22] running autostart C:\Users\szymo\source\repos\torcs\gym_torcs\autostart_windows.bat
[15-Apr-26 22:06:34.22] autostart exit=0

Image Name                     PID Session Name        Session#    Mem Usage
========================= ======== ================ =========== ============
wtorcs.exe                   36812 Console                    1     83,084 K
INFO: No tasks are running which match the specified criteria.
[15-Apr-26 22:06:36.32] start_torcs_windows.bat end

[15-Apr-26 22:06:46.15] start_torcs_windows.bat begin
[15-Apr-26 22:06:46.16] TORCS_EXE=C:\Users\szymo\source\repos\torcs\torcs\wtorcs.exe
[15-Apr-26 22:06:46.16] TORCS_IMAGE=wtorcs.exe
[15-Apr-26 22:06:46.17] VISION_FLAG=novision
SUCCESS: The process with PID 59276 (child process of PID 36812) has been terminated.
SUCCESS: The process with PID 36812 (child process of PID 31672) has been terminated.
[15-Apr-26 22:06:46.28] taskkill wtorcs.exe exit=0
ERROR: The process "torcs.exe" not found.
[15-Apr-26 22:06:46.39] taskkill torcs.exe exit=128
ERROR: The process "wtorcs.exe" not found.
[15-Apr-26 22:06:46.40] taskkill wtorcs.exe exit=128
[15-Apr-26 22:06:47.17] TORCS_DIR=C:\Users\szymo\source\repos\torcs\torcs\
[15-Apr-26 22:06:47.17] launching without vision
[15-Apr-26 22:06:47.18] start command dispatched
[15-Apr-26 22:06:48.18] running autostart C:\Users\szymo\source\repos\torcs\gym_torcs\autostart_windows.bat
[15-Apr-26 22:06:48.18] autostart exit=0

Image Name                     PID Session Name        Session#    Mem Usage
========================= ======== ================ =========== ============
wtorcs.exe                   64308 Console                    1     65,336 K
INFO: No tasks are running which match the specified criteria.
[15-Apr-26 22:06:50.28] start_torcs_windows.bat end

[15-Apr-26 22:07:41.88] start_torcs_windows.bat begin
[15-Apr-26 22:07:41.88] TORCS_EXE=C:\Users\szymo\source\repos\torcs\torcs\wtorcs.exe
[15-Apr-26 22:07:41.89] TORCS_IMAGE=wtorcs.exe
[15-Apr-26 22:07:41.89] VISION_FLAG=novision
SUCCESS: The process with PID 50788 (child process of PID 64308) has been terminated.
SUCCESS: The process with PID 64308 (child process of PID 59528) has been terminated.
[15-Apr-26 22:07:42.01] taskkill wtorcs.exe exit=0
ERROR: The process "torcs.exe" not found.
[15-Apr-26 22:07:42.13] taskkill torcs.exe exit=128
ERROR: The process "wtorcs.exe" not found.
[15-Apr-26 22:07:42.14] taskkill wtorcs.exe exit=128
[15-Apr-26 22:07:43.12] TORCS_DIR=C:\Users\szymo\source\repos\torcs\torcs\
[15-Apr-26 22:07:43.12] launching without vision
[15-Apr-26 22:07:43.13] start command dispatched
[15-Apr-26 22:07:44.12] running autostart C:\Users\szymo\source\repos\torcs\gym_torcs\autostart_windows.bat
[15-Apr-26 22:07:44.12] autostart exit=0

Image Name                     PID Session Name        Session#    Mem Usage
========================= ======== ================ =========== ============
wtorcs.exe                   61728 Console                    1     82,372 K
INFO: No tasks are running which match the specified criteria.
[15-Apr-26 22:07:46.24] start_torcs_windows.bat end

[15-Apr-26 22:07:56.79] start_torcs_windows.bat begin
[15-Apr-26 22:07:56.80] TORCS_EXE=C:\Users\szymo\source\repos\torcs\torcs\wtorcs.exe
[15-Apr-26 22:07:56.80] TORCS_IMAGE=wtorcs.exe
[15-Apr-26 22:07:56.81] VISION_FLAG=novision
SUCCESS: The process with PID 39728 (child process of PID 61728) has been terminated.
SUCCESS: The process with PID 61728 (child process of PID 61420) has been terminated.
[15-Apr-26 22:07:56.92] taskkill wtorcs.exe exit=0
ERROR: The process "torcs.exe" not found.
[15-Apr-26 22:07:57.05] taskkill torcs.exe exit=128
ERROR: The process "wtorcs.exe" not found.
[15-Apr-26 22:07:57.05] taskkill wtorcs.exe exit=128
[15-Apr-26 22:07:58.14] TORCS_DIR=C:\Users\szymo\source\repos\torcs\torcs\
[15-Apr-26 22:07:58.14] launching without vision
[15-Apr-26 22:07:58.15] start command dispatched
[15-Apr-26 22:07:59.14] running autostart C:\Users\szymo\source\repos\torcs\gym_torcs\autostart_windows.bat
[15-Apr-26 22:07:59.14] autostart exit=0

Image Name                     PID Session Name        Session#    Mem Usage
========================= ======== ================ =========== ============
wtorcs.exe                   57896 Console                    1     84,296 K
INFO: No tasks are running which match the specified criteria.
[15-Apr-26 22:08:01.26] start_torcs_windows.bat end

[15-Apr-26 22:08:10.77] start_torcs_windows.bat begin
[15-Apr-26 22:08:10.78] TORCS_EXE=C:\Users\szymo\source\repos\torcs\torcs\wtorcs.exe
[15-Apr-26 22:08:10.78] TORCS_IMAGE=wtorcs.exe
[15-Apr-26 22:08:10.78] VISION_FLAG=novision
SUCCESS: The process with PID 57964 (child process of PID 57896) has been terminated.
SUCCESS: The process with PID 57896 (child process of PID 65852) has been terminated.
[15-Apr-26 22:08:10.90] taskkill wtorcs.exe exit=0
ERROR: The process "torcs.exe" not found.
[15-Apr-26 22:08:11.02] taskkill torcs.exe exit=128
ERROR: The process "wtorcs.exe" not found.
[15-Apr-26 22:08:11.03] taskkill wtorcs.exe exit=128
[15-Apr-26 22:08:12.12] TORCS_DIR=C:\Users\szymo\source\repos\torcs\torcs\
[15-Apr-26 22:08:12.12] launching without vision
[15-Apr-26 22:08:12.13] start command dispatched
[15-Apr-26 22:08:13.12] running autostart C:\Users\szymo\source\repos\torcs\gym_torcs\autostart_windows.bat
[15-Apr-26 22:08:13.12] autostart exit=0

Image Name                     PID Session Name        Session#    Mem Usage
========================= ======== ================ =========== ============
wtorcs.exe                   61048 Console                    1     84,412 K
INFO: No tasks are running which match the specified criteria.
[15-Apr-26 22:08:15.24] start_torcs_windows.bat end

[15-Apr-26 22:08:24.72] start_torcs_windows.bat begin
[15-Apr-26 22:08:24.72] TORCS_EXE=C:\Users\szymo\source\repos\torcs\torcs\wtorcs.exe
[15-Apr-26 22:08:24.73] TORCS_IMAGE=wtorcs.exe
[15-Apr-26 22:08:24.73] VISION_FLAG=novision
SUCCESS: The process with PID 61128 (child process of PID 61048) has been terminated.
SUCCESS: The process with PID 61048 (child process of PID 59312) has been terminated.
[15-Apr-26 22:08:24.84] taskkill wtorcs.exe exit=0
ERROR: The process "torcs.exe" not found.
[15-Apr-26 22:08:24.97] taskkill torcs.exe exit=128
ERROR: The process "wtorcs.exe" not found.
[15-Apr-26 22:08:24.97] taskkill wtorcs.exe exit=128
[15-Apr-26 22:08:26.18] TORCS_DIR=C:\Users\szymo\source\repos\torcs\torcs\
[15-Apr-26 22:08:26.18] launching without vision
[15-Apr-26 22:08:26.18] start command dispatched
[15-Apr-26 22:08:27.17] running autostart C:\Users\szymo\source\repos\torcs\gym_torcs\autostart_windows.bat
[15-Apr-26 22:08:27.17] autostart exit=0

Image Name                     PID Session Name        Session#    Mem Usage
========================= ======== ================ =========== ============
wtorcs.exe                   59380 Console                    1     84,964 K
INFO: No tasks are running which match the specified criteria.
[15-Apr-26 22:08:29.28] start_torcs_windows.bat end

[15-Apr-26 22:08:44.38] start_torcs_windows.bat begin
[15-Apr-26 22:08:44.39] TORCS_EXE=C:\Users\szymo\source\repos\torcs\torcs\wtorcs.exe
[15-Apr-26 22:08:44.39] TORCS_IMAGE=wtorcs.exe
[15-Apr-26 22:08:44.40] VISION_FLAG=novision
SUCCESS: The process with PID 22560 (child process of PID 59380) has been terminated.
SUCCESS: The process with PID 59380 (child process of PID 16124) has been terminated.
[15-Apr-26 22:08:44.51] taskkill wtorcs.exe exit=0
ERROR: The process "torcs.exe" not found.
[15-Apr-26 22:08:44.64] taskkill torcs.exe exit=128
ERROR: The process "wtorcs.exe" not found.
[15-Apr-26 22:08:44.64] taskkill wtorcs.exe exit=128
[15-Apr-26 22:08:45.20] TORCS_DIR=C:\Users\szymo\source\repos\torcs\torcs\
[15-Apr-26 22:08:45.20] launching without vision
[15-Apr-26 22:08:45.21] start command dispatched
[15-Apr-26 22:08:46.20] running autostart C:\Users\szymo\source\repos\torcs\gym_torcs\autostart_windows.bat
[15-Apr-26 22:08:46.20] autostart exit=0

Image Name                     PID Session Name        Session#    Mem Usage
========================= ======== ================ =========== ============
wtorcs.exe                   63672 Console                    1     83,780 K
INFO: No tasks are running which match the specified criteria.
[15-Apr-26 22:08:48.30] start_torcs_windows.bat end

[15-Apr-26 22:08:58.59] start_torcs_windows.bat begin
[15-Apr-26 22:08:58.60] TORCS_EXE=C:\Users\szymo\source\repos\torcs\torcs\wtorcs.exe
[15-Apr-26 22:08:58.60] TORCS_IMAGE=wtorcs.exe
[15-Apr-26 22:08:58.61] VISION_FLAG=novision
SUCCESS: The process with PID 62556 (child process of PID 63672) has been terminated.
SUCCESS: The process with PID 63672 (child process of PID 60168) has been terminated.
[15-Apr-26 22:08:58.72] taskkill wtorcs.exe exit=0
ERROR: The process "torcs.exe" not found.
[15-Apr-26 22:08:58.86] taskkill torcs.exe exit=128
ERROR: The process "wtorcs.exe" not found.
[15-Apr-26 22:08:58.86] taskkill wtorcs.exe exit=128
[15-Apr-26 22:08:59.19] TORCS_DIR=C:\Users\szymo\source\repos\torcs\torcs\
[15-Apr-26 22:08:59.19] launching without vision
[15-Apr-26 22:08:59.20] start command dispatched
[15-Apr-26 22:09:00.19] running autostart C:\Users\szymo\source\repos\torcs\gym_torcs\autostart_windows.bat
[15-Apr-26 22:09:00.19] autostart exit=0

Image Name                     PID Session Name        Session#    Mem Usage
========================= ======== ================ =========== ============
wtorcs.exe                   62156 Console                    1     83,364 K
INFO: No tasks are running which match the specified criteria.
[15-Apr-26 22:09:02.30] start_torcs_windows.bat end

[15-Apr-26 22:09:12.97] start_torcs_windows.bat begin
[15-Apr-26 22:09:12.98] TORCS_EXE=C:\Users\szymo\source\repos\torcs\torcs\wtorcs.exe
[15-Apr-26 22:09:12.98] TORCS_IMAGE=wtorcs.exe
[15-Apr-26 22:09:12.99] VISION_FLAG=novision
SUCCESS: The process with PID 55836 (child process of PID 62156) has been terminated.
SUCCESS: The process with PID 62156 (child process of PID 65320) has been terminated.
[15-Apr-26 22:09:13.10] taskkill wtorcs.exe exit=0
ERROR: The process "torcs.exe" not found.
[15-Apr-26 22:09:13.22] taskkill torcs.exe exit=128
ERROR: The process "wtorcs.exe" not found.
[15-Apr-26 22:09:13.23] taskkill wtorcs.exe exit=128
[15-Apr-26 22:09:14.21] TORCS_DIR=C:\Users\szymo\source\repos\torcs\torcs\
[15-Apr-26 22:09:14.21] launching without vision
[15-Apr-26 22:09:14.22] start command dispatched
[15-Apr-26 22:09:15.22] running autostart C:\Users\szymo\source\repos\torcs\gym_torcs\autostart_windows.bat
[15-Apr-26 22:09:15.22] autostart exit=0

Image Name                     PID Session Name        Session#    Mem Usage
========================= ======== ================ =========== ============
wtorcs.exe                    8024 Console                    1     84,600 K
INFO: No tasks are running which match the specified criteria.
[15-Apr-26 22:09:17.35] start_torcs_windows.bat end

[15-Apr-26 22:09:25.98] start_torcs_windows.bat begin
[15-Apr-26 22:09:25.99] TORCS_EXE=C:\Users\szymo\source\repos\torcs\torcs\wtorcs.exe
[15-Apr-26 22:09:25.99] TORCS_IMAGE=wtorcs.exe
[15-Apr-26 22:09:26.00] VISION_FLAG=novision
SUCCESS: The process with PID 63484 (child process of PID 8024) has been terminated.
SUCCESS: The process with PID 8024 (child process of PID 60028) has been terminated.
[15-Apr-26 22:09:26.11] taskkill wtorcs.exe exit=0
ERROR: The process "torcs.exe" not found.
[15-Apr-26 22:09:26.24] taskkill torcs.exe exit=128
ERROR: The process "wtorcs.exe" not found.
[15-Apr-26 22:09:26.24] taskkill wtorcs.exe exit=128
[15-Apr-26 22:09:27.13] TORCS_DIR=C:\Users\szymo\source\repos\torcs\torcs\
[15-Apr-26 22:09:27.13] launching without vision
[15-Apr-26 22:09:27.13] start command dispatched
[15-Apr-26 22:09:28.12] running autostart C:\Users\szymo\source\repos\torcs\gym_torcs\autostart_windows.bat
[15-Apr-26 22:09:28.12] autostart exit=0

Image Name                     PID Session Name        Session#    Mem Usage
========================= ======== ================ =========== ============
wtorcs.exe                   63052 Console                    1     85,068 K
INFO: No tasks are running which match the specified criteria.
[15-Apr-26 22:09:30.23] start_torcs_windows.bat end

[15-Apr-26 22:10:25.96] start_torcs_windows.bat begin
[15-Apr-26 22:10:25.96] TORCS_EXE=C:\Users\szymo\source\repos\torcs\torcs\wtorcs.exe
[15-Apr-26 22:10:25.97] TORCS_IMAGE=wtorcs.exe
[15-Apr-26 22:10:25.97] VISION_FLAG=novision
ERROR: The process "wtorcs.exe" not found.
[15-Apr-26 22:10:26.08] taskkill wtorcs.exe exit=128
ERROR: The process "torcs.exe" not found.
[15-Apr-26 22:10:26.19] taskkill torcs.exe exit=128
ERROR: The process "wtorcs.exe" not found.
[15-Apr-26 22:10:26.19] taskkill wtorcs.exe exit=128
[15-Apr-26 22:10:27.17] TORCS_DIR=C:\Users\szymo\source\repos\torcs\torcs\
[15-Apr-26 22:10:27.17] launching without vision
[15-Apr-26 22:10:27.18] start command dispatched
[15-Apr-26 22:10:28.17] running autostart C:\Users\szymo\source\repos\torcs\gym_torcs\autostart_windows.bat
[15-Apr-26 22:10:28.17] autostart exit=0

Image Name                     PID Session Name        Session#    Mem Usage
========================= ======== ================ =========== ============
wtorcs.exe                   48640 Console                    1     83,904 K
INFO: No tasks are running which match the specified criteria.
[15-Apr-26 22:10:30.27] start_torcs_windows.bat end

[15-Apr-26 22:10:33.27] start_torcs_windows.bat begin
[15-Apr-26 22:10:33.27] TORCS_EXE=C:\Users\szymo\source\repos\torcs\torcs\wtorcs.exe
[15-Apr-26 22:10:33.28] TORCS_IMAGE=wtorcs.exe
[15-Apr-26 22:10:33.28] VISION_FLAG=novision
SUCCESS: The process with PID 48492 (child process of PID 48640) has been terminated.
SUCCESS: The process with PID 48640 (child process of PID 62204) has been terminated.
[15-Apr-26 22:10:33.39] taskkill wtorcs.exe exit=0
ERROR: The process "torcs.exe" not found.
[15-Apr-26 22:10:33.51] taskkill torcs.exe exit=128
ERROR: The process "wtorcs.exe" not found.
[15-Apr-26 22:10:33.51] taskkill wtorcs.exe exit=128
[15-Apr-26 22:10:34.17] TORCS_DIR=C:\Users\szymo\source\repos\torcs\torcs\
[15-Apr-26 22:10:34.18] launching without vision
[15-Apr-26 22:10:34.18] start command dispatched
[15-Apr-26 22:10:35.17] running autostart C:\Users\szymo\source\repos\torcs\gym_torcs\autostart_windows.bat
[15-Apr-26 22:10:35.17] autostart exit=0

Image Name                     PID Session Name        Session#    Mem Usage
========================= ======== ================ =========== ============
wtorcs.exe                   49876 Console                    1     83,488 K
INFO: No tasks are running which match the specified criteria.
[15-Apr-26 22:10:37.27] start_torcs_windows.bat end

[15-Apr-26 22:10:48.87] start_torcs_windows.bat begin
[15-Apr-26 22:10:48.87] TORCS_EXE=C:\Users\szymo\source\repos\torcs\torcs\wtorcs.exe
[15-Apr-26 22:10:48.88] TORCS_IMAGE=wtorcs.exe
[15-Apr-26 22:10:48.88] VISION_FLAG=novision
SUCCESS: The process with PID 59292 (child process of PID 49876) has been terminated.
SUCCESS: The process with PID 49876 (child process of PID 61980) has been terminated.
[15-Apr-26 22:10:48.99] taskkill wtorcs.exe exit=0
ERROR: The process "torcs.exe" not found.
[15-Apr-26 22:10:49.10] taskkill torcs.exe exit=128
ERROR: The process "wtorcs.exe" not found.
[15-Apr-26 22:10:49.11] taskkill wtorcs.exe exit=128
[15-Apr-26 22:10:50.21] TORCS_DIR=C:\Users\szymo\source\repos\torcs\torcs\
[15-Apr-26 22:10:50.21] launching without vision
[15-Apr-26 22:10:50.22] start command dispatched
[15-Apr-26 22:10:51.11] running autostart C:\Users\szymo\source\repos\torcs\gym_torcs\autostart_windows.bat
[15-Apr-26 22:10:51.11] autostart exit=0

Image Name                     PID Session Name        Session#    Mem Usage
========================= ======== ================ =========== ============
wtorcs.exe                   65796 Console                    1     62,452 K
INFO: No tasks are running which match the specified criteria.
[15-Apr-26 22:10:53.22] start_torcs_windows.bat end

[15-Apr-26 22:11:33.19] start_torcs_windows.bat begin
[15-Apr-26 22:11:33.19] TORCS_EXE=C:\Users\szymo\source\repos\torcs\torcs\wtorcs.exe
[15-Apr-26 22:11:33.20] TORCS_IMAGE=wtorcs.exe
[15-Apr-26 22:11:33.20] VISION_FLAG=novision
SUCCESS: The process with PID 66228 (child process of PID 65796) has been terminated.
SUCCESS: The process with PID 65796 (child process of PID 59180) has been terminated.
[15-Apr-26 22:11:33.32] taskkill wtorcs.exe exit=0
ERROR: The process "torcs.exe" not found.
[15-Apr-26 22:11:33.43] taskkill torcs.exe exit=128
ERROR: The process "wtorcs.exe" not found.
[15-Apr-26 22:11:33.44] taskkill wtorcs.exe exit=128
[15-Apr-26 22:11:34.20] TORCS_DIR=C:\Users\szymo\source\repos\torcs\torcs\
[15-Apr-26 22:11:34.20] launching without vision
[15-Apr-26 22:11:34.21] start command dispatched
[15-Apr-26 22:11:35.20] running autostart C:\Users\szymo\source\repos\torcs\gym_torcs\autostart_windows.bat
[15-Apr-26 22:11:35.20] autostart exit=0

Image Name                     PID Session Name        Session#    Mem Usage
========================= ======== ================ =========== ============
wtorcs.exe                   66008 Console                    1     83,920 K
INFO: No tasks are running which match the specified criteria.
[15-Apr-26 22:11:37.30] start_torcs_windows.bat end

[15-Apr-26 22:11:52.35] start_torcs_windows.bat begin
[15-Apr-26 22:11:52.36] TORCS_EXE=C:\Users\szymo\source\repos\torcs\torcs\wtorcs.exe
[15-Apr-26 22:11:52.36] TORCS_IMAGE=wtorcs.exe
[15-Apr-26 22:11:52.37] VISION_FLAG=novision
SUCCESS: The process with PID 57380 (child process of PID 66008) has been terminated.
SUCCESS: The process with PID 66008 (child process of PID 64756) has been terminated.
[15-Apr-26 22:11:52.48] taskkill wtorcs.exe exit=0
ERROR: The process "torcs.exe" not found.
[15-Apr-26 22:11:52.60] taskkill torcs.exe exit=128
ERROR: The process "wtorcs.exe" not found.
[15-Apr-26 22:11:52.60] taskkill wtorcs.exe exit=128
[15-Apr-26 22:11:53.16] TORCS_DIR=C:\Users\szymo\source\repos\torcs\torcs\
[15-Apr-26 22:11:53.16] launching without vision
[15-Apr-26 22:11:53.17] start command dispatched
[15-Apr-26 22:11:54.16] running autostart C:\Users\szymo\source\repos\torcs\gym_torcs\autostart_windows.bat
[15-Apr-26 22:11:54.16] autostart exit=0

Image Name                     PID Session Name        Session#    Mem Usage
========================= ======== ================ =========== ============
wtorcs.exe                    4876 Console                    1     86,012 K
INFO: No tasks are running which match the specified criteria.
[15-Apr-26 22:11:56.27] start_torcs_windows.bat end

[15-Apr-26 22:12:12.60] start_torcs_windows.bat begin
[15-Apr-26 22:12:12.61] TORCS_EXE=C:\Users\szymo\source\repos\torcs\torcs\wtorcs.exe
[15-Apr-26 22:12:12.61] TORCS_IMAGE=wtorcs.exe
[15-Apr-26 22:12:12.62] VISION_FLAG=novision
SUCCESS: The process with PID 30620 (child process of PID 4876) has been terminated.
SUCCESS: The process with PID 4876 (child process of PID 62740) has been terminated.
[15-Apr-26 22:12:12.73] taskkill wtorcs.exe exit=0
ERROR: The process "torcs.exe" not found.
[15-Apr-26 22:12:12.85] taskkill torcs.exe exit=128
ERROR: The process "wtorcs.exe" not found.
[15-Apr-26 22:12:12.85] taskkill wtorcs.exe exit=128
[15-Apr-26 22:12:13.19] TORCS_DIR=C:\Users\szymo\source\repos\torcs\torcs\
[15-Apr-26 22:12:13.19] launching without vision
[15-Apr-26 22:12:13.19] start command dispatched
[15-Apr-26 22:12:14.19] running autostart C:\Users\szymo\source\repos\torcs\gym_torcs\autostart_windows.bat
[15-Apr-26 22:12:14.19] autostart exit=0

Image Name                     PID Session Name        Session#    Mem Usage
========================= ======== ================ =========== ============
wtorcs.exe                   12276 Console                    1     84,280 K
INFO: No tasks are running which match the specified criteria.
[15-Apr-26 22:12:16.29] start_torcs_windows.bat end

[15-Apr-26 22:12:33.67] start_torcs_windows.bat begin
[15-Apr-26 22:12:33.68] TORCS_EXE=C:\Users\szymo\source\repos\torcs\torcs\wtorcs.exe
[15-Apr-26 22:12:33.68] TORCS_IMAGE=wtorcs.exe
[15-Apr-26 22:12:33.68] VISION_FLAG=novision
SUCCESS: The process with PID 66444 (child process of PID 12276) has been terminated.
SUCCESS: The process with PID 12276 (child process of PID 62664) has been terminated.
[15-Apr-26 22:12:33.80] taskkill wtorcs.exe exit=0
ERROR: The process "torcs.exe" not found.
[15-Apr-26 22:12:33.91] taskkill torcs.exe exit=128
ERROR: The process "wtorcs.exe" not found.
[15-Apr-26 22:12:33.92] taskkill wtorcs.exe exit=128
[15-Apr-26 22:12:35.12] TORCS_DIR=C:\Users\szymo\source\repos\torcs\torcs\
[15-Apr-26 22:12:35.12] launching without vision
[15-Apr-26 22:12:35.13] start command dispatched
[15-Apr-26 22:12:36.12] running autostart C:\Users\szymo\source\repos\torcs\gym_torcs\autostart_windows.bat
[15-Apr-26 22:12:36.12] autostart exit=0

Image Name                     PID Session Name        Session#    Mem Usage
========================= ======== ================ =========== ============
wtorcs.exe                   54652 Console                    1     83,660 K
INFO: No tasks are running which match the specified criteria.
[15-Apr-26 22:12:38.22] start_torcs_windows.bat end

[15-Apr-26 22:12:49.23] start_torcs_windows.bat begin
[15-Apr-26 22:12:49.24] TORCS_EXE=C:\Users\szymo\source\repos\torcs\torcs\wtorcs.exe
[15-Apr-26 22:12:49.24] TORCS_IMAGE=wtorcs.exe
[15-Apr-26 22:12:49.25] VISION_FLAG=novision
SUCCESS: The process with PID 63676 (child process of PID 54652) has been terminated.
SUCCESS: The process with PID 54652 (child process of PID 14820) has been terminated.
[15-Apr-26 22:12:49.36] taskkill wtorcs.exe exit=0
ERROR: The process "torcs.exe" not found.
[15-Apr-26 22:12:49.47] taskkill torcs.exe exit=128
ERROR: The process "wtorcs.exe" not found.
[15-Apr-26 22:12:49.47] taskkill wtorcs.exe exit=128
[15-Apr-26 22:12:50.13] TORCS_DIR=C:\Users\szymo\source\repos\torcs\torcs\
[15-Apr-26 22:12:50.13] launching without vision
[15-Apr-26 22:12:50.14] start command dispatched
[15-Apr-26 22:12:51.14] running autostart C:\Users\szymo\source\repos\torcs\gym_torcs\autostart_windows.bat
[15-Apr-26 22:12:51.14] autostart exit=0

Image Name                     PID Session Name        Session#    Mem Usage
========================= ======== ================ =========== ============
wtorcs.exe                   37024 Console                    1     84,316 K
INFO: No tasks are running which match the specified criteria.
[15-Apr-26 22:12:53.25] start_torcs_windows.bat end

[15-Apr-26 22:13:02.49] start_torcs_windows.bat begin
[15-Apr-26 22:13:02.50] TORCS_EXE=C:\Users\szymo\source\repos\torcs\torcs\wtorcs.exe
[15-Apr-26 22:13:02.50] TORCS_IMAGE=wtorcs.exe
[15-Apr-26 22:13:02.51] VISION_FLAG=novision
SUCCESS: The process with PID 64476 (child process of PID 37024) has been terminated.
SUCCESS: The process with PID 37024 (child process of PID 65216) has been terminated.
[15-Apr-26 22:13:02.62] taskkill wtorcs.exe exit=0
ERROR: The process "torcs.exe" not found.
[15-Apr-26 22:13:02.75] taskkill torcs.exe exit=128
ERROR: The process "wtorcs.exe" not found.
[15-Apr-26 22:13:02.75] taskkill wtorcs.exe exit=128
[15-Apr-26 22:13:03.19] TORCS_DIR=C:\Users\szymo\source\repos\torcs\torcs\
[15-Apr-26 22:13:03.19] launching without vision
[15-Apr-26 22:13:03.20] start command dispatched
[15-Apr-26 22:13:04.19] running autostart C:\Users\szymo\source\repos\torcs\gym_torcs\autostart_windows.bat
[15-Apr-26 22:13:04.19] autostart exit=0

Image Name                     PID Session Name        Session#    Mem Usage
========================= ======== ================ =========== ============
wtorcs.exe                   43984 Console                    1     84,236 K
INFO: No tasks are running which match the specified criteria.
[15-Apr-26 22:13:06.30] start_torcs_windows.bat end

[15-Apr-26 22:13:16.91] start_torcs_windows.bat begin
[15-Apr-26 22:13:16.91] TORCS_EXE=C:\Users\szymo\source\repos\torcs\torcs\wtorcs.exe
[15-Apr-26 22:13:16.92] TORCS_IMAGE=wtorcs.exe
[15-Apr-26 22:13:16.92] VISION_FLAG=novision
SUCCESS: The process with PID 65328 (child process of PID 43984) has been terminated.
SUCCESS: The process with PID 43984 (child process of PID 63240) has been terminated.
[15-Apr-26 22:13:17.04] taskkill wtorcs.exe exit=0
ERROR: The process "torcs.exe" not found.
[15-Apr-26 22:13:17.15] taskkill torcs.exe exit=128
ERROR: The process "wtorcs.exe" not found.
[15-Apr-26 22:13:17.16] taskkill wtorcs.exe exit=128
[15-Apr-26 22:13:18.13] TORCS_DIR=C:\Users\szymo\source\repos\torcs\torcs\
[15-Apr-26 22:13:18.13] launching without vision
[15-Apr-26 22:13:18.14] start command dispatched
[15-Apr-26 22:13:19.14] running autostart C:\Users\szymo\source\repos\torcs\gym_torcs\autostart_windows.bat
[15-Apr-26 22:13:19.14] autostart exit=0

Image Name                     PID Session Name        Session#    Mem Usage
========================= ======== ================ =========== ============
wtorcs.exe                   64924 Console                    1     65,480 K
INFO: No tasks are running which match the specified criteria.
[15-Apr-26 22:13:21.25] start_torcs_windows.bat end

[15-Apr-26 22:13:42.23] start_torcs_windows.bat begin
[15-Apr-26 22:13:42.23] TORCS_EXE=C:\Users\szymo\source\repos\torcs\torcs\wtorcs.exe
[15-Apr-26 22:13:42.24] TORCS_IMAGE=wtorcs.exe
[15-Apr-26 22:13:42.24] VISION_FLAG=novision
SUCCESS: The process with PID 62384 (child process of PID 64924) has been terminated.
SUCCESS: The process with PID 64924 (child process of PID 53868) has been terminated.
[15-Apr-26 22:13:42.35] taskkill wtorcs.exe exit=0
ERROR: The process "torcs.exe" not found.
[15-Apr-26 22:13:42.47] taskkill torcs.exe exit=128
ERROR: The process "wtorcs.exe" not found.
[15-Apr-26 22:13:42.47] taskkill wtorcs.exe exit=128
[15-Apr-26 22:13:43.13] TORCS_DIR=C:\Users\szymo\source\repos\torcs\torcs\
[15-Apr-26 22:13:43.13] launching without vision
[15-Apr-26 22:13:43.14] start command dispatched
[15-Apr-26 22:13:44.14] running autostart C:\Users\szymo\source\repos\torcs\gym_torcs\autostart_windows.bat
[15-Apr-26 22:13:44.14] autostart exit=0

Image Name                     PID Session Name        Session#    Mem Usage
========================= ======== ================ =========== ============
wtorcs.exe                   61928 Console                    1     83,592 K
INFO: No tasks are running which match the specified criteria.
[15-Apr-26 22:13:46.23] start_torcs_windows.bat end

[15-Apr-26 22:13:57.61] start_torcs_windows.bat begin
[15-Apr-26 22:13:57.61] TORCS_EXE=C:\Users\szymo\source\repos\torcs\torcs\wtorcs.exe
[15-Apr-26 22:13:57.62] TORCS_IMAGE=wtorcs.exe
[15-Apr-26 22:13:57.62] VISION_FLAG=novision
SUCCESS: The process with PID 39564 (child process of PID 61928) has been terminated.
SUCCESS: The process with PID 61928 (child process of PID 64648) has been terminated.
[15-Apr-26 22:13:57.73] taskkill wtorcs.exe exit=0
ERROR: The process "torcs.exe" not found.
[15-Apr-26 22:13:57.85] taskkill torcs.exe exit=128
ERROR: The process "wtorcs.exe" not found.
[15-Apr-26 22:13:57.86] taskkill wtorcs.exe exit=128
[15-Apr-26 22:13:58.18] TORCS_DIR=C:\Users\szymo\source\repos\torcs\torcs\
[15-Apr-26 22:13:58.18] launching without vision
[15-Apr-26 22:13:58.19] start command dispatched
[15-Apr-26 22:13:59.18] running autostart C:\Users\szymo\source\repos\torcs\gym_torcs\autostart_windows.bat
[15-Apr-26 22:13:59.18] autostart exit=0

Image Name                     PID Session Name        Session#    Mem Usage
========================= ======== ================ =========== ============
wtorcs.exe                   60692 Console                    1     82,816 K
INFO: No tasks are running which match the specified criteria.
[15-Apr-26 22:14:01.27] start_torcs_windows.bat end

[15-Apr-26 22:14:11.45] start_torcs_windows.bat begin
[15-Apr-26 22:14:11.46] TORCS_EXE=C:\Users\szymo\source\repos\torcs\torcs\wtorcs.exe
[15-Apr-26 22:14:11.46] TORCS_IMAGE=wtorcs.exe
[15-Apr-26 22:14:11.46] VISION_FLAG=novision
SUCCESS: The process with PID 62272 (child process of PID 60692) has been terminated.
SUCCESS: The process with PID 60692 (child process of PID 62988) has been terminated.
[15-Apr-26 22:14:11.57] taskkill wtorcs.exe exit=0
ERROR: The process "torcs.exe" not found.
[15-Apr-26 22:14:11.70] taskkill torcs.exe exit=128
ERROR: The process "wtorcs.exe" not found.
[15-Apr-26 22:14:11.71] taskkill wtorcs.exe exit=128
[15-Apr-26 22:14:12.15] TORCS_DIR=C:\Users\szymo\source\repos\torcs\torcs\
[15-Apr-26 22:14:12.15] launching without vision
[15-Apr-26 22:14:12.16] start command dispatched
[15-Apr-26 22:14:13.15] running autostart C:\Users\szymo\source\repos\torcs\gym_torcs\autostart_windows.bat
[15-Apr-26 22:14:13.15] autostart exit=0

Image Name                     PID Session Name        Session#    Mem Usage
========================= ======== ================ =========== ============
wtorcs.exe                   54152 Console                    1     83,772 K
INFO: No tasks are running which match the specified criteria.
[15-Apr-26 22:14:15.25] start_torcs_windows.bat end

[15-Apr-26 22:14:24.96] start_torcs_windows.bat begin
[15-Apr-26 22:14:24.97] TORCS_EXE=C:\Users\szymo\source\repos\torcs\torcs\wtorcs.exe
[15-Apr-26 22:14:24.97] TORCS_IMAGE=wtorcs.exe
[15-Apr-26 22:14:24.98] VISION_FLAG=novision
SUCCESS: The process with PID 59036 (child process of PID 54152) has been terminated.
SUCCESS: The process with PID 54152 (child process of PID 66048) has been terminated.
[15-Apr-26 22:14:25.09] taskkill wtorcs.exe exit=0
ERROR: The process "torcs.exe" not found.
[15-Apr-26 22:14:25.21] taskkill torcs.exe exit=128
ERROR: The process "wtorcs.exe" not found.
[15-Apr-26 22:14:25.21] taskkill wtorcs.exe exit=128
[15-Apr-26 22:14:26.19] TORCS_DIR=C:\Users\szymo\source\repos\torcs\torcs\
[15-Apr-26 22:14:26.19] launching without vision
[15-Apr-26 22:14:26.20] start command dispatched
[15-Apr-26 22:14:27.19] running autostart C:\Users\szymo\source\repos\torcs\gym_torcs\autostart_windows.bat
[15-Apr-26 22:14:27.19] autostart exit=0

Image Name                     PID Session Name        Session#    Mem Usage
========================= ======== ================ =========== ============
wtorcs.exe                   66360 Console                    1     83,084 K
INFO: No tasks are running which match the specified criteria.
[15-Apr-26 22:14:29.30] start_torcs_windows.bat end

[15-Apr-26 22:14:38.59] start_torcs_windows.bat begin
[15-Apr-26 22:14:38.60] TORCS_EXE=C:\Users\szymo\source\repos\torcs\torcs\wtorcs.exe
[15-Apr-26 22:14:38.60] TORCS_IMAGE=wtorcs.exe
[15-Apr-26 22:14:38.61] VISION_FLAG=novision
SUCCESS: The process with PID 11524 (child process of PID 66360) has been terminated.
SUCCESS: The process with PID 66360 (child process of PID 63184) has been terminated.
[15-Apr-26 22:14:38.72] taskkill wtorcs.exe exit=0
ERROR: The process "torcs.exe" not found.
[15-Apr-26 22:14:38.85] taskkill torcs.exe exit=128
ERROR: The process "wtorcs.exe" not found.
[15-Apr-26 22:14:38.85] taskkill wtorcs.exe exit=128
[15-Apr-26 22:14:39.19] TORCS_DIR=C:\Users\szymo\source\repos\torcs\torcs\
[15-Apr-26 22:14:39.19] launching without vision
[15-Apr-26 22:14:39.20] start command dispatched
[15-Apr-26 22:14:40.20] running autostart C:\Users\szymo\source\repos\torcs\gym_torcs\autostart_windows.bat
[15-Apr-26 22:14:40.20] autostart exit=0

Image Name                     PID Session Name        Session#    Mem Usage
========================= ======== ================ =========== ============
wtorcs.exe                   62456 Console                    1     65,372 K
INFO: No tasks are running which match the specified criteria.
[15-Apr-26 22:14:42.31] start_torcs_windows.bat end

[15-Apr-26 22:15:12.15] start_torcs_windows.bat begin
[15-Apr-26 22:15:12.16] TORCS_EXE=C:\Users\szymo\source\repos\torcs\torcs\wtorcs.exe
[15-Apr-26 22:15:12.16] TORCS_IMAGE=wtorcs.exe
[15-Apr-26 22:15:12.17] VISION_FLAG=novision
ERROR: The process "wtorcs.exe" not found.
[15-Apr-26 22:15:12.27] taskkill wtorcs.exe exit=128
ERROR: The process "torcs.exe" not found.
[15-Apr-26 22:15:12.37] taskkill torcs.exe exit=128
ERROR: The process "wtorcs.exe" not found.
[15-Apr-26 22:15:12.37] taskkill wtorcs.exe exit=128
[15-Apr-26 22:15:13.15] TORCS_DIR=C:\Users\szymo\source\repos\torcs\torcs\
[15-Apr-26 22:15:13.15] launching without vision
[15-Apr-26 22:15:13.16] start command dispatched
[15-Apr-26 22:15:14.15] running autostart C:\Users\szymo\source\repos\torcs\gym_torcs\autostart_windows.bat
[15-Apr-26 22:15:14.15] autostart exit=0

Image Name                     PID Session Name        Session#    Mem Usage
========================= ======== ================ =========== ============
wtorcs.exe                   48644 Console                    1     84,212 K
INFO: No tasks are running which match the specified criteria.
[15-Apr-26 22:15:16.29] start_torcs_windows.bat end

[15-Apr-26 22:15:19.24] start_torcs_windows.bat begin
[15-Apr-26 22:15:19.25] TORCS_EXE=C:\Users\szymo\source\repos\torcs\torcs\wtorcs.exe
[15-Apr-26 22:15:19.25] TORCS_IMAGE=wtorcs.exe
[15-Apr-26 22:15:19.25] VISION_FLAG=novision
SUCCESS: The process with PID 11408 (child process of PID 48644) has been terminated.
SUCCESS: The process with PID 48644 (child process of PID 2392) has been terminated.
[15-Apr-26 22:15:19.36] taskkill wtorcs.exe exit=0
ERROR: The process "torcs.exe" not found.
[15-Apr-26 22:15:19.51] taskkill torcs.exe exit=128
ERROR: The process "wtorcs.exe" not found.
[15-Apr-26 22:15:19.52] taskkill wtorcs.exe exit=128
[15-Apr-26 22:15:20.17] TORCS_DIR=C:\Users\szymo\source\repos\torcs\torcs\
[15-Apr-26 22:15:20.17] launching without vision
[15-Apr-26 22:15:20.18] start command dispatched
[15-Apr-26 22:15:21.17] running autostart C:\Users\szymo\source\repos\torcs\gym_torcs\autostart_windows.bat
[15-Apr-26 22:15:21.17] autostart exit=0

Image Name                     PID Session Name        Session#    Mem Usage
========================= ======== ================ =========== ============
wtorcs.exe                   59152 Console                    1     83,656 K
INFO: No tasks are running which match the specified criteria.
[15-Apr-26 22:15:23.27] start_torcs_windows.bat end

[15-Apr-26 22:15:34.64] start_torcs_windows.bat begin
[15-Apr-26 22:15:34.64] TORCS_EXE=C:\Users\szymo\source\repos\torcs\torcs\wtorcs.exe
[15-Apr-26 22:15:34.65] TORCS_IMAGE=wtorcs.exe
[15-Apr-26 22:15:34.65] VISION_FLAG=novision
SUCCESS: The process with PID 8304 (child process of PID 59152) has been terminated.
SUCCESS: The process with PID 59152 (child process of PID 58028) has been terminated.
[15-Apr-26 22:15:34.77] taskkill wtorcs.exe exit=0
ERROR: The process "torcs.exe" not found.
[15-Apr-26 22:15:34.90] taskkill torcs.exe exit=128
ERROR: The process "wtorcs.exe" not found.
[15-Apr-26 22:15:34.90] taskkill wtorcs.exe exit=128
[15-Apr-26 22:15:36.11] TORCS_DIR=C:\Users\szymo\source\repos\torcs\torcs\
[15-Apr-26 22:15:36.11] launching without vision
[15-Apr-26 22:15:36.12] start command dispatched
[15-Apr-26 22:15:37.21] running autostart C:\Users\szymo\source\repos\torcs\gym_torcs\autostart_windows.bat
[15-Apr-26 22:15:37.21] autostart exit=0

Image Name                     PID Session Name        Session#    Mem Usage
========================= ======== ================ =========== ============
wtorcs.exe                   62848 Console                    1     84,400 K
INFO: No tasks are running which match the specified criteria.
[15-Apr-26 22:15:39.31] start_torcs_windows.bat end

[15-Apr-26 22:15:49.48] start_torcs_windows.bat begin
[15-Apr-26 22:15:49.49] TORCS_EXE=C:\Users\szymo\source\repos\torcs\torcs\wtorcs.exe
[15-Apr-26 22:15:49.49] TORCS_IMAGE=wtorcs.exe
[15-Apr-26 22:15:49.50] VISION_FLAG=novision
SUCCESS: The process with PID 55260 (child process of PID 62848) has been terminated.
SUCCESS: The process with PID 62848 (child process of PID 55380) has been terminated.
[15-Apr-26 22:15:49.61] taskkill wtorcs.exe exit=0
ERROR: The process "torcs.exe" not found.
[15-Apr-26 22:15:49.74] taskkill torcs.exe exit=128
ERROR: The process "wtorcs.exe" not found.
[15-Apr-26 22:15:49.75] taskkill wtorcs.exe exit=128
[15-Apr-26 22:15:50.20] TORCS_DIR=C:\Users\szymo\source\repos\torcs\torcs\
[15-Apr-26 22:15:50.20] launching without vision
[15-Apr-26 22:15:50.21] start command dispatched
[15-Apr-26 22:15:51.20] running autostart C:\Users\szymo\source\repos\torcs\gym_torcs\autostart_windows.bat
[15-Apr-26 22:15:51.20] autostart exit=0

Image Name                     PID Session Name        Session#    Mem Usage
========================= ======== ================ =========== ============
wtorcs.exe                   54356 Console                    1     83,772 K
INFO: No tasks are running which match the specified criteria.
[15-Apr-26 22:15:53.30] start_torcs_windows.bat end

[15-Apr-26 22:16:03.31] start_torcs_windows.bat begin
[15-Apr-26 22:16:03.31] TORCS_EXE=C:\Users\szymo\source\repos\torcs\torcs\wtorcs.exe
[15-Apr-26 22:16:03.32] TORCS_IMAGE=wtorcs.exe
[15-Apr-26 22:16:03.32] VISION_FLAG=novision
SUCCESS: The process with PID 61396 (child process of PID 54356) has been terminated.
SUCCESS: The process with PID 54356 (child process of PID 52900) has been terminated.
[15-Apr-26 22:16:03.44] taskkill wtorcs.exe exit=0
ERROR: The process "torcs.exe" not found.
[15-Apr-26 22:16:03.59] taskkill torcs.exe exit=128
ERROR: The process "wtorcs.exe" not found.
[15-Apr-26 22:16:03.59] taskkill wtorcs.exe exit=128
[15-Apr-26 22:16:04.15] TORCS_DIR=C:\Users\szymo\source\repos\torcs\torcs\
[15-Apr-26 22:16:04.15] launching without vision
[15-Apr-26 22:16:04.16] start command dispatched
[15-Apr-26 22:16:05.16] running autostart C:\Users\szymo\source\repos\torcs\gym_torcs\autostart_windows.bat
[15-Apr-26 22:16:05.16] autostart exit=0

Image Name                     PID Session Name        Session#    Mem Usage
========================= ======== ================ =========== ============
wtorcs.exe                   57332 Console                    1     83,700 K
INFO: No tasks are running which match the specified criteria.
[15-Apr-26 22:16:07.26] start_torcs_windows.bat end

[15-Apr-26 22:16:17.64] start_torcs_windows.bat begin
[15-Apr-26 22:16:17.64] TORCS_EXE=C:\Users\szymo\source\repos\torcs\torcs\wtorcs.exe
[15-Apr-26 22:16:17.65] TORCS_IMAGE=wtorcs.exe
[15-Apr-26 22:16:17.65] VISION_FLAG=novision
SUCCESS: The process with PID 63648 (child process of PID 57332) has been terminated.
SUCCESS: The process with PID 57332 (child process of PID 61036) has been terminated.
[15-Apr-26 22:16:17.76] taskkill wtorcs.exe exit=0
ERROR: The process "torcs.exe" not found.
[15-Apr-26 22:16:17.89] taskkill torcs.exe exit=128
ERROR: The process "wtorcs.exe" not found.
[15-Apr-26 22:16:17.89] taskkill wtorcs.exe exit=128
[15-Apr-26 22:16:19.21] TORCS_DIR=C:\Users\szymo\source\repos\torcs\torcs\
[15-Apr-26 22:16:19.21] launching without vision
[15-Apr-26 22:16:19.22] start command dispatched
[15-Apr-26 22:16:20.22] running autostart C:\Users\szymo\source\repos\torcs\gym_torcs\autostart_windows.bat
[15-Apr-26 22:16:20.22] autostart exit=0

Image Name                     PID Session Name        Session#    Mem Usage
========================= ======== ================ =========== ============
wtorcs.exe                   62308 Console                    1     85,068 K
INFO: No tasks are running which match the specified criteria.
[15-Apr-26 22:16:22.31] start_torcs_windows.bat end

[15-Apr-26 22:16:32.35] start_torcs_windows.bat begin
[15-Apr-26 22:16:32.36] TORCS_EXE=C:\Users\szymo\source\repos\torcs\torcs\wtorcs.exe
[15-Apr-26 22:16:32.36] TORCS_IMAGE=wtorcs.exe
[15-Apr-26 22:16:32.37] VISION_FLAG=novision
SUCCESS: The process with PID 29228 (child process of PID 62308) has been terminated.
SUCCESS: The process with PID 62308 (child process of PID 65224) has been terminated.
[15-Apr-26 22:16:32.48] taskkill wtorcs.exe exit=0
ERROR: The process "torcs.exe" not found.
[15-Apr-26 22:16:32.60] taskkill torcs.exe exit=128
ERROR: The process "wtorcs.exe" not found.
[15-Apr-26 22:16:32.61] taskkill wtorcs.exe exit=128
[15-Apr-26 22:16:33.17] TORCS_DIR=C:\Users\szymo\source\repos\torcs\torcs\
[15-Apr-26 22:16:33.17] launching without vision
[15-Apr-26 22:16:33.17] start command dispatched
[15-Apr-26 22:16:34.16] running autostart C:\Users\szymo\source\repos\torcs\gym_torcs\autostart_windows.bat
[15-Apr-26 22:16:34.16] autostart exit=0

Image Name                     PID Session Name        Session#    Mem Usage
========================= ======== ================ =========== ============
wtorcs.exe                   64836 Console                    1     84,908 K
INFO: No tasks are running which match the specified criteria.
[15-Apr-26 22:16:36.26] start_torcs_windows.bat end

[15-Apr-26 22:16:46.53] start_torcs_windows.bat begin
[15-Apr-26 22:16:46.54] TORCS_EXE=C:\Users\szymo\source\repos\torcs\torcs\wtorcs.exe
[15-Apr-26 22:16:46.54] TORCS_IMAGE=wtorcs.exe
[15-Apr-26 22:16:46.55] VISION_FLAG=novision
SUCCESS: The process with PID 58724 (child process of PID 64836) has been terminated.
SUCCESS: The process with PID 64836 (child process of PID 65148) has been terminated.
[15-Apr-26 22:16:46.66] taskkill wtorcs.exe exit=0
ERROR: The process "torcs.exe" not found.
[15-Apr-26 22:16:46.78] taskkill torcs.exe exit=128
ERROR: The process "wtorcs.exe" not found.
[15-Apr-26 22:16:46.78] taskkill wtorcs.exe exit=128
[15-Apr-26 22:16:47.11] TORCS_DIR=C:\Users\szymo\source\repos\torcs\torcs\
[15-Apr-26 22:16:47.11] launching without vision
[15-Apr-26 22:16:47.12] start command dispatched
[15-Apr-26 22:16:48.11] running autostart C:\Users\szymo\source\repos\torcs\gym_torcs\autostart_windows.bat
[15-Apr-26 22:16:48.11] autostart exit=0

Image Name                     PID Session Name        Session#    Mem Usage
========================= ======== ================ =========== ============
wtorcs.exe                   61500 Console                    1     62,332 K
INFO: No tasks are running which match the specified criteria.
[15-Apr-26 22:16:50.22] start_torcs_windows.bat end

[15-Apr-26 22:18:06.02] start_torcs_windows.bat begin
[15-Apr-26 22:18:06.03] TORCS_EXE=C:\Users\szymo\source\repos\torcs\torcs\wtorcs.exe
[15-Apr-26 22:18:06.03] TORCS_IMAGE=wtorcs.exe
[15-Apr-26 22:18:06.04] VISION_FLAG=novision
ERROR: The process "wtorcs.exe" not found.
[15-Apr-26 22:18:06.14] taskkill wtorcs.exe exit=128
ERROR: The process "torcs.exe" not found.
[15-Apr-26 22:18:06.23] taskkill torcs.exe exit=128
ERROR: The process "wtorcs.exe" not found.
[15-Apr-26 22:18:06.24] taskkill wtorcs.exe exit=128
[15-Apr-26 22:18:07.12] TORCS_DIR=C:\Users\szymo\source\repos\torcs\torcs\
[15-Apr-26 22:18:07.12] launching without vision
[15-Apr-26 22:18:07.13] start command dispatched
[15-Apr-26 22:18:08.12] running autostart C:\Users\szymo\source\repos\torcs\gym_torcs\autostart_windows.bat
[15-Apr-26 22:18:08.12] autostart exit=0

Image Name                     PID Session Name        Session#    Mem Usage
========================= ======== ================ =========== ============
wtorcs.exe                   60820 Console                    1     85,256 K
INFO: No tasks are running which match the specified criteria.
[15-Apr-26 22:18:10.23] start_torcs_windows.bat end

[15-Apr-26 22:18:13.23] start_torcs_windows.bat begin
[15-Apr-26 22:18:13.24] TORCS_EXE=C:\Users\szymo\source\repos\torcs\torcs\wtorcs.exe
[15-Apr-26 22:18:13.24] TORCS_IMAGE=wtorcs.exe
[15-Apr-26 22:18:13.25] VISION_FLAG=novision
SUCCESS: The process with PID 57632 (child process of PID 60820) has been terminated.
SUCCESS: The process with PID 60820 (child process of PID 54404) has been terminated.
[15-Apr-26 22:18:13.35] taskkill wtorcs.exe exit=0
ERROR: The process "torcs.exe" not found.
[15-Apr-26 22:18:13.46] taskkill torcs.exe exit=128
ERROR: The process "wtorcs.exe" not found.
[15-Apr-26 22:18:13.46] taskkill wtorcs.exe exit=128
[15-Apr-26 22:18:14.13] TORCS_DIR=C:\Users\szymo\source\repos\torcs\torcs\
[15-Apr-26 22:18:14.13] launching without vision
[15-Apr-26 22:18:14.14] start command dispatched
[15-Apr-26 22:18:15.14] running autostart C:\Users\szymo\source\repos\torcs\gym_torcs\autostart_windows.bat
[15-Apr-26 22:18:15.14] autostart exit=0

Image Name                     PID Session Name        Session#    Mem Usage
========================= ======== ================ =========== ============
wtorcs.exe                   57740 Console                    1     82,768 K
INFO: No tasks are running which match the specified criteria.
[15-Apr-26 22:18:17.25] start_torcs_windows.bat end

[15-Apr-26 22:18:31.96] start_torcs_windows.bat begin
[15-Apr-26 22:18:31.97] TORCS_EXE=C:\Users\szymo\source\repos\torcs\torcs\wtorcs.exe
[15-Apr-26 22:18:31.98] TORCS_IMAGE=wtorcs.exe
[15-Apr-26 22:18:31.98] VISION_FLAG=novision
SUCCESS: The process with PID 60012 (child process of PID 57740) has been terminated.
SUCCESS: The process with PID 57740 (child process of PID 58564) has been terminated.
[15-Apr-26 22:18:32.09] taskkill wtorcs.exe exit=0
ERROR: The process "torcs.exe" not found.
[15-Apr-26 22:18:32.21] taskkill torcs.exe exit=128
ERROR: The process "wtorcs.exe" not found.
[15-Apr-26 22:18:32.22] taskkill wtorcs.exe exit=128
[15-Apr-26 22:18:33.20] TORCS_DIR=C:\Users\szymo\source\repos\torcs\torcs\
[15-Apr-26 22:18:33.20] launching without vision
[15-Apr-26 22:18:33.20] start command dispatched
[15-Apr-26 22:18:34.19] running autostart C:\Users\szymo\source\repos\torcs\gym_torcs\autostart_windows.bat
[15-Apr-26 22:18:34.19] autostart exit=0

Image Name                     PID Session Name        Session#    Mem Usage
========================= ======== ================ =========== ============
wtorcs.exe                   62628 Console                    1     83,688 K
INFO: No tasks are running which match the specified criteria.
[15-Apr-26 22:18:36.32] start_torcs_windows.bat end

[15-Apr-26 22:18:46.44] start_torcs_windows.bat begin
[15-Apr-26 22:18:46.45] TORCS_EXE=C:\Users\szymo\source\repos\torcs\torcs\wtorcs.exe
[15-Apr-26 22:18:46.45] TORCS_IMAGE=wtorcs.exe
[15-Apr-26 22:18:46.46] VISION_FLAG=novision
SUCCESS: The process with PID 64304 (child process of PID 62628) has been terminated.
SUCCESS: The process with PID 62628 (child process of PID 61672) has been terminated.
[15-Apr-26 22:18:46.58] taskkill wtorcs.exe exit=0
ERROR: The process "torcs.exe" not found.
[15-Apr-26 22:18:46.70] taskkill torcs.exe exit=128
ERROR: The process "wtorcs.exe" not found.
[15-Apr-26 22:18:46.70] taskkill wtorcs.exe exit=128
[15-Apr-26 22:18:47.14] TORCS_DIR=C:\Users\szymo\source\repos\torcs\torcs\
[15-Apr-26 22:18:47.14] launching without vision
[15-Apr-26 22:18:47.14] start command dispatched
[15-Apr-26 22:18:48.14] running autostart C:\Users\szymo\source\repos\torcs\gym_torcs\autostart_windows.bat
[15-Apr-26 22:18:48.14] autostart exit=0

Image Name                     PID Session Name        Session#    Mem Usage
========================= ======== ================ =========== ============
wtorcs.exe                   28568 Console                    1     83,816 K
INFO: No tasks are running which match the specified criteria.
[15-Apr-26 22:18:50.25] start_torcs_windows.bat end

[15-Apr-26 22:19:05.03] start_torcs_windows.bat begin
[15-Apr-26 22:19:05.03] TORCS_EXE=C:\Users\szymo\source\repos\torcs\torcs\wtorcs.exe
[15-Apr-26 22:19:05.04] TORCS_IMAGE=wtorcs.exe
[15-Apr-26 22:19:05.04] VISION_FLAG=novision
SUCCESS: The process with PID 44592 (child process of PID 28568) has been terminated.
SUCCESS: The process with PID 28568 (child process of PID 62544) has been terminated.
[15-Apr-26 22:19:05.14] taskkill wtorcs.exe exit=0
ERROR: The process "torcs.exe" not found.
[15-Apr-26 22:19:05.26] taskkill torcs.exe exit=128
ERROR: The process "wtorcs.exe" not found.
[15-Apr-26 22:19:05.26] taskkill wtorcs.exe exit=128
[15-Apr-26 22:19:06.13] TORCS_DIR=C:\Users\szymo\source\repos\torcs\torcs\
[15-Apr-26 22:19:06.13] launching without vision
[15-Apr-26 22:19:06.14] start command dispatched
[15-Apr-26 22:19:07.13] running autostart C:\Users\szymo\source\repos\torcs\gym_torcs\autostart_windows.bat
[15-Apr-26 22:19:07.13] autostart exit=0

Image Name                     PID Session Name        Session#    Mem Usage
========================= ======== ================ =========== ============
wtorcs.exe                    5772 Console                    1     83,300 K
INFO: No tasks are running which match the specified criteria.
[15-Apr-26 22:19:09.26] start_torcs_windows.bat end

[15-Apr-26 22:19:18.40] start_torcs_windows.bat begin
[15-Apr-26 22:19:18.41] TORCS_EXE=C:\Users\szymo\source\repos\torcs\torcs\wtorcs.exe
[15-Apr-26 22:19:18.41] TORCS_IMAGE=wtorcs.exe
[15-Apr-26 22:19:18.42] VISION_FLAG=novision
SUCCESS: The process with PID 62364 (child process of PID 5772) has been terminated.
SUCCESS: The process with PID 5772 (child process of PID 56976) has been terminated.
[15-Apr-26 22:19:18.53] taskkill wtorcs.exe exit=0
ERROR: The process "torcs.exe" not found.
[15-Apr-26 22:19:18.65] taskkill torcs.exe exit=128
ERROR: The process "wtorcs.exe" not found.
[15-Apr-26 22:19:18.66] taskkill wtorcs.exe exit=128
[15-Apr-26 22:19:19.21] TORCS_DIR=C:\Users\szymo\source\repos\torcs\torcs\
[15-Apr-26 22:19:19.21] launching without vision
[15-Apr-26 22:19:19.22] start command dispatched
[15-Apr-26 22:19:20.21] running autostart C:\Users\szymo\source\repos\torcs\gym_torcs\autostart_windows.bat
[15-Apr-26 22:19:20.21] autostart exit=0

Image Name                     PID Session Name        Session#    Mem Usage
========================= ======== ================ =========== ============
wtorcs.exe                   61972 Console                    1     65,672 K
INFO: No tasks are running which match the specified criteria.
[15-Apr-26 22:19:22.33] start_torcs_windows.bat end

[15-Apr-26 22:19:33.88] start_torcs_windows.bat begin
[15-Apr-26 22:19:33.89] TORCS_EXE=C:\Users\szymo\source\repos\torcs\torcs\wtorcs.exe
[15-Apr-26 22:19:33.89] TORCS_IMAGE=wtorcs.exe
[15-Apr-26 22:19:33.90] VISION_FLAG=novision
SUCCESS: The process with PID 65084 (child process of PID 61972) has been terminated.
SUCCESS: The process with PID 61972 (child process of PID 62724) has been terminated.
[15-Apr-26 22:19:34.00] taskkill wtorcs.exe exit=0
ERROR: The process "torcs.exe" not found.
[15-Apr-26 22:19:34.11] taskkill torcs.exe exit=128
ERROR: The process "wtorcs.exe" not found.
[15-Apr-26 22:19:34.12] taskkill wtorcs.exe exit=128
[15-Apr-26 22:19:35.11] TORCS_DIR=C:\Users\szymo\source\repos\torcs\torcs\
[15-Apr-26 22:19:35.11] launching without vision
[15-Apr-26 22:19:35.12] start command dispatched
[15-Apr-26 22:19:36.22] running autostart C:\Users\szymo\source\repos\torcs\gym_torcs\autostart_windows.bat
[15-Apr-26 22:19:36.22] autostart exit=0

Image Name                     PID Session Name        Session#    Mem Usage
========================= ======== ================ =========== ============
wtorcs.exe                   63916 Console                    1     84,180 K
INFO: No tasks are running which match the specified criteria.
[15-Apr-26 22:19:38.34] start_torcs_windows.bat end

[15-Apr-26 22:19:47.73] start_torcs_windows.bat begin
[15-Apr-26 22:19:47.73] TORCS_EXE=C:\Users\szymo\source\repos\torcs\torcs\wtorcs.exe
[15-Apr-26 22:19:47.74] TORCS_IMAGE=wtorcs.exe
[15-Apr-26 22:19:47.74] VISION_FLAG=novision
SUCCESS: The process with PID 45768 (child process of PID 63916) has been terminated.
SUCCESS: The process with PID 63916 (child process of PID 20032) has been terminated.
[15-Apr-26 22:19:47.84] taskkill wtorcs.exe exit=0
ERROR: The process "torcs.exe" not found.
[15-Apr-26 22:19:47.96] taskkill torcs.exe exit=128
ERROR: The process "wtorcs.exe" not found.
[15-Apr-26 22:19:47.96] taskkill wtorcs.exe exit=128
[15-Apr-26 22:19:49.17] TORCS_DIR=C:\Users\szymo\source\repos\torcs\torcs\
[15-Apr-26 22:19:49.17] launching without vision
[15-Apr-26 22:19:49.18] start command dispatched
[15-Apr-26 22:19:50.17] running autostart C:\Users\szymo\source\repos\torcs\gym_torcs\autostart_windows.bat
[15-Apr-26 22:19:50.17] autostart exit=0

Image Name                     PID Session Name        Session#    Mem Usage
========================= ======== ================ =========== ============
wtorcs.exe                   32744 Console                    1     82,712 K
INFO: No tasks are running which match the specified criteria.
[15-Apr-26 22:19:52.28] start_torcs_windows.bat end

[15-Apr-26 22:20:01.62] start_torcs_windows.bat begin
[15-Apr-26 22:20:01.63] TORCS_EXE=C:\Users\szymo\source\repos\torcs\torcs\wtorcs.exe
[15-Apr-26 22:20:01.63] TORCS_IMAGE=wtorcs.exe
[15-Apr-26 22:20:01.64] VISION_FLAG=novision
SUCCESS: The process with PID 64804 (child process of PID 32744) has been terminated.
SUCCESS: The process with PID 32744 (child process of PID 63632) has been terminated.
[15-Apr-26 22:20:01.75] taskkill wtorcs.exe exit=0
ERROR: The process "torcs.exe" not found.
[15-Apr-26 22:20:01.88] taskkill torcs.exe exit=128
ERROR: The process "wtorcs.exe" not found.
[15-Apr-26 22:20:01.88] taskkill wtorcs.exe exit=128
[15-Apr-26 22:20:02.20] TORCS_DIR=C:\Users\szymo\source\repos\torcs\torcs\
[15-Apr-26 22:20:02.20] launching without vision
[15-Apr-26 22:20:02.21] start command dispatched
[15-Apr-26 22:20:03.21] running autostart C:\Users\szymo\source\repos\torcs\gym_torcs\autostart_windows.bat
[15-Apr-26 22:20:03.21] autostart exit=0

Image Name                     PID Session Name        Session#    Mem Usage
========================= ======== ================ =========== ============
wtorcs.exe                   64064 Console                    1     84,236 K
INFO: No tasks are running which match the specified criteria.
[15-Apr-26 22:20:05.31] start_torcs_windows.bat end

[15-Apr-26 22:20:14.66] start_torcs_windows.bat begin
[15-Apr-26 22:20:14.67] TORCS_EXE=C:\Users\szymo\source\repos\torcs\torcs\wtorcs.exe
[15-Apr-26 22:20:14.68] TORCS_IMAGE=wtorcs.exe
[15-Apr-26 22:20:14.68] VISION_FLAG=novision
SUCCESS: The process with PID 61224 (child process of PID 64064) has been terminated.
SUCCESS: The process with PID 64064 (child process of PID 60836) has been terminated.
[15-Apr-26 22:20:14.80] taskkill wtorcs.exe exit=0
ERROR: The process "torcs.exe" not found.
[15-Apr-26 22:20:14.90] taskkill torcs.exe exit=128
ERROR: The process "wtorcs.exe" not found.
[15-Apr-26 22:20:14.91] taskkill wtorcs.exe exit=128
[15-Apr-26 22:20:16.11] TORCS_DIR=C:\Users\szymo\source\repos\torcs\torcs\
[15-Apr-26 22:20:16.11] launching without vision
[15-Apr-26 22:20:16.12] start command dispatched
[15-Apr-26 22:20:17.12] running autostart C:\Users\szymo\source\repos\torcs\gym_torcs\autostart_windows.bat
[15-Apr-26 22:20:17.12] autostart exit=0

Image Name                     PID Session Name        Session#    Mem Usage
========================= ======== ================ =========== ============
wtorcs.exe                   30028 Console                    1     82,668 K
INFO: No tasks are running which match the specified criteria.
[15-Apr-26 22:20:19.23] start_torcs_windows.bat end

[15-Apr-26 22:20:30.41] start_torcs_windows.bat begin
[15-Apr-26 22:20:30.42] TORCS_EXE=C:\Users\szymo\source\repos\torcs\torcs\wtorcs.exe
[15-Apr-26 22:20:30.42] TORCS_IMAGE=wtorcs.exe
[15-Apr-26 22:20:30.43] VISION_FLAG=novision
SUCCESS: The process with PID 60960 (child process of PID 30028) has been terminated.
SUCCESS: The process with PID 30028 (child process of PID 63664) has been terminated.
[15-Apr-26 22:20:30.54] taskkill wtorcs.exe exit=0
ERROR: The process "torcs.exe" not found.
[15-Apr-26 22:20:30.66] taskkill torcs.exe exit=128
ERROR: The process "wtorcs.exe" not found.
[15-Apr-26 22:20:30.66] taskkill wtorcs.exe exit=128
[15-Apr-26 22:20:31.11] TORCS_DIR=C:\Users\szymo\source\repos\torcs\torcs\
[15-Apr-26 22:20:31.11] launching without vision
[15-Apr-26 22:20:31.12] start command dispatched
[15-Apr-26 22:20:32.11] running autostart C:\Users\szymo\source\repos\torcs\gym_torcs\autostart_windows.bat
[15-Apr-26 22:20:32.11] autostart exit=0

Image Name                     PID Session Name        Session#    Mem Usage
========================= ======== ================ =========== ============
wtorcs.exe                   59872 Console                    1     83,172 K
INFO: No tasks are running which match the specified criteria.
[15-Apr-26 22:20:34.23] start_torcs_windows.bat end

[15-Apr-26 22:20:43.99] start_torcs_windows.bat begin
[15-Apr-26 22:20:43.99] TORCS_EXE=C:\Users\szymo\source\repos\torcs\torcs\wtorcs.exe
[15-Apr-26 22:20:44.00] TORCS_IMAGE=wtorcs.exe
[15-Apr-26 22:20:44.00] VISION_FLAG=novision
SUCCESS: The process with PID 63984 (child process of PID 59872) has been terminated.
SUCCESS: The process with PID 59872 (child process of PID 64236) has been terminated.
[15-Apr-26 22:20:44.11] taskkill wtorcs.exe exit=0
ERROR: The process "torcs.exe" not found.
[15-Apr-26 22:20:44.23] taskkill torcs.exe exit=128
ERROR: The process "wtorcs.exe" not found.
[15-Apr-26 22:20:44.23] taskkill wtorcs.exe exit=128
[15-Apr-26 22:20:45.21] TORCS_DIR=C:\Users\szymo\source\repos\torcs\torcs\
[15-Apr-26 22:20:45.21] launching without vision
[15-Apr-26 22:20:45.22] start command dispatched
[15-Apr-26 22:20:46.21] running autostart C:\Users\szymo\source\repos\torcs\gym_torcs\autostart_windows.bat
[15-Apr-26 22:20:46.21] autostart exit=0

Image Name                     PID Session Name        Session#    Mem Usage
========================= ======== ================ =========== ============
wtorcs.exe                   64732 Console                    1     84,900 K
INFO: No tasks are running which match the specified criteria.
[15-Apr-26 22:20:48.32] start_torcs_windows.bat end

[15-Apr-26 22:20:58.77] start_torcs_windows.bat begin
[15-Apr-26 22:20:58.78] TORCS_EXE=C:\Users\szymo\source\repos\torcs\torcs\wtorcs.exe
[15-Apr-26 22:20:58.78] TORCS_IMAGE=wtorcs.exe
[15-Apr-26 22:20:58.79] VISION_FLAG=novision
SUCCESS: The process with PID 62952 (child process of PID 64732) has been terminated.
SUCCESS: The process with PID 64732 (child process of PID 59132) has been terminated.
[15-Apr-26 22:20:58.90] taskkill wtorcs.exe exit=0
ERROR: The process "torcs.exe" not found.
[15-Apr-26 22:20:59.01] taskkill torcs.exe exit=128
ERROR: The process "wtorcs.exe" not found.
[15-Apr-26 22:20:59.01] taskkill wtorcs.exe exit=128
[15-Apr-26 22:21:00.11] TORCS_DIR=C:\Users\szymo\source\repos\torcs\torcs\
[15-Apr-26 22:21:00.11] launching without vision
[15-Apr-26 22:21:00.12] start command dispatched
[15-Apr-26 22:21:01.11] running autostart C:\Users\szymo\source\repos\torcs\gym_torcs\autostart_windows.bat
[15-Apr-26 22:21:01.11] autostart exit=0

Image Name                     PID Session Name        Session#    Mem Usage
========================= ======== ================ =========== ============
wtorcs.exe                   55724 Console                    1     84,456 K
INFO: No tasks are running which match the specified criteria.
[15-Apr-26 22:21:03.23] start_torcs_windows.bat end

[15-Apr-26 22:21:12.21] start_torcs_windows.bat begin
[15-Apr-26 22:21:12.22] TORCS_EXE=C:\Users\szymo\source\repos\torcs\torcs\wtorcs.exe
[15-Apr-26 22:21:12.22] TORCS_IMAGE=wtorcs.exe
[15-Apr-26 22:21:12.23] VISION_FLAG=novision
SUCCESS: The process with PID 62060 (child process of PID 55724) has been terminated.
SUCCESS: The process with PID 55724 (child process of PID 4936) has been terminated.
[15-Apr-26 22:21:12.34] taskkill wtorcs.exe exit=0
ERROR: The process "torcs.exe" not found.
[15-Apr-26 22:21:12.46] taskkill torcs.exe exit=128
ERROR: The process "wtorcs.exe" not found.
[15-Apr-26 22:21:12.46] taskkill wtorcs.exe exit=128
[15-Apr-26 22:21:13.12] TORCS_DIR=C:\Users\szymo\source\repos\torcs\torcs\
[15-Apr-26 22:21:13.12] launching without vision
[15-Apr-26 22:21:13.13] start command dispatched
[15-Apr-26 22:21:14.12] running autostart C:\Users\szymo\source\repos\torcs\gym_torcs\autostart_windows.bat
[15-Apr-26 22:21:14.12] autostart exit=0

Image Name                     PID Session Name        Session#    Mem Usage
========================= ======== ================ =========== ============
wtorcs.exe                   63820 Console                    1     82,796 K
INFO: No tasks are running which match the specified criteria.
[15-Apr-26 22:21:16.21] start_torcs_windows.bat end

[15-Apr-26 22:21:31.08] start_torcs_windows.bat begin
[15-Apr-26 22:21:31.08] TORCS_EXE=C:\Users\szymo\source\repos\torcs\torcs\wtorcs.exe
[15-Apr-26 22:21:31.09] TORCS_IMAGE=wtorcs.exe
[15-Apr-26 22:21:31.09] VISION_FLAG=novision
SUCCESS: The process with PID 61436 (child process of PID 63820) has been terminated.
SUCCESS: The process with PID 63820 (child process of PID 59432) has been terminated.
[15-Apr-26 22:21:31.20] taskkill wtorcs.exe exit=0
ERROR: The process "torcs.exe" not found.
[15-Apr-26 22:21:31.32] taskkill torcs.exe exit=128
ERROR: The process "wtorcs.exe" not found.
[15-Apr-26 22:21:31.33] taskkill wtorcs.exe exit=128
[15-Apr-26 22:21:32.22] TORCS_DIR=C:\Users\szymo\source\repos\torcs\torcs\
[15-Apr-26 22:21:32.22] launching without vision
[15-Apr-26 22:21:32.23] start command dispatched
[15-Apr-26 22:21:33.12] running autostart C:\Users\szymo\source\repos\torcs\gym_torcs\autostart_windows.bat
[15-Apr-26 22:21:33.12] autostart exit=0

Image Name                     PID Session Name        Session#    Mem Usage
========================= ======== ================ =========== ============
wtorcs.exe                   55268 Console                    1     84,868 K
INFO: No tasks are running which match the specified criteria.
[15-Apr-26 22:21:35.26] start_torcs_windows.bat end

[15-Apr-26 22:21:45.32] start_torcs_windows.bat begin
[15-Apr-26 22:21:45.33] TORCS_EXE=C:\Users\szymo\source\repos\torcs\torcs\wtorcs.exe
[15-Apr-26 22:21:45.33] TORCS_IMAGE=wtorcs.exe
[15-Apr-26 22:21:45.34] VISION_FLAG=novision
SUCCESS: The process with PID 60504 (child process of PID 55268) has been terminated.
SUCCESS: The process with PID 55268 (child process of PID 3756) has been terminated.
[15-Apr-26 22:21:45.45] taskkill wtorcs.exe exit=0
ERROR: The process "torcs.exe" not found.
[15-Apr-26 22:21:45.58] taskkill torcs.exe exit=128
ERROR: The process "wtorcs.exe" not found.
[15-Apr-26 22:21:45.58] taskkill wtorcs.exe exit=128
[15-Apr-26 22:21:46.14] TORCS_DIR=C:\Users\szymo\source\repos\torcs\torcs\
[15-Apr-26 22:21:46.14] launching without vision
[15-Apr-26 22:21:46.15] start command dispatched
[15-Apr-26 22:21:47.15] running autostart C:\Users\szymo\source\repos\torcs\gym_torcs\autostart_windows.bat
[15-Apr-26 22:21:47.15] autostart exit=0

Image Name                     PID Session Name        Session#    Mem Usage
========================= ======== ================ =========== ============
wtorcs.exe                   65276 Console                    1     83,540 K
INFO: No tasks are running which match the specified criteria.
[15-Apr-26 22:21:49.26] start_torcs_windows.bat end

[15-Apr-26 22:22:04.16] start_torcs_windows.bat begin
[15-Apr-26 22:22:04.16] TORCS_EXE=C:\Users\szymo\source\repos\torcs\torcs\wtorcs.exe
[15-Apr-26 22:22:04.17] TORCS_IMAGE=wtorcs.exe
[15-Apr-26 22:22:04.17] VISION_FLAG=novision
SUCCESS: The process with PID 54608 (child process of PID 65276) has been terminated.
SUCCESS: The process with PID 65276 (child process of PID 27736) has been terminated.
[15-Apr-26 22:22:04.28] taskkill wtorcs.exe exit=0
ERROR: The process "torcs.exe" not found.
[15-Apr-26 22:22:04.41] taskkill torcs.exe exit=128
ERROR: The process "wtorcs.exe" not found.
[15-Apr-26 22:22:04.41] taskkill wtorcs.exe exit=128
[15-Apr-26 22:22:05.19] TORCS_DIR=C:\Users\szymo\source\repos\torcs\torcs\
[15-Apr-26 22:22:05.19] launching without vision
[15-Apr-26 22:22:05.20] start command dispatched
[15-Apr-26 22:22:06.20] running autostart C:\Users\szymo\source\repos\torcs\gym_torcs\autostart_windows.bat
[15-Apr-26 22:22:06.20] autostart exit=0

Image Name                     PID Session Name        Session#    Mem Usage
========================= ======== ================ =========== ============
wtorcs.exe                   38344 Console                    1     65,680 K
INFO: No tasks are running which match the specified criteria.
[15-Apr-26 22:22:08.31] start_torcs_windows.bat end

[15-Apr-26 22:26:39.19] start_torcs_windows.bat begin
[15-Apr-26 22:26:39.20] TORCS_EXE=C:\Users\szymo\source\repos\torcs\torcs\wtorcs.exe
[15-Apr-26 22:26:39.20] TORCS_IMAGE=wtorcs.exe
[15-Apr-26 22:26:39.21] VISION_FLAG=novision
ERROR: The process "wtorcs.exe" not found.
[15-Apr-26 22:26:39.31] taskkill wtorcs.exe exit=128
ERROR: The process "torcs.exe" not found.
[15-Apr-26 22:26:39.41] taskkill torcs.exe exit=128
ERROR: The process "wtorcs.exe" not found.
[15-Apr-26 22:26:39.41] taskkill wtorcs.exe exit=128
[15-Apr-26 22:26:40.19] TORCS_DIR=C:\Users\szymo\source\repos\torcs\torcs\
[15-Apr-26 22:26:40.19] launching without vision
[15-Apr-26 22:26:40.20] start command dispatched
[15-Apr-26 22:26:41.19] running autostart C:\Users\szymo\source\repos\torcs\gym_torcs\autostart_windows.bat
[15-Apr-26 22:26:41.19] autostart exit=0

Image Name                     PID Session Name        Session#    Mem Usage
========================= ======== ================ =========== ============
wtorcs.exe                   17660 Console                    1     83,112 K
INFO: No tasks are running which match the specified criteria.
[15-Apr-26 22:26:43.32] start_torcs_windows.bat end

[15-Apr-26 22:26:46.31] start_torcs_windows.bat begin
[15-Apr-26 22:26:46.32] TORCS_EXE=C:\Users\szymo\source\repos\torcs\torcs\wtorcs.exe
[15-Apr-26 22:26:46.32] TORCS_IMAGE=wtorcs.exe
[15-Apr-26 22:26:46.33] VISION_FLAG=novision
SUCCESS: The process with PID 45556 (child process of PID 17660) has been terminated.
SUCCESS: The process with PID 17660 (child process of PID 58328) has been terminated.
[15-Apr-26 22:26:46.43] taskkill wtorcs.exe exit=0
ERROR: The process "torcs.exe" not found.
[15-Apr-26 22:26:46.55] taskkill torcs.exe exit=128
ERROR: The process "wtorcs.exe" not found.
[15-Apr-26 22:26:46.56] taskkill wtorcs.exe exit=128
[15-Apr-26 22:26:47.11] TORCS_DIR=C:\Users\szymo\source\repos\torcs\torcs\
[15-Apr-26 22:26:47.11] launching without vision
[15-Apr-26 22:26:47.12] start command dispatched
[15-Apr-26 22:26:48.11] running autostart C:\Users\szymo\source\repos\torcs\gym_torcs\autostart_windows.bat
[15-Apr-26 22:26:48.11] autostart exit=0

Image Name                     PID Session Name        Session#    Mem Usage
========================= ======== ================ =========== ============
wtorcs.exe                   62132 Console                    1     82,836 K
INFO: No tasks are running which match the specified criteria.
[15-Apr-26 22:26:50.21] start_torcs_windows.bat end

[15-Apr-26 22:27:00.70] start_torcs_windows.bat begin
[15-Apr-26 22:27:00.71] TORCS_EXE=C:\Users\szymo\source\repos\torcs\torcs\wtorcs.exe
[15-Apr-26 22:27:00.72] TORCS_IMAGE=wtorcs.exe
[15-Apr-26 22:27:00.72] VISION_FLAG=novision
SUCCESS: The process with PID 57456 (child process of PID 62132) has been terminated.
SUCCESS: The process with PID 62132 (child process of PID 57296) has been terminated.
[15-Apr-26 22:27:00.83] taskkill wtorcs.exe exit=0
ERROR: The process "torcs.exe" not found.
[15-Apr-26 22:27:00.95] taskkill torcs.exe exit=128
ERROR: The process "wtorcs.exe" not found.
[15-Apr-26 22:27:00.95] taskkill wtorcs.exe exit=128
[15-Apr-26 22:27:02.16] TORCS_DIR=C:\Users\szymo\source\repos\torcs\torcs\
[15-Apr-26 22:27:02.16] launching without vision
[15-Apr-26 22:27:02.16] start command dispatched
[15-Apr-26 22:27:03.16] running autostart C:\Users\szymo\source\repos\torcs\gym_torcs\autostart_windows.bat
[15-Apr-26 22:27:03.16] autostart exit=0

Image Name                     PID Session Name        Session#    Mem Usage
========================= ======== ================ =========== ============
wtorcs.exe                   58640 Console                    1     85,220 K
INFO: No tasks are running which match the specified criteria.
[15-Apr-26 22:27:05.27] start_torcs_windows.bat end

[15-Apr-26 22:27:14.00] start_torcs_windows.bat begin
[15-Apr-26 22:27:14.00] TORCS_EXE=C:\Users\szymo\source\repos\torcs\torcs\wtorcs.exe
[15-Apr-26 22:27:14.01] TORCS_IMAGE=wtorcs.exe
[15-Apr-26 22:27:14.01] VISION_FLAG=novision
SUCCESS: The process with PID 63476 (child process of PID 58640) has been terminated.
SUCCESS: The process with PID 58640 (child process of PID 64448) has been terminated.
[15-Apr-26 22:27:14.12] taskkill wtorcs.exe exit=0
ERROR: The process "torcs.exe" not found.
[15-Apr-26 22:27:14.26] taskkill torcs.exe exit=128
ERROR: The process "wtorcs.exe" not found.
[15-Apr-26 22:27:14.26] taskkill wtorcs.exe exit=128
[15-Apr-26 22:27:15.15] TORCS_DIR=C:\Users\szymo\source\repos\torcs\torcs\
[15-Apr-26 22:27:15.15] launching without vision
[15-Apr-26 22:27:15.15] start command dispatched
[15-Apr-26 22:27:16.15] running autostart C:\Users\szymo\source\repos\torcs\gym_torcs\autostart_windows.bat
[15-Apr-26 22:27:16.15] autostart exit=0

Image Name                     PID Session Name        Session#    Mem Usage
========================= ======== ================ =========== ============
wtorcs.exe                   50440 Console                    1     83,844 K
INFO: No tasks are running which match the specified criteria.
[15-Apr-26 22:27:18.26] start_torcs_windows.bat end

[15-Apr-26 22:27:27.42] start_torcs_windows.bat begin
[15-Apr-26 22:27:27.43] TORCS_EXE=C:\Users\szymo\source\repos\torcs\torcs\wtorcs.exe
[15-Apr-26 22:27:27.44] TORCS_IMAGE=wtorcs.exe
[15-Apr-26 22:27:27.44] VISION_FLAG=novision
SUCCESS: The process with PID 54212 (child process of PID 50440) has been terminated.
SUCCESS: The process with PID 50440 (child process of PID 57436) has been terminated.
[15-Apr-26 22:27:27.55] taskkill wtorcs.exe exit=0
ERROR: The process "torcs.exe" not found.
[15-Apr-26 22:27:27.68] taskkill torcs.exe exit=128
ERROR: The process "wtorcs.exe" not found.
[15-Apr-26 22:27:27.68] taskkill wtorcs.exe exit=128
[15-Apr-26 22:27:28.11] TORCS_DIR=C:\Users\szymo\source\repos\torcs\torcs\
[15-Apr-26 22:27:28.12] launching without vision
[15-Apr-26 22:27:28.12] start command dispatched
[15-Apr-26 22:27:29.11] running autostart C:\Users\szymo\source\repos\torcs\gym_torcs\autostart_windows.bat
[15-Apr-26 22:27:29.11] autostart exit=0

Image Name                     PID Session Name        Session#    Mem Usage
========================= ======== ================ =========== ============
wtorcs.exe                   61184 Console                    1     83,724 K
INFO: No tasks are running which match the specified criteria.
[15-Apr-26 22:27:31.21] start_torcs_windows.bat end

[15-Apr-26 22:27:41.12] start_torcs_windows.bat begin
[15-Apr-26 22:27:41.12] TORCS_EXE=C:\Users\szymo\source\repos\torcs\torcs\wtorcs.exe
[15-Apr-26 22:27:41.13] TORCS_IMAGE=wtorcs.exe
[15-Apr-26 22:27:41.13] VISION_FLAG=novision
SUCCESS: The process with PID 48308 (child process of PID 61184) has been terminated.
SUCCESS: The process with PID 61184 (child process of PID 49352) has been terminated.
[15-Apr-26 22:27:41.24] taskkill wtorcs.exe exit=0
ERROR: The process "torcs.exe" not found.
[15-Apr-26 22:27:41.37] taskkill torcs.exe exit=128
ERROR: The process "wtorcs.exe" not found.
[15-Apr-26 22:27:41.38] taskkill wtorcs.exe exit=128
[15-Apr-26 22:27:42.15] TORCS_DIR=C:\Users\szymo\source\repos\torcs\torcs\
[15-Apr-26 22:27:42.15] launching without vision
[15-Apr-26 22:27:42.16] start command dispatched
[15-Apr-26 22:27:43.15] running autostart C:\Users\szymo\source\repos\torcs\gym_torcs\autostart_windows.bat
[15-Apr-26 22:27:43.15] autostart exit=0

Image Name                     PID Session Name        Session#    Mem Usage
========================= ======== ================ =========== ============
wtorcs.exe                   66440 Console                    1     84,116 K
INFO: No tasks are running which match the specified criteria.
[15-Apr-26 22:27:45.26] start_torcs_windows.bat end

[15-Apr-26 22:27:55.20] start_torcs_windows.bat begin
[15-Apr-26 22:27:55.20] TORCS_EXE=C:\Users\szymo\source\repos\torcs\torcs\wtorcs.exe
[15-Apr-26 22:27:55.21] TORCS_IMAGE=wtorcs.exe
[15-Apr-26 22:27:55.21] VISION_FLAG=novision
SUCCESS: The process with PID 62188 (child process of PID 66440) has been terminated.
SUCCESS: The process with PID 66440 (child process of PID 60464) has been terminated.
[15-Apr-26 22:27:55.32] taskkill wtorcs.exe exit=0
ERROR: The process "torcs.exe" not found.
[15-Apr-26 22:27:55.44] taskkill torcs.exe exit=128
ERROR: The process "wtorcs.exe" not found.
[15-Apr-26 22:27:55.45] taskkill wtorcs.exe exit=128
[15-Apr-26 22:27:56.11] TORCS_DIR=C:\Users\szymo\source\repos\torcs\torcs\
[15-Apr-26 22:27:56.11] launching without vision
[15-Apr-26 22:27:56.12] start command dispatched
[15-Apr-26 22:27:57.11] running autostart C:\Users\szymo\source\repos\torcs\gym_torcs\autostart_windows.bat
[15-Apr-26 22:27:57.11] autostart exit=0

Image Name                     PID Session Name        Session#    Mem Usage
========================= ======== ================ =========== ============
wtorcs.exe                   56612 Console                    1     84,008 K
INFO: No tasks are running which match the specified criteria.
[15-Apr-26 22:27:59.22] start_torcs_windows.bat end

[15-Apr-26 22:28:09.14] start_torcs_windows.bat begin
[15-Apr-26 22:28:09.15] TORCS_EXE=C:\Users\szymo\source\repos\torcs\torcs\wtorcs.exe
[15-Apr-26 22:28:09.15] TORCS_IMAGE=wtorcs.exe
[15-Apr-26 22:28:09.16] VISION_FLAG=novision
SUCCESS: The process with PID 5872 (child process of PID 56612) has been terminated.
SUCCESS: The process with PID 56612 (child process of PID 64900) has been terminated.
[15-Apr-26 22:28:09.27] taskkill wtorcs.exe exit=0
ERROR: The process "torcs.exe" not found.
[15-Apr-26 22:28:09.39] taskkill torcs.exe exit=128
ERROR: The process "wtorcs.exe" not found.
[15-Apr-26 22:28:09.40] taskkill wtorcs.exe exit=128
[15-Apr-26 22:28:10.16] TORCS_DIR=C:\Users\szymo\source\repos\torcs\torcs\
[15-Apr-26 22:28:10.16] launching without vision
[15-Apr-26 22:28:10.17] start command dispatched
[15-Apr-26 22:28:11.17] running autostart C:\Users\szymo\source\repos\torcs\gym_torcs\autostart_windows.bat
[15-Apr-26 22:28:11.17] autostart exit=0

Image Name                     PID Session Name        Session#    Mem Usage
========================= ======== ================ =========== ============
wtorcs.exe                   66340 Console                    1     62,352 K
INFO: No tasks are running which match the specified criteria.
[15-Apr-26 22:28:13.29] start_torcs_windows.bat end

[15-Apr-26 22:29:33.88] start_torcs_windows.bat begin
[15-Apr-26 22:29:33.89] TORCS_EXE=C:\Users\szymo\source\repos\torcs\torcs\wtorcs.exe
[15-Apr-26 22:29:33.89] TORCS_IMAGE=wtorcs.exe
[15-Apr-26 22:29:33.90] VISION_FLAG=novision
ERROR: The process "wtorcs.exe" not found.
[15-Apr-26 22:29:34.00] taskkill wtorcs.exe exit=128
ERROR: The process "torcs.exe" not found.
[15-Apr-26 22:29:34.10] taskkill torcs.exe exit=128
ERROR: The process "wtorcs.exe" not found.
[15-Apr-26 22:29:34.11] taskkill wtorcs.exe exit=128
[15-Apr-26 22:29:35.21] TORCS_DIR=C:\Users\szymo\source\repos\torcs\torcs\
[15-Apr-26 22:29:35.21] launching without vision
[15-Apr-26 22:29:35.22] start command dispatched
[15-Apr-26 22:29:36.22] running autostart C:\Users\szymo\source\repos\torcs\gym_torcs\autostart_windows.bat
[15-Apr-26 22:29:36.22] autostart exit=0

Image Name                     PID Session Name        Session#    Mem Usage
========================= ======== ================ =========== ============
wtorcs.exe                   57924 Console                    1     62,400 K
INFO: No tasks are running which match the specified criteria.
[15-Apr-26 22:29:38.34] start_torcs_windows.bat end

[15-Apr-26 22:29:50.53] start_torcs_windows.bat begin
[15-Apr-26 22:29:50.53] TORCS_EXE=C:\Users\szymo\source\repos\torcs\torcs\wtorcs.exe
[15-Apr-26 22:29:50.54] TORCS_IMAGE=wtorcs.exe
[15-Apr-26 22:29:50.54] VISION_FLAG=novision
SUCCESS: The process with PID 60556 (child process of PID 57924) has been terminated.
SUCCESS: The process with PID 57924 (child process of PID 66860) has been terminated.
[15-Apr-26 22:29:50.65] taskkill wtorcs.exe exit=0
ERROR: The process "torcs.exe" not found.
[15-Apr-26 22:29:50.76] taskkill torcs.exe exit=128
ERROR: The process "wtorcs.exe" not found.
[15-Apr-26 22:29:50.77] taskkill wtorcs.exe exit=128
[15-Apr-26 22:29:51.21] TORCS_DIR=C:\Users\szymo\source\repos\torcs\torcs\
[15-Apr-26 22:29:51.21] launching without vision
[15-Apr-26 22:29:51.22] start command dispatched
[15-Apr-26 22:29:52.21] running autostart C:\Users\szymo\source\repos\torcs\gym_torcs\autostart_windows.bat
[15-Apr-26 22:29:52.21] autostart exit=0

Image Name                     PID Session Name        Session#    Mem Usage
========================= ======== ================ =========== ============
wtorcs.exe                   25928 Console                    1     65,388 K
INFO: No tasks are running which match the specified criteria.
[15-Apr-26 22:29:54.32] start_torcs_windows.bat end

[15-Apr-26 22:30:12.39] start_torcs_windows.bat begin
[15-Apr-26 22:30:12.40] TORCS_EXE=C:\Users\szymo\source\repos\torcs\torcs\wtorcs.exe
[15-Apr-26 22:30:12.41] TORCS_IMAGE=wtorcs.exe
[15-Apr-26 22:30:12.41] VISION_FLAG=novision
SUCCESS: The process with PID 66900 (child process of PID 25928) has been terminated.
SUCCESS: The process with PID 25928 (child process of PID 66888) has been terminated.
[15-Apr-26 22:30:12.52] taskkill wtorcs.exe exit=0
ERROR: The process "torcs.exe" not found.
[15-Apr-26 22:30:12.64] taskkill torcs.exe exit=128
ERROR: The process "wtorcs.exe" not found.
[15-Apr-26 22:30:12.65] taskkill wtorcs.exe exit=128
[15-Apr-26 22:30:13.20] TORCS_DIR=C:\Users\szymo\source\repos\torcs\torcs\
[15-Apr-26 22:30:13.20] launching without vision
[15-Apr-26 22:30:13.21] start command dispatched
[15-Apr-26 22:30:14.20] running autostart C:\Users\szymo\source\repos\torcs\gym_torcs\autostart_windows.bat
[15-Apr-26 22:30:14.20] autostart exit=0

Image Name                     PID Session Name        Session#    Mem Usage
========================= ======== ================ =========== ============
wtorcs.exe                   36796 Console                    1     84,348 K
INFO: No tasks are running which match the specified criteria.
[15-Apr-26 22:30:16.31] start_torcs_windows.bat end

[15-Apr-26 22:30:33.29] start_torcs_windows.bat begin
[15-Apr-26 22:30:33.30] TORCS_EXE=C:\Users\szymo\source\repos\torcs\torcs\wtorcs.exe
[15-Apr-26 22:30:33.31] TORCS_IMAGE=wtorcs.exe
[15-Apr-26 22:30:33.31] VISION_FLAG=novision
SUCCESS: The process with PID 66728 (child process of PID 36796) has been terminated.
SUCCESS: The process with PID 36796 (child process of PID 67160) has been terminated.
[15-Apr-26 22:30:33.42] taskkill wtorcs.exe exit=0
ERROR: The process "torcs.exe" not found.
[15-Apr-26 22:30:33.54] taskkill torcs.exe exit=128
ERROR: The process "wtorcs.exe" not found.
[15-Apr-26 22:30:33.55] taskkill wtorcs.exe exit=128
[15-Apr-26 22:30:34.11] TORCS_DIR=C:\Users\szymo\source\repos\torcs\torcs\
[15-Apr-26 22:30:34.11] launching without vision
[15-Apr-26 22:30:34.11] start command dispatched
[15-Apr-26 22:30:35.12] running autostart C:\Users\szymo\source\repos\torcs\gym_torcs\autostart_windows.bat
[15-Apr-26 22:30:35.12] autostart exit=0

Image Name                     PID Session Name        Session#    Mem Usage
========================= ======== ================ =========== ============
wtorcs.exe                   67024 Console                    1     83,532 K
INFO: No tasks are running which match the specified criteria.
[15-Apr-26 22:30:37.20] start_torcs_windows.bat end

[15-Apr-26 22:30:46.57] start_torcs_windows.bat begin
[15-Apr-26 22:30:46.58] TORCS_EXE=C:\Users\szymo\source\repos\torcs\torcs\wtorcs.exe
[15-Apr-26 22:30:46.58] TORCS_IMAGE=wtorcs.exe
[15-Apr-26 22:30:46.59] VISION_FLAG=novision
SUCCESS: The process with PID 58876 (child process of PID 67024) has been terminated.
SUCCESS: The process with PID 67024 (child process of PID 61640) has been terminated.
[15-Apr-26 22:30:46.70] taskkill wtorcs.exe exit=0
ERROR: The process "torcs.exe" not found.
[15-Apr-26 22:30:46.82] taskkill torcs.exe exit=128
ERROR: The process "wtorcs.exe" not found.
[15-Apr-26 22:30:46.83] taskkill wtorcs.exe exit=128
[15-Apr-26 22:30:47.15] TORCS_DIR=C:\Users\szymo\source\repos\torcs\torcs\
[15-Apr-26 22:30:47.15] launching without vision
[15-Apr-26 22:30:47.16] start command dispatched
[15-Apr-26 22:30:48.16] running autostart C:\Users\szymo\source\repos\torcs\gym_torcs\autostart_windows.bat
[15-Apr-26 22:30:48.16] autostart exit=0

Image Name                     PID Session Name        Session#    Mem Usage
========================= ======== ================ =========== ============
wtorcs.exe                   21692 Console                    1     83,992 K
INFO: No tasks are running which match the specified criteria.
[15-Apr-26 22:30:50.25] start_torcs_windows.bat end

[15-Apr-26 22:30:59.93] start_torcs_windows.bat begin
[15-Apr-26 22:30:59.94] TORCS_EXE=C:\Users\szymo\source\repos\torcs\torcs\wtorcs.exe
[15-Apr-26 22:30:59.94] TORCS_IMAGE=wtorcs.exe
[15-Apr-26 22:30:59.95] VISION_FLAG=novision
SUCCESS: The process with PID 63516 (child process of PID 21692) has been terminated.
SUCCESS: The process with PID 21692 (child process of PID 66060) has been terminated.
[15-Apr-26 22:31:00.06] taskkill wtorcs.exe exit=0
ERROR: The process "torcs.exe" not found.
[15-Apr-26 22:31:00.19] taskkill torcs.exe exit=128
ERROR: The process "wtorcs.exe" not found.
[15-Apr-26 22:31:00.19] taskkill wtorcs.exe exit=128
[15-Apr-26 22:31:01.19] TORCS_DIR=C:\Users\szymo\source\repos\torcs\torcs\
[15-Apr-26 22:31:01.19] launching without vision
[15-Apr-26 22:31:01.19] start command dispatched
[15-Apr-26 22:31:02.19] running autostart C:\Users\szymo\source\repos\torcs\gym_torcs\autostart_windows.bat
[15-Apr-26 22:31:02.19] autostart exit=0

Image Name                     PID Session Name        Session#    Mem Usage
========================= ======== ================ =========== ============
wtorcs.exe                   62892 Console                    1     83,464 K
INFO: No tasks are running which match the specified criteria.
[15-Apr-26 22:31:04.30] start_torcs_windows.bat end

[15-Apr-26 22:31:13.71] start_torcs_windows.bat begin
[15-Apr-26 22:31:13.72] TORCS_EXE=C:\Users\szymo\source\repos\torcs\torcs\wtorcs.exe
[15-Apr-26 22:31:13.72] TORCS_IMAGE=wtorcs.exe
[15-Apr-26 22:31:13.73] VISION_FLAG=novision
SUCCESS: The process with PID 61364 (child process of PID 62892) has been terminated.
SUCCESS: The process with PID 62892 (child process of PID 66920) has been terminated.
[15-Apr-26 22:31:13.84] taskkill wtorcs.exe exit=0
ERROR: The process "torcs.exe" not found.
[15-Apr-26 22:31:13.95] taskkill torcs.exe exit=128
ERROR: The process "wtorcs.exe" not found.
[15-Apr-26 22:31:13.96] taskkill wtorcs.exe exit=128
[15-Apr-26 22:31:15.16] TORCS_DIR=C:\Users\szymo\source\repos\torcs\torcs\
[15-Apr-26 22:31:15.16] launching without vision
[15-Apr-26 22:31:15.17] start command dispatched
[15-Apr-26 22:31:16.16] running autostart C:\Users\szymo\source\repos\torcs\gym_torcs\autostart_windows.bat
[15-Apr-26 22:31:16.16] autostart exit=0

Image Name                     PID Session Name        Session#    Mem Usage
========================= ======== ================ =========== ============
wtorcs.exe                   49696 Console                    1     62,364 K
INFO: No tasks are running which match the specified criteria.
[15-Apr-26 22:31:18.28] start_torcs_windows.bat end

[15-Apr-26 22:31:43.87] start_torcs_windows.bat begin
[15-Apr-26 22:31:43.88] TORCS_EXE=C:\Users\szymo\source\repos\torcs\torcs\wtorcs.exe
[15-Apr-26 22:31:43.88] TORCS_IMAGE=wtorcs.exe
[15-Apr-26 22:31:43.89] VISION_FLAG=novision
SUCCESS: The process with PID 66536 (child process of PID 49696) has been terminated.
SUCCESS: The process with PID 49696 (child process of PID 67156) has been terminated.
[15-Apr-26 22:31:44.00] taskkill wtorcs.exe exit=0
ERROR: The process "torcs.exe" not found.
[15-Apr-26 22:31:44.12] taskkill torcs.exe exit=128
ERROR: The process "wtorcs.exe" not found.
[15-Apr-26 22:31:44.12] taskkill wtorcs.exe exit=128
[15-Apr-26 22:31:45.21] TORCS_DIR=C:\Users\szymo\source\repos\torcs\torcs\
[15-Apr-26 22:31:45.21] launching without vision
[15-Apr-26 22:31:45.22] start command dispatched
[15-Apr-26 22:31:46.21] running autostart C:\Users\szymo\source\repos\torcs\gym_torcs\autostart_windows.bat
[15-Apr-26 22:31:46.21] autostart exit=0

Image Name                     PID Session Name        Session#    Mem Usage
========================= ======== ================ =========== ============
wtorcs.exe                   33192 Console                    1     82,896 K
INFO: No tasks are running which match the specified criteria.
[15-Apr-26 22:31:48.32] start_torcs_windows.bat end

[15-Apr-26 22:32:10.13] start_torcs_windows.bat begin
[15-Apr-26 22:32:10.13] TORCS_EXE=C:\Users\szymo\source\repos\torcs\torcs\wtorcs.exe
[15-Apr-26 22:32:10.14] TORCS_IMAGE=wtorcs.exe
[15-Apr-26 22:32:10.14] VISION_FLAG=novision
SUCCESS: The process with PID 66380 (child process of PID 33192) has been terminated.
SUCCESS: The process with PID 33192 (child process of PID 55388) has been terminated.
[15-Apr-26 22:32:10.25] taskkill wtorcs.exe exit=0
ERROR: The process "torcs.exe" not found.
[15-Apr-26 22:32:10.37] taskkill torcs.exe exit=128
ERROR: The process "wtorcs.exe" not found.
[15-Apr-26 22:32:10.38] taskkill wtorcs.exe exit=128
[15-Apr-26 22:32:11.14] TORCS_DIR=C:\Users\szymo\source\repos\torcs\torcs\
[15-Apr-26 22:32:11.14] launching without vision
[15-Apr-26 22:32:11.15] start command dispatched
[15-Apr-26 22:32:12.15] running autostart C:\Users\szymo\source\repos\torcs\gym_torcs\autostart_windows.bat
[15-Apr-26 22:32:12.15] autostart exit=0

Image Name                     PID Session Name        Session#    Mem Usage
========================= ======== ================ =========== ============
wtorcs.exe                   63376 Console                    1     84,892 K
INFO: No tasks are running which match the specified criteria.
[15-Apr-26 22:32:14.24] start_torcs_windows.bat end

[15-Apr-26 22:32:24.07] start_torcs_windows.bat begin
[15-Apr-26 22:32:24.08] TORCS_EXE=C:\Users\szymo\source\repos\torcs\torcs\wtorcs.exe
[15-Apr-26 22:32:24.08] TORCS_IMAGE=wtorcs.exe
[15-Apr-26 22:32:24.08] VISION_FLAG=novision
SUCCESS: The process with PID 67020 (child process of PID 63376) has been terminated.
SUCCESS: The process with PID 63376 (child process of PID 61104) has been terminated.
[15-Apr-26 22:32:24.20] taskkill wtorcs.exe exit=0
ERROR: The process "torcs.exe" not found.
[15-Apr-26 22:32:24.32] taskkill torcs.exe exit=128
ERROR: The process "wtorcs.exe" not found.
[15-Apr-26 22:32:24.33] taskkill wtorcs.exe exit=128
[15-Apr-26 22:32:25.21] TORCS_DIR=C:\Users\szymo\source\repos\torcs\torcs\
[15-Apr-26 22:32:25.21] launching without vision
[15-Apr-26 22:32:25.21] start command dispatched
[15-Apr-26 22:32:26.20] running autostart C:\Users\szymo\source\repos\torcs\gym_torcs\autostart_windows.bat
[15-Apr-26 22:32:26.20] autostart exit=0

Image Name                     PID Session Name        Session#    Mem Usage
========================= ======== ================ =========== ============
wtorcs.exe                   66840 Console                    1     82,740 K
INFO: No tasks are running which match the specified criteria.
[15-Apr-26 22:32:28.31] start_torcs_windows.bat end

[15-Apr-26 22:32:38.60] start_torcs_windows.bat begin
[15-Apr-26 22:32:38.61] TORCS_EXE=C:\Users\szymo\source\repos\torcs\torcs\wtorcs.exe
[15-Apr-26 22:32:38.62] TORCS_IMAGE=wtorcs.exe
[15-Apr-26 22:32:38.62] VISION_FLAG=novision
SUCCESS: The process with PID 67176 (child process of PID 66840) has been terminated.
SUCCESS: The process with PID 66840 (child process of PID 66620) has been terminated.
[15-Apr-26 22:32:38.72] taskkill wtorcs.exe exit=0
ERROR: The process "torcs.exe" not found.
[15-Apr-26 22:32:38.85] taskkill torcs.exe exit=128
ERROR: The process "wtorcs.exe" not found.
[15-Apr-26 22:32:38.86] taskkill wtorcs.exe exit=128
[15-Apr-26 22:32:39.20] TORCS_DIR=C:\Users\szymo\source\repos\torcs\torcs\
[15-Apr-26 22:32:39.20] launching without vision
[15-Apr-26 22:32:39.21] start command dispatched
[15-Apr-26 22:32:40.20] running autostart C:\Users\szymo\source\repos\torcs\gym_torcs\autostart_windows.bat
[15-Apr-26 22:32:40.20] autostart exit=0

Image Name                     PID Session Name        Session#    Mem Usage
========================= ======== ================ =========== ============
wtorcs.exe                   62936 Console                    1     83,132 K
INFO: No tasks are running which match the specified criteria.
[15-Apr-26 22:32:42.30] start_torcs_windows.bat end

[15-Apr-26 22:32:51.81] start_torcs_windows.bat begin
[15-Apr-26 22:32:51.82] TORCS_EXE=C:\Users\szymo\source\repos\torcs\torcs\wtorcs.exe
[15-Apr-26 22:32:51.82] TORCS_IMAGE=wtorcs.exe
[15-Apr-26 22:32:51.83] VISION_FLAG=novision
SUCCESS: The process with PID 64792 (child process of PID 62936) has been terminated.
SUCCESS: The process with PID 62936 (child process of PID 66628) has been terminated.
[15-Apr-26 22:32:51.93] taskkill wtorcs.exe exit=0
ERROR: The process "torcs.exe" not found.
[15-Apr-26 22:32:52.04] taskkill torcs.exe exit=128
ERROR: The process "wtorcs.exe" not found.
[15-Apr-26 22:32:52.04] taskkill wtorcs.exe exit=128
[15-Apr-26 22:32:53.13] TORCS_DIR=C:\Users\szymo\source\repos\torcs\torcs\
[15-Apr-26 22:32:53.13] launching without vision
[15-Apr-26 22:32:53.14] start command dispatched
[15-Apr-26 22:32:54.13] running autostart C:\Users\szymo\source\repos\torcs\gym_torcs\autostart_windows.bat
[15-Apr-26 22:32:54.13] autostart exit=0

Image Name                     PID Session Name        Session#    Mem Usage
========================= ======== ================ =========== ============
wtorcs.exe                   62288 Console                    1     85,216 K
INFO: No tasks are running which match the specified criteria.
[15-Apr-26 22:32:56.22] start_torcs_windows.bat end

[15-Apr-26 22:33:07.04] start_torcs_windows.bat begin
[15-Apr-26 22:33:07.04] TORCS_EXE=C:\Users\szymo\source\repos\torcs\torcs\wtorcs.exe
[15-Apr-26 22:33:07.05] TORCS_IMAGE=wtorcs.exe
[15-Apr-26 22:33:07.05] VISION_FLAG=novision
SUCCESS: The process with PID 58852 (child process of PID 62288) has been terminated.
SUCCESS: The process with PID 62288 (child process of PID 47596) has been terminated.
[15-Apr-26 22:33:07.16] taskkill wtorcs.exe exit=0
ERROR: The process "torcs.exe" not found.
[15-Apr-26 22:33:07.27] taskkill torcs.exe exit=128
ERROR: The process "wtorcs.exe" not found.
[15-Apr-26 22:33:07.27] taskkill wtorcs.exe exit=128
[15-Apr-26 22:33:08.15] TORCS_DIR=C:\Users\szymo\source\repos\torcs\torcs\
[15-Apr-26 22:33:08.15] launching without vision
[15-Apr-26 22:33:08.16] start command dispatched
[15-Apr-26 22:33:09.16] running autostart C:\Users\szymo\source\repos\torcs\gym_torcs\autostart_windows.bat
[15-Apr-26 22:33:09.16] autostart exit=0

Image Name                     PID Session Name        Session#    Mem Usage
========================= ======== ================ =========== ============
wtorcs.exe                   66676 Console                    1     84,664 K
INFO: No tasks are running which match the specified criteria.
[15-Apr-26 22:33:11.26] start_torcs_windows.bat end

[15-Apr-26 22:33:22.22] start_torcs_windows.bat begin
[15-Apr-26 22:33:22.23] TORCS_EXE=C:\Users\szymo\source\repos\torcs\torcs\wtorcs.exe
[15-Apr-26 22:33:22.23] TORCS_IMAGE=wtorcs.exe
[15-Apr-26 22:33:22.24] VISION_FLAG=novision
SUCCESS: The process with PID 65380 (child process of PID 66676) has been terminated.
SUCCESS: The process with PID 66676 (child process of PID 42200) has been terminated.
[15-Apr-26 22:33:22.35] taskkill wtorcs.exe exit=0
ERROR: The process "torcs.exe" not found.
[15-Apr-26 22:33:22.49] taskkill torcs.exe exit=128
ERROR: The process "wtorcs.exe" not found.
[15-Apr-26 22:33:22.49] taskkill wtorcs.exe exit=128
[15-Apr-26 22:33:23.15] TORCS_DIR=C:\Users\szymo\source\repos\torcs\torcs\
[15-Apr-26 22:33:23.15] launching without vision
[15-Apr-26 22:33:23.16] start command dispatched
[15-Apr-26 22:33:24.15] running autostart C:\Users\szymo\source\repos\torcs\gym_torcs\autostart_windows.bat
[15-Apr-26 22:33:24.15] autostart exit=0

Image Name                     PID Session Name        Session#    Mem Usage
========================= ======== ================ =========== ============
wtorcs.exe                   21708 Console                    1     84,492 K
INFO: No tasks are running which match the specified criteria.
[15-Apr-26 22:33:26.25] start_torcs_windows.bat end

[15-Apr-26 22:33:37.26] start_torcs_windows.bat begin
[15-Apr-26 22:33:37.27] TORCS_EXE=C:\Users\szymo\source\repos\torcs\torcs\wtorcs.exe
[15-Apr-26 22:33:37.28] TORCS_IMAGE=wtorcs.exe
[15-Apr-26 22:33:37.28] VISION_FLAG=novision
SUCCESS: The process with PID 65804 (child process of PID 21708) has been terminated.
SUCCESS: The process with PID 21708 (child process of PID 63388) has been terminated.
[15-Apr-26 22:33:37.39] taskkill wtorcs.exe exit=0
ERROR: The process "torcs.exe" not found.
[15-Apr-26 22:33:37.51] taskkill torcs.exe exit=128
ERROR: The process "wtorcs.exe" not found.
[15-Apr-26 22:33:37.51] taskkill wtorcs.exe exit=128
[15-Apr-26 22:33:38.17] TORCS_DIR=C:\Users\szymo\source\repos\torcs\torcs\
[15-Apr-26 22:33:38.17] launching without vision
[15-Apr-26 22:33:38.18] start command dispatched
[15-Apr-26 22:33:39.18] running autostart C:\Users\szymo\source\repos\torcs\gym_torcs\autostart_windows.bat
[15-Apr-26 22:33:39.18] autostart exit=0

Image Name                     PID Session Name        Session#    Mem Usage
========================= ======== ================ =========== ============
wtorcs.exe                   64296 Console                    1     83,180 K
INFO: No tasks are running which match the specified criteria.
[15-Apr-26 22:33:41.29] start_torcs_windows.bat end

[15-Apr-26 22:33:50.49] start_torcs_windows.bat begin
[15-Apr-26 22:33:50.50] TORCS_EXE=C:\Users\szymo\source\repos\torcs\torcs\wtorcs.exe
[15-Apr-26 22:33:50.50] TORCS_IMAGE=wtorcs.exe
[15-Apr-26 22:33:50.51] VISION_FLAG=novision
SUCCESS: The process with PID 64768 (child process of PID 64296) has been terminated.
SUCCESS: The process with PID 64296 (child process of PID 40256) has been terminated.
[15-Apr-26 22:33:50.61] taskkill wtorcs.exe exit=0
ERROR: The process "torcs.exe" not found.
[15-Apr-26 22:33:50.73] taskkill torcs.exe exit=128
ERROR: The process "wtorcs.exe" not found.
[15-Apr-26 22:33:50.73] taskkill wtorcs.exe exit=128
[15-Apr-26 22:33:51.18] TORCS_DIR=C:\Users\szymo\source\repos\torcs\torcs\
[15-Apr-26 22:33:51.18] launching without vision
[15-Apr-26 22:33:51.18] start command dispatched
[15-Apr-26 22:33:52.18] running autostart C:\Users\szymo\source\repos\torcs\gym_torcs\autostart_windows.bat
[15-Apr-26 22:33:52.18] autostart exit=0

Image Name                     PID Session Name        Session#    Mem Usage
========================= ======== ================ =========== ============
wtorcs.exe                   52256 Console                    1     85,584 K
INFO: No tasks are running which match the specified criteria.
[15-Apr-26 22:33:54.30] start_torcs_windows.bat end

[15-Apr-26 22:34:04.25] start_torcs_windows.bat begin
[15-Apr-26 22:34:04.26] TORCS_EXE=C:\Users\szymo\source\repos\torcs\torcs\wtorcs.exe
[15-Apr-26 22:34:04.27] TORCS_IMAGE=wtorcs.exe
[15-Apr-26 22:34:04.27] VISION_FLAG=novision
SUCCESS: The process with PID 62836 (child process of PID 52256) has been terminated.
SUCCESS: The process with PID 52256 (child process of PID 67144) has been terminated.
[15-Apr-26 22:34:04.38] taskkill wtorcs.exe exit=0
ERROR: The process "torcs.exe" not found.
[15-Apr-26 22:34:04.50] taskkill torcs.exe exit=128
ERROR: The process "wtorcs.exe" not found.
[15-Apr-26 22:34:04.50] taskkill wtorcs.exe exit=128
[15-Apr-26 22:34:05.15] TORCS_DIR=C:\Users\szymo\source\repos\torcs\torcs\
[15-Apr-26 22:34:05.15] launching without vision
[15-Apr-26 22:34:05.16] start command dispatched
[15-Apr-26 22:34:06.16] running autostart C:\Users\szymo\source\repos\torcs\gym_torcs\autostart_windows.bat
[15-Apr-26 22:34:06.16] autostart exit=0

Image Name                     PID Session Name        Session#    Mem Usage
========================= ======== ================ =========== ============
wtorcs.exe                   54896 Console                    1     83,548 K
INFO: No tasks are running which match the specified criteria.
[15-Apr-26 22:34:08.26] start_torcs_windows.bat end

[15-Apr-26 22:34:19.78] start_torcs_windows.bat begin
[15-Apr-26 22:34:19.79] TORCS_EXE=C:\Users\szymo\source\repos\torcs\torcs\wtorcs.exe
[15-Apr-26 22:34:19.80] TORCS_IMAGE=wtorcs.exe
[15-Apr-26 22:34:19.80] VISION_FLAG=novision
SUCCESS: The process with PID 47804 (child process of PID 54896) has been terminated.
SUCCESS: The process with PID 54896 (child process of PID 66936) has been terminated.
[15-Apr-26 22:34:19.91] taskkill wtorcs.exe exit=0
ERROR: The process "torcs.exe" not found.
[15-Apr-26 22:34:20.03] taskkill torcs.exe exit=128
ERROR: The process "wtorcs.exe" not found.
[15-Apr-26 22:34:20.03] taskkill wtorcs.exe exit=128
[15-Apr-26 22:34:21.13] TORCS_DIR=C:\Users\szymo\source\repos\torcs\torcs\
[15-Apr-26 22:34:21.13] launching without vision
[15-Apr-26 22:34:21.14] start command dispatched
[15-Apr-26 22:34:22.13] running autostart C:\Users\szymo\source\repos\torcs\gym_torcs\autostart_windows.bat
[15-Apr-26 22:34:22.13] autostart exit=0

Image Name                     PID Session Name        Session#    Mem Usage
========================= ======== ================ =========== ============
wtorcs.exe                   67080 Console                    1     62,412 K
INFO: No tasks are running which match the specified criteria.
[15-Apr-26 22:34:24.25] start_torcs_windows.bat end

[15-Apr-26 22:34:43.79] start_torcs_windows.bat begin
[15-Apr-26 22:34:43.80] TORCS_EXE=C:\Users\szymo\source\repos\torcs\torcs\wtorcs.exe
[15-Apr-26 22:34:43.80] TORCS_IMAGE=wtorcs.exe
[15-Apr-26 22:34:43.80] VISION_FLAG=novision
SUCCESS: The process with PID 59216 (child process of PID 67080) has been terminated.
SUCCESS: The process with PID 67080 (child process of PID 62168) has been terminated.
[15-Apr-26 22:34:43.91] taskkill wtorcs.exe exit=0
ERROR: The process "torcs.exe" not found.
[15-Apr-26 22:34:44.03] taskkill torcs.exe exit=128
ERROR: The process "wtorcs.exe" not found.
[15-Apr-26 22:34:44.03] taskkill wtorcs.exe exit=128
[15-Apr-26 22:34:45.13] TORCS_DIR=C:\Users\szymo\source\repos\torcs\torcs\
[15-Apr-26 22:34:45.13] launching without vision
[15-Apr-26 22:34:45.14] start command dispatched
[15-Apr-26 22:34:46.12] running autostart C:\Users\szymo\source\repos\torcs\gym_torcs\autostart_windows.bat
[15-Apr-26 22:34:46.12] autostart exit=0

Image Name                     PID Session Name        Session#    Mem Usage
========================= ======== ================ =========== ============
wtorcs.exe                    7736 Console                    1     82,908 K
INFO: No tasks are running which match the specified criteria.
[15-Apr-26 22:34:48.22] start_torcs_windows.bat end

[15-Apr-26 22:34:58.06] start_torcs_windows.bat begin
[15-Apr-26 22:34:58.07] TORCS_EXE=C:\Users\szymo\source\repos\torcs\torcs\wtorcs.exe
[15-Apr-26 22:34:58.08] TORCS_IMAGE=wtorcs.exe
[15-Apr-26 22:34:58.08] VISION_FLAG=novision
SUCCESS: The process with PID 66744 (child process of PID 7736) has been terminated.
SUCCESS: The process with PID 7736 (child process of PID 64044) has been terminated.
[15-Apr-26 22:34:58.19] taskkill wtorcs.exe exit=0
ERROR: The process "torcs.exe" not found.
[15-Apr-26 22:34:58.30] taskkill torcs.exe exit=128
ERROR: The process "wtorcs.exe" not found.
[15-Apr-26 22:34:58.31] taskkill wtorcs.exe exit=128
[15-Apr-26 22:34:59.20] TORCS_DIR=C:\Users\szymo\source\repos\torcs\torcs\
[15-Apr-26 22:34:59.20] launching without vision
[15-Apr-26 22:34:59.20] start command dispatched
[15-Apr-26 22:35:00.20] running autostart C:\Users\szymo\source\repos\torcs\gym_torcs\autostart_windows.bat
[15-Apr-26 22:35:00.20] autostart exit=0

Image Name                     PID Session Name        Session#    Mem Usage
========================= ======== ================ =========== ============
wtorcs.exe                   53316 Console                    1     62,484 K
INFO: No tasks are running which match the specified criteria.
[15-Apr-26 22:35:02.31] start_torcs_windows.bat end

[15-Apr-26 22:35:18.46] start_torcs_windows.bat begin
[15-Apr-26 22:35:18.47] TORCS_EXE=C:\Users\szymo\source\repos\torcs\torcs\wtorcs.exe
[15-Apr-26 22:35:18.48] TORCS_IMAGE=wtorcs.exe
[15-Apr-26 22:35:18.48] VISION_FLAG=novision
SUCCESS: The process with PID 53964 (child process of PID 53316) has been terminated.
SUCCESS: The process with PID 53316 (child process of PID 14100) has been terminated.
[15-Apr-26 22:35:18.59] taskkill wtorcs.exe exit=0
ERROR: The process "torcs.exe" not found.
[15-Apr-26 22:35:18.72] taskkill torcs.exe exit=128
ERROR: The process "wtorcs.exe" not found.
[15-Apr-26 22:35:18.73] taskkill wtorcs.exe exit=128
[15-Apr-26 22:35:19.16] TORCS_DIR=C:\Users\szymo\source\repos\torcs\torcs\
[15-Apr-26 22:35:19.16] launching without vision
[15-Apr-26 22:35:19.17] start command dispatched
[15-Apr-26 22:35:20.17] running autostart C:\Users\szymo\source\repos\torcs\gym_torcs\autostart_windows.bat
[15-Apr-26 22:35:20.17] autostart exit=0

Image Name                     PID Session Name        Session#    Mem Usage
========================= ======== ================ =========== ============
wtorcs.exe                    5672 Console                    1     83,668 K
INFO: No tasks are running which match the specified criteria.
[15-Apr-26 22:35:22.27] start_torcs_windows.bat end

[15-Apr-26 22:35:34.16] start_torcs_windows.bat begin
[15-Apr-26 22:35:34.17] TORCS_EXE=C:\Users\szymo\source\repos\torcs\torcs\wtorcs.exe
[15-Apr-26 22:35:34.17] TORCS_IMAGE=wtorcs.exe
[15-Apr-26 22:35:34.18] VISION_FLAG=novision
SUCCESS: The process with PID 61496 (child process of PID 5672) has been terminated.
SUCCESS: The process with PID 5672 (child process of PID 57340) has been terminated.
[15-Apr-26 22:35:34.30] taskkill wtorcs.exe exit=0
ERROR: The process "torcs.exe" not found.
[15-Apr-26 22:35:34.43] taskkill torcs.exe exit=128
ERROR: The process "wtorcs.exe" not found.
[15-Apr-26 22:35:34.43] taskkill wtorcs.exe exit=128
[15-Apr-26 22:35:35.20] TORCS_DIR=C:\Users\szymo\source\repos\torcs\torcs\
[15-Apr-26 22:35:35.20] launching without vision
[15-Apr-26 22:35:35.21] start command dispatched
[15-Apr-26 22:35:36.20] running autostart C:\Users\szymo\source\repos\torcs\gym_torcs\autostart_windows.bat
[15-Apr-26 22:35:36.20] autostart exit=0

Image Name                     PID Session Name        Session#    Mem Usage
========================= ======== ================ =========== ============
wtorcs.exe                   64600 Console                    1     85,088 K
INFO: No tasks are running which match the specified criteria.
[15-Apr-26 22:35:38.30] start_torcs_windows.bat end

[15-Apr-26 22:35:48.61] start_torcs_windows.bat begin
[15-Apr-26 22:35:48.61] TORCS_EXE=C:\Users\szymo\source\repos\torcs\torcs\wtorcs.exe
[15-Apr-26 22:35:48.62] TORCS_IMAGE=wtorcs.exe
[15-Apr-26 22:35:48.62] VISION_FLAG=novision
SUCCESS: The process with PID 57656 (child process of PID 64600) has been terminated.
SUCCESS: The process with PID 64600 (child process of PID 66572) has been terminated.
[15-Apr-26 22:35:48.74] taskkill wtorcs.exe exit=0
ERROR: The process "torcs.exe" not found.
[15-Apr-26 22:35:48.87] taskkill torcs.exe exit=128
ERROR: The process "wtorcs.exe" not found.
[15-Apr-26 22:35:48.87] taskkill wtorcs.exe exit=128
[15-Apr-26 22:35:49.20] TORCS_DIR=C:\Users\szymo\source\repos\torcs\torcs\
[15-Apr-26 22:35:49.20] launching without vision
[15-Apr-26 22:35:49.21] start command dispatched
[15-Apr-26 22:35:50.20] running autostart C:\Users\szymo\source\repos\torcs\gym_torcs\autostart_windows.bat
[15-Apr-26 22:35:50.20] autostart exit=0

Image Name                     PID Session Name        Session#    Mem Usage
========================= ======== ================ =========== ============
wtorcs.exe                   54424 Console                    1     84,328 K
INFO: No tasks are running which match the specified criteria.
[15-Apr-26 22:35:52.31] start_torcs_windows.bat end

[15-Apr-26 22:36:01.53] start_torcs_windows.bat begin
[15-Apr-26 22:36:01.54] TORCS_EXE=C:\Users\szymo\source\repos\torcs\torcs\wtorcs.exe
[15-Apr-26 22:36:01.54] TORCS_IMAGE=wtorcs.exe
[15-Apr-26 22:36:01.55] VISION_FLAG=novision
SUCCESS: The process with PID 61100 (child process of PID 54424) has been terminated.
SUCCESS: The process with PID 54424 (child process of PID 67424) has been terminated.
[15-Apr-26 22:36:01.66] taskkill wtorcs.exe exit=0
ERROR: The process "torcs.exe" not found.
[15-Apr-26 22:36:01.78] taskkill torcs.exe exit=128
ERROR: The process "wtorcs.exe" not found.
[15-Apr-26 22:36:01.79] taskkill wtorcs.exe exit=128
[15-Apr-26 22:36:02.12] TORCS_DIR=C:\Users\szymo\source\repos\torcs\torcs\
[15-Apr-26 22:36:02.12] launching without vision
[15-Apr-26 22:36:02.13] start command dispatched
[15-Apr-26 22:36:03.13] running autostart C:\Users\szymo\source\repos\torcs\gym_torcs\autostart_windows.bat
[15-Apr-26 22:36:03.13] autostart exit=0

Image Name                     PID Session Name        Session#    Mem Usage
========================= ======== ================ =========== ============
wtorcs.exe                   58524 Console                    1     84,736 K
INFO: No tasks are running which match the specified criteria.
[15-Apr-26 22:36:05.25] start_torcs_windows.bat end

[15-Apr-26 22:36:16.65] start_torcs_windows.bat begin
[15-Apr-26 22:36:16.65] TORCS_EXE=C:\Users\szymo\source\repos\torcs\torcs\wtorcs.exe
[15-Apr-26 22:36:16.66] TORCS_IMAGE=wtorcs.exe
[15-Apr-26 22:36:16.66] VISION_FLAG=novision
SUCCESS: The process with PID 67536 (child process of PID 58524) has been terminated.
SUCCESS: The process with PID 58524 (child process of PID 61988) has been terminated.
[15-Apr-26 22:36:16.77] taskkill wtorcs.exe exit=0
ERROR: The process "torcs.exe" not found.
[15-Apr-26 22:36:16.89] taskkill torcs.exe exit=128
ERROR: The process "wtorcs.exe" not found.
[15-Apr-26 22:36:16.90] taskkill wtorcs.exe exit=128
[15-Apr-26 22:36:18.11] TORCS_DIR=C:\Users\szymo\source\repos\torcs\torcs\
[15-Apr-26 22:36:18.11] launching without vision
[15-Apr-26 22:36:18.12] start command dispatched
[15-Apr-26 22:36:19.11] running autostart C:\Users\szymo\source\repos\torcs\gym_torcs\autostart_windows.bat
[15-Apr-26 22:36:19.11] autostart exit=0

Image Name                     PID Session Name        Session#    Mem Usage
========================= ======== ================ =========== ============
wtorcs.exe                   53716 Console                    1     83,652 K
INFO: No tasks are running which match the specified criteria.
[15-Apr-26 22:36:21.20] start_torcs_windows.bat end

[15-Apr-26 22:36:31.18] start_torcs_windows.bat begin
[15-Apr-26 22:36:31.18] TORCS_EXE=C:\Users\szymo\source\repos\torcs\torcs\wtorcs.exe
[15-Apr-26 22:36:31.19] TORCS_IMAGE=wtorcs.exe
[15-Apr-26 22:36:31.20] VISION_FLAG=novision
SUCCESS: The process with PID 61736 (child process of PID 53716) has been terminated.
SUCCESS: The process with PID 53716 (child process of PID 60636) has been terminated.
[15-Apr-26 22:36:31.30] taskkill wtorcs.exe exit=0
ERROR: The process "torcs.exe" not found.
[15-Apr-26 22:36:31.42] taskkill torcs.exe exit=128
ERROR: The process "wtorcs.exe" not found.
[15-Apr-26 22:36:31.42] taskkill wtorcs.exe exit=128
[15-Apr-26 22:36:32.19] TORCS_DIR=C:\Users\szymo\source\repos\torcs\torcs\
[15-Apr-26 22:36:32.19] launching without vision
[15-Apr-26 22:36:32.20] start command dispatched
[15-Apr-26 22:36:33.20] running autostart C:\Users\szymo\source\repos\torcs\gym_torcs\autostart_windows.bat
[15-Apr-26 22:36:33.20] autostart exit=0
INFO: No tasks are running which match the specified criteria.
INFO: No tasks are running which match the specified criteria.
[15-Apr-26 22:36:35.32] start_torcs_windows.bat end

[15-Apr-26 22:36:45.33] start_torcs_windows.bat begin
[15-Apr-26 22:36:45.33] TORCS_EXE=C:\Users\szymo\source\repos\torcs\torcs\wtorcs.exe
[15-Apr-26 22:36:45.34] TORCS_IMAGE=wtorcs.exe
[15-Apr-26 22:36:45.34] VISION_FLAG=novision
ERROR: The process "wtorcs.exe" not found.
[15-Apr-26 22:36:45.44] taskkill wtorcs.exe exit=128
ERROR: The process "torcs.exe" not found.
[15-Apr-26 22:36:45.54] taskkill torcs.exe exit=128
ERROR: The process "wtorcs.exe" not found.
[15-Apr-26 22:36:45.55] taskkill wtorcs.exe exit=128
[15-Apr-26 22:36:46.21] TORCS_DIR=C:\Users\szymo\source\repos\torcs\torcs\
[15-Apr-26 22:36:46.21] launching without vision
[15-Apr-26 22:36:46.22] start command dispatched
[15-Apr-26 22:36:47.11] running autostart C:\Users\szymo\source\repos\torcs\gym_torcs\autostart_windows.bat
[15-Apr-26 22:36:47.11] autostart exit=0

Image Name                     PID Session Name        Session#    Mem Usage
========================= ======== ================ =========== ============
wtorcs.exe                   62136 Console                    1     84,688 K
INFO: No tasks are running which match the specified criteria.
[15-Apr-26 22:36:49.21] start_torcs_windows.bat end

[15-Apr-26 22:36:52.24] start_torcs_windows.bat begin
[15-Apr-26 22:36:52.25] TORCS_EXE=C:\Users\szymo\source\repos\torcs\torcs\wtorcs.exe
[15-Apr-26 22:36:52.25] TORCS_IMAGE=wtorcs.exe
[15-Apr-26 22:36:52.26] VISION_FLAG=novision
SUCCESS: The process with PID 67504 (child process of PID 62136) has been terminated.
SUCCESS: The process with PID 62136 (child process of PID 65304) has been terminated.
[15-Apr-26 22:36:52.36] taskkill wtorcs.exe exit=0
ERROR: The process "torcs.exe" not found.
[15-Apr-26 22:36:52.49] taskkill torcs.exe exit=128
ERROR: The process "wtorcs.exe" not found.
[15-Apr-26 22:36:52.49] taskkill wtorcs.exe exit=128
[15-Apr-26 22:36:53.16] TORCS_DIR=C:\Users\szymo\source\repos\torcs\torcs\
[15-Apr-26 22:36:53.16] launching without vision
[15-Apr-26 22:36:53.17] start command dispatched
[15-Apr-26 22:36:54.16] running autostart C:\Users\szymo\source\repos\torcs\gym_torcs\autostart_windows.bat
[15-Apr-26 22:36:54.16] autostart exit=0

Image Name                     PID Session Name        Session#    Mem Usage
========================= ======== ================ =========== ============
wtorcs.exe                   13088 Console                    1     83,196 K
INFO: No tasks are running which match the specified criteria.
[15-Apr-26 22:36:56.27] start_torcs_windows.bat end

[15-Apr-26 22:37:06.40] start_torcs_windows.bat begin
[15-Apr-26 22:37:06.41] TORCS_EXE=C:\Users\szymo\source\repos\torcs\torcs\wtorcs.exe
[15-Apr-26 22:37:06.42] TORCS_IMAGE=wtorcs.exe
[15-Apr-26 22:37:06.42] VISION_FLAG=novision
SUCCESS: The process with PID 67344 (child process of PID 13088) has been terminated.
SUCCESS: The process with PID 13088 (child process of PID 55656) has been terminated.
[15-Apr-26 22:37:06.54] taskkill wtorcs.exe exit=0
ERROR: The process "torcs.exe" not found.
[15-Apr-26 22:37:06.65] taskkill torcs.exe exit=128
ERROR: The process "wtorcs.exe" not found.
[15-Apr-26 22:37:06.66] taskkill wtorcs.exe exit=128
[15-Apr-26 22:37:07.21] TORCS_DIR=C:\Users\szymo\source\repos\torcs\torcs\
[15-Apr-26 22:37:07.21] launching without vision
[15-Apr-26 22:37:07.22] start command dispatched
[15-Apr-26 22:37:08.21] running autostart C:\Users\szymo\source\repos\torcs\gym_torcs\autostart_windows.bat
[15-Apr-26 22:37:08.21] autostart exit=0

Image Name                     PID Session Name        Session#    Mem Usage
========================= ======== ================ =========== ============
wtorcs.exe                   64204 Console                    1     85,256 K
INFO: No tasks are running which match the specified criteria.
[15-Apr-26 22:37:10.32] start_torcs_windows.bat end

[15-Apr-26 22:37:20.37] start_torcs_windows.bat begin
[15-Apr-26 22:37:20.37] TORCS_EXE=C:\Users\szymo\source\repos\torcs\torcs\wtorcs.exe
[15-Apr-26 22:37:20.38] TORCS_IMAGE=wtorcs.exe
[15-Apr-26 22:37:20.38] VISION_FLAG=novision
SUCCESS: The process with PID 59316 (child process of PID 64204) has been terminated.
SUCCESS: The process with PID 64204 (child process of PID 54708) has been terminated.
[15-Apr-26 22:37:20.49] taskkill wtorcs.exe exit=0
ERROR: The process "torcs.exe" not found.
[15-Apr-26 22:37:20.61] taskkill torcs.exe exit=128
ERROR: The process "wtorcs.exe" not found.
[15-Apr-26 22:37:20.61] taskkill wtorcs.exe exit=128
[15-Apr-26 22:37:21.16] TORCS_DIR=C:\Users\szymo\source\repos\torcs\torcs\
[15-Apr-26 22:37:21.16] launching without vision
[15-Apr-26 22:37:21.17] start command dispatched
[15-Apr-26 22:37:22.16] running autostart C:\Users\szymo\source\repos\torcs\gym_torcs\autostart_windows.bat
[15-Apr-26 22:37:22.16] autostart exit=0

Image Name                     PID Session Name        Session#    Mem Usage
========================= ======== ================ =========== ============
wtorcs.exe                   61776 Console                    1     83,184 K
INFO: No tasks are running which match the specified criteria.
[15-Apr-26 22:37:24.25] start_torcs_windows.bat end

[15-Apr-26 22:37:36.68] start_torcs_windows.bat begin
[15-Apr-26 22:37:36.69] TORCS_EXE=C:\Users\szymo\source\repos\torcs\torcs\wtorcs.exe
[15-Apr-26 22:37:36.69] TORCS_IMAGE=wtorcs.exe
[15-Apr-26 22:37:36.69] VISION_FLAG=novision
SUCCESS: The process with PID 45812 (child process of PID 61776) has been terminated.
SUCCESS: The process with PID 61776 (child process of PID 62032) has been terminated.
[15-Apr-26 22:37:36.81] taskkill wtorcs.exe exit=0
ERROR: The process "torcs.exe" not found.
[15-Apr-26 22:37:36.92] taskkill torcs.exe exit=128
ERROR: The process "wtorcs.exe" not found.
[15-Apr-26 22:37:36.93] taskkill wtorcs.exe exit=128
[15-Apr-26 22:37:38.14] TORCS_DIR=C:\Users\szymo\source\repos\torcs\torcs\
[15-Apr-26 22:37:38.14] launching without vision
[15-Apr-26 22:37:38.15] start command dispatched
[15-Apr-26 22:37:39.14] running autostart C:\Users\szymo\source\repos\torcs\gym_torcs\autostart_windows.bat
[15-Apr-26 22:37:39.14] autostart exit=0

Image Name                     PID Session Name        Session#    Mem Usage
========================= ======== ================ =========== ============
wtorcs.exe                   64480 Console                    1     83,268 K
INFO: No tasks are running which match the specified criteria.
[15-Apr-26 22:37:41.25] start_torcs_windows.bat end

[15-Apr-26 22:38:04.52] start_torcs_windows.bat begin
[15-Apr-26 22:38:04.53] TORCS_EXE=C:\Users\szymo\source\repos\torcs\torcs\wtorcs.exe
[15-Apr-26 22:38:04.53] TORCS_IMAGE=wtorcs.exe
[15-Apr-26 22:38:04.54] VISION_FLAG=novision
SUCCESS: The process with PID 63624 (child process of PID 64480) has been terminated.
SUCCESS: The process with PID 64480 (child process of PID 63444) has been terminated.
[15-Apr-26 22:38:04.65] taskkill wtorcs.exe exit=0
ERROR: The process "torcs.exe" not found.
[15-Apr-26 22:38:04.76] taskkill torcs.exe exit=128
ERROR: The process "wtorcs.exe" not found.
[15-Apr-26 22:38:04.77] taskkill wtorcs.exe exit=128
[15-Apr-26 22:38:05.21] TORCS_DIR=C:\Users\szymo\source\repos\torcs\torcs\
[15-Apr-26 22:38:05.21] launching without vision
[15-Apr-26 22:38:05.21] start command dispatched
[15-Apr-26 22:38:06.21] running autostart C:\Users\szymo\source\repos\torcs\gym_torcs\autostart_windows.bat
[15-Apr-26 22:38:06.21] autostart exit=0

Image Name                     PID Session Name        Session#    Mem Usage
========================= ======== ================ =========== ============
wtorcs.exe                   67672 Console                    1     83,720 K
INFO: No tasks are running which match the specified criteria.
[15-Apr-26 22:38:08.33] start_torcs_windows.bat end

[15-Apr-26 22:38:17.78] start_torcs_windows.bat begin
[15-Apr-26 22:38:17.79] TORCS_EXE=C:\Users\szymo\source\repos\torcs\torcs\wtorcs.exe
[15-Apr-26 22:38:17.79] TORCS_IMAGE=wtorcs.exe
[15-Apr-26 22:38:17.80] VISION_FLAG=novision
SUCCESS: The process with PID 67692 (child process of PID 67672) has been terminated.
SUCCESS: The process with PID 67672 (child process of PID 68484) has been terminated.
[15-Apr-26 22:38:17.91] taskkill wtorcs.exe exit=0
ERROR: The process "torcs.exe" not found.
[15-Apr-26 22:38:18.03] taskkill torcs.exe exit=128
ERROR: The process "wtorcs.exe" not found.
[15-Apr-26 22:38:18.03] taskkill wtorcs.exe exit=128
[15-Apr-26 22:38:19.13] TORCS_DIR=C:\Users\szymo\source\repos\torcs\torcs\
[15-Apr-26 22:38:19.13] launching without vision
[15-Apr-26 22:38:19.14] start command dispatched
[15-Apr-26 22:38:20.13] running autostart C:\Users\szymo\source\repos\torcs\gym_torcs\autostart_windows.bat
[15-Apr-26 22:38:20.13] autostart exit=0

Image Name                     PID Session Name        Session#    Mem Usage
========================= ======== ================ =========== ============
wtorcs.exe                   67632 Console                    1     84,924 K
INFO: No tasks are running which match the specified criteria.
[15-Apr-26 22:38:22.23] start_torcs_windows.bat end

[15-Apr-26 22:38:32.29] start_torcs_windows.bat begin
[15-Apr-26 22:38:32.30] TORCS_EXE=C:\Users\szymo\source\repos\torcs\torcs\wtorcs.exe
[15-Apr-26 22:38:32.30] TORCS_IMAGE=wtorcs.exe
[15-Apr-26 22:38:32.31] VISION_FLAG=novision
SUCCESS: The process with PID 67660 (child process of PID 67632) has been terminated.
SUCCESS: The process with PID 67632 (child process of PID 16512) has been terminated.
[15-Apr-26 22:38:32.42] taskkill wtorcs.exe exit=0
ERROR: The process "torcs.exe" not found.
[15-Apr-26 22:38:32.54] taskkill torcs.exe exit=128
ERROR: The process "wtorcs.exe" not found.
[15-Apr-26 22:38:32.55] taskkill wtorcs.exe exit=128
[15-Apr-26 22:38:33.21] TORCS_DIR=C:\Users\szymo\source\repos\torcs\torcs\
[15-Apr-26 22:38:33.21] launching without vision
[15-Apr-26 22:38:33.22] start command dispatched
[15-Apr-26 22:38:34.21] running autostart C:\Users\szymo\source\repos\torcs\gym_torcs\autostart_windows.bat
[15-Apr-26 22:38:34.21] autostart exit=0

Image Name                     PID Session Name        Session#    Mem Usage
========================= ======== ================ =========== ============
wtorcs.exe                   21568 Console                    1     85,064 K
INFO: No tasks are running which match the specified criteria.
[15-Apr-26 22:38:36.31] start_torcs_windows.bat end

[15-Apr-26 22:38:46.91] start_torcs_windows.bat begin
[15-Apr-26 22:38:46.91] TORCS_EXE=C:\Users\szymo\source\repos\torcs\torcs\wtorcs.exe
[15-Apr-26 22:38:46.92] TORCS_IMAGE=wtorcs.exe
[15-Apr-26 22:38:46.92] VISION_FLAG=novision
SUCCESS: The process with PID 68256 (child process of PID 21568) has been terminated.
SUCCESS: The process with PID 21568 (child process of PID 56584) has been terminated.
[15-Apr-26 22:38:47.03] taskkill wtorcs.exe exit=0
ERROR: The process "torcs.exe" not found.
[15-Apr-26 22:38:47.15] taskkill torcs.exe exit=128
ERROR: The process "wtorcs.exe" not found.
[15-Apr-26 22:38:47.15] taskkill wtorcs.exe exit=128
[15-Apr-26 22:38:48.14] TORCS_DIR=C:\Users\szymo\source\repos\torcs\torcs\
[15-Apr-26 22:38:48.14] launching without vision
[15-Apr-26 22:38:48.15] start command dispatched
[15-Apr-26 22:38:49.14] running autostart C:\Users\szymo\source\repos\torcs\gym_torcs\autostart_windows.bat
[15-Apr-26 22:38:49.14] autostart exit=0

Image Name                     PID Session Name        Session#    Mem Usage
========================= ======== ================ =========== ============
wtorcs.exe                   67320 Console                    1     83,608 K
INFO: No tasks are running which match the specified criteria.
[15-Apr-26 22:38:51.26] start_torcs_windows.bat end

[15-Apr-26 22:39:02.99] start_torcs_windows.bat begin
[15-Apr-26 22:39:02.99] TORCS_EXE=C:\Users\szymo\source\repos\torcs\torcs\wtorcs.exe
[15-Apr-26 22:39:03.00] TORCS_IMAGE=wtorcs.exe
[15-Apr-26 22:39:03.00] VISION_FLAG=novision
SUCCESS: The process with PID 68532 (child process of PID 67320) has been terminated.
SUCCESS: The process with PID 67320 (child process of PID 67980) has been terminated.
[15-Apr-26 22:39:03.11] taskkill wtorcs.exe exit=0
ERROR: The process "torcs.exe" not found.
[15-Apr-26 22:39:03.24] taskkill torcs.exe exit=128
ERROR: The process "wtorcs.exe" not found.
[15-Apr-26 22:39:03.24] taskkill wtorcs.exe exit=128
[15-Apr-26 22:39:04.12] TORCS_DIR=C:\Users\szymo\source\repos\torcs\torcs\
[15-Apr-26 22:39:04.12] launching without vision
[15-Apr-26 22:39:04.13] start command dispatched
[15-Apr-26 22:39:05.12] running autostart C:\Users\szymo\source\repos\torcs\gym_torcs\autostart_windows.bat
[15-Apr-26 22:39:05.12] autostart exit=0

Image Name                     PID Session Name        Session#    Mem Usage
========================= ======== ================ =========== ============
wtorcs.exe                   67620 Console                    1     82,880 K
INFO: No tasks are running which match the specified criteria.
[15-Apr-26 22:39:07.24] start_torcs_windows.bat end

[15-Apr-26 22:39:17.17] start_torcs_windows.bat begin
[15-Apr-26 22:39:17.17] TORCS_EXE=C:\Users\szymo\source\repos\torcs\torcs\wtorcs.exe
[15-Apr-26 22:39:17.18] TORCS_IMAGE=wtorcs.exe
[15-Apr-26 22:39:17.18] VISION_FLAG=novision
SUCCESS: The process with PID 67596 (child process of PID 67620) has been terminated.
SUCCESS: The process with PID 67620 (child process of PID 61964) has been terminated.
[15-Apr-26 22:39:17.29] taskkill wtorcs.exe exit=0
ERROR: The process "torcs.exe" not found.
[15-Apr-26 22:39:17.41] taskkill torcs.exe exit=128
ERROR: The process "wtorcs.exe" not found.
[15-Apr-26 22:39:17.41] taskkill wtorcs.exe exit=128
[15-Apr-26 22:39:18.20] TORCS_DIR=C:\Users\szymo\source\repos\torcs\torcs\
[15-Apr-26 22:39:18.20] launching without vision
[15-Apr-26 22:39:18.20] start command dispatched
[15-Apr-26 22:39:19.20] running autostart C:\Users\szymo\source\repos\torcs\gym_torcs\autostart_windows.bat
[15-Apr-26 22:39:19.20] autostart exit=0

Image Name                     PID Session Name        Session#    Mem Usage
========================= ======== ================ =========== ============
wtorcs.exe                   59712 Console                    1     84,228 K
INFO: No tasks are running which match the specified criteria.
[15-Apr-26 22:39:21.33] start_torcs_windows.bat end

[15-Apr-26 22:39:33.65] start_torcs_windows.bat begin
[15-Apr-26 22:39:33.65] TORCS_EXE=C:\Users\szymo\source\repos\torcs\torcs\wtorcs.exe
[15-Apr-26 22:39:33.66] TORCS_IMAGE=wtorcs.exe
[15-Apr-26 22:39:33.66] VISION_FLAG=novision
SUCCESS: The process with PID 67732 (child process of PID 59712) has been terminated.
SUCCESS: The process with PID 59712 (child process of PID 68500) has been terminated.
[15-Apr-26 22:39:33.78] taskkill wtorcs.exe exit=0
ERROR: The process "torcs.exe" not found.
[15-Apr-26 22:39:33.89] taskkill torcs.exe exit=128
ERROR: The process "wtorcs.exe" not found.
[15-Apr-26 22:39:33.90] taskkill wtorcs.exe exit=128
[15-Apr-26 22:39:35.11] TORCS_DIR=C:\Users\szymo\source\repos\torcs\torcs\
[15-Apr-26 22:39:35.11] launching without vision
[15-Apr-26 22:39:35.12] start command dispatched
[15-Apr-26 22:39:36.11] running autostart C:\Users\szymo\source\repos\torcs\gym_torcs\autostart_windows.bat
[15-Apr-26 22:39:36.11] autostart exit=0

Image Name                     PID Session Name        Session#    Mem Usage
========================= ======== ================ =========== ============
wtorcs.exe                   65780 Console                    1     84,156 K
INFO: No tasks are running which match the specified criteria.
[15-Apr-26 22:39:38.24] start_torcs_windows.bat end

[15-Apr-26 22:39:46.92] start_torcs_windows.bat begin
[15-Apr-26 22:39:46.93] TORCS_EXE=C:\Users\szymo\source\repos\torcs\torcs\wtorcs.exe
[15-Apr-26 22:39:46.93] TORCS_IMAGE=wtorcs.exe
[15-Apr-26 22:39:46.94] VISION_FLAG=novision
SUCCESS: The process with PID 67924 (child process of PID 65780) has been terminated.
SUCCESS: The process with PID 65780 (child process of PID 63824) has been terminated.
[15-Apr-26 22:39:47.05] taskkill wtorcs.exe exit=0
ERROR: The process "torcs.exe" not found.
[15-Apr-26 22:39:47.17] taskkill torcs.exe exit=128
ERROR: The process "wtorcs.exe" not found.
[15-Apr-26 22:39:47.17] taskkill wtorcs.exe exit=128
[15-Apr-26 22:39:48.16] TORCS_DIR=C:\Users\szymo\source\repos\torcs\torcs\
[15-Apr-26 22:39:48.16] launching without vision
[15-Apr-26 22:39:48.17] start command dispatched
[15-Apr-26 22:39:49.17] running autostart C:\Users\szymo\source\repos\torcs\gym_torcs\autostart_windows.bat
[15-Apr-26 22:39:49.17] autostart exit=0

Image Name                     PID Session Name        Session#    Mem Usage
========================= ======== ================ =========== ============
wtorcs.exe                   57464 Console                    1     83,596 K
INFO: No tasks are running which match the specified criteria.
[15-Apr-26 22:39:51.30] start_torcs_windows.bat end

[15-Apr-26 22:40:09.07] start_torcs_windows.bat begin
[15-Apr-26 22:40:09.08] TORCS_EXE=C:\Users\szymo\source\repos\torcs\torcs\wtorcs.exe
[15-Apr-26 22:40:09.08] TORCS_IMAGE=wtorcs.exe
[15-Apr-26 22:40:09.09] VISION_FLAG=novision
SUCCESS: The process with PID 17152 (child process of PID 57464) has been terminated.
SUCCESS: The process with PID 57464 (child process of PID 67612) has been terminated.
[15-Apr-26 22:40:09.20] taskkill wtorcs.exe exit=0
ERROR: The process "torcs.exe" not found.
[15-Apr-26 22:40:09.31] taskkill torcs.exe exit=128
ERROR: The process "wtorcs.exe" not found.
[15-Apr-26 22:40:09.32] taskkill wtorcs.exe exit=128
[15-Apr-26 22:40:10.20] TORCS_DIR=C:\Users\szymo\source\repos\torcs\torcs\
[15-Apr-26 22:40:10.20] launching without vision
[15-Apr-26 22:40:10.21] start command dispatched
[15-Apr-26 22:40:11.20] running autostart C:\Users\szymo\source\repos\torcs\gym_torcs\autostart_windows.bat
[15-Apr-26 22:40:11.20] autostart exit=0

Image Name                     PID Session Name        Session#    Mem Usage
========================= ======== ================ =========== ============
wtorcs.exe                   67784 Console                    1     83,812 K
INFO: No tasks are running which match the specified criteria.
[15-Apr-26 22:40:13.33] start_torcs_windows.bat end

[15-Apr-26 22:40:23.97] start_torcs_windows.bat begin
[15-Apr-26 22:40:23.98] TORCS_EXE=C:\Users\szymo\source\repos\torcs\torcs\wtorcs.exe
[15-Apr-26 22:40:23.98] TORCS_IMAGE=wtorcs.exe
[15-Apr-26 22:40:23.99] VISION_FLAG=novision
SUCCESS: The process with PID 68108 (child process of PID 67784) has been terminated.
SUCCESS: The process with PID 67784 (child process of PID 45168) has been terminated.
[15-Apr-26 22:40:24.10] taskkill wtorcs.exe exit=0
ERROR: The process "torcs.exe" not found.
[15-Apr-26 22:40:24.22] taskkill torcs.exe exit=128
ERROR: The process "wtorcs.exe" not found.
[15-Apr-26 22:40:24.22] taskkill wtorcs.exe exit=128
[15-Apr-26 22:40:25.21] TORCS_DIR=C:\Users\szymo\source\repos\torcs\torcs\
[15-Apr-26 22:40:25.21] launching without vision
[15-Apr-26 22:40:25.22] start command dispatched
[15-Apr-26 22:40:26.21] running autostart C:\Users\szymo\source\repos\torcs\gym_torcs\autostart_windows.bat
[15-Apr-26 22:40:26.21] autostart exit=0

Image Name                     PID Session Name        Session#    Mem Usage
========================= ======== ================ =========== ============
wtorcs.exe                   67680 Console                    1     84,396 K
INFO: No tasks are running which match the specified criteria.
[15-Apr-26 22:40:28.32] start_torcs_windows.bat end

[15-Apr-26 22:40:41.07] start_torcs_windows.bat begin
[15-Apr-26 22:40:41.07] TORCS_EXE=C:\Users\szymo\source\repos\torcs\torcs\wtorcs.exe
[15-Apr-26 22:40:41.08] TORCS_IMAGE=wtorcs.exe
[15-Apr-26 22:40:41.08] VISION_FLAG=novision
SUCCESS: The process with PID 67496 (child process of PID 67680) has been terminated.
SUCCESS: The process with PID 67680 (child process of PID 66576) has been terminated.
[15-Apr-26 22:40:41.20] taskkill wtorcs.exe exit=0
ERROR: The process "torcs.exe" not found.
[15-Apr-26 22:40:41.32] taskkill torcs.exe exit=128
ERROR: The process "wtorcs.exe" not found.
[15-Apr-26 22:40:41.33] taskkill wtorcs.exe exit=128
[15-Apr-26 22:40:42.21] TORCS_DIR=C:\Users\szymo\source\repos\torcs\torcs\
[15-Apr-26 22:40:42.21] launching without vision
[15-Apr-26 22:40:42.21] start command dispatched
[15-Apr-26 22:40:43.21] running autostart C:\Users\szymo\source\repos\torcs\gym_torcs\autostart_windows.bat
[15-Apr-26 22:40:43.21] autostart exit=0

Image Name                     PID Session Name        Session#    Mem Usage
========================= ======== ================ =========== ============
wtorcs.exe                   64624 Console                    1     82,208 K
INFO: No tasks are running which match the specified criteria.
[15-Apr-26 22:40:45.32] start_torcs_windows.bat end

[15-Apr-26 22:40:56.08] start_torcs_windows.bat begin
[15-Apr-26 22:40:56.09] TORCS_EXE=C:\Users\szymo\source\repos\torcs\torcs\wtorcs.exe
[15-Apr-26 22:40:56.09] TORCS_IMAGE=wtorcs.exe
[15-Apr-26 22:40:56.10] VISION_FLAG=novision
SUCCESS: The process with PID 63124 (child process of PID 64624) has been terminated.
SUCCESS: The process with PID 64624 (child process of PID 67268) has been terminated.
[15-Apr-26 22:40:56.21] taskkill wtorcs.exe exit=0
ERROR: The process "torcs.exe" not found.
[15-Apr-26 22:40:56.34] taskkill torcs.exe exit=128
ERROR: The process "wtorcs.exe" not found.
[15-Apr-26 22:40:56.34] taskkill wtorcs.exe exit=128
[15-Apr-26 22:40:57.21] TORCS_DIR=C:\Users\szymo\source\repos\torcs\torcs\
[15-Apr-26 22:40:57.21] launching without vision
[15-Apr-26 22:40:57.22] start command dispatched
[15-Apr-26 22:40:58.10] running autostart C:\Users\szymo\source\repos\torcs\gym_torcs\autostart_windows.bat
[15-Apr-26 22:40:58.10] autostart exit=0

Image Name                     PID Session Name        Session#    Mem Usage
========================= ======== ================ =========== ============
wtorcs.exe                   67744 Console                    1     83,224 K
INFO: No tasks are running which match the specified criteria.
[15-Apr-26 22:41:00.22] start_torcs_windows.bat end

[15-Apr-26 22:41:09.71] start_torcs_windows.bat begin
[15-Apr-26 22:41:09.72] TORCS_EXE=C:\Users\szymo\source\repos\torcs\torcs\wtorcs.exe
[15-Apr-26 22:41:09.72] TORCS_IMAGE=wtorcs.exe
[15-Apr-26 22:41:09.73] VISION_FLAG=novision
SUCCESS: The process with PID 68156 (child process of PID 67744) has been terminated.
SUCCESS: The process with PID 67744 (child process of PID 67764) has been terminated.
[15-Apr-26 22:41:09.84] taskkill wtorcs.exe exit=0
ERROR: The process "torcs.exe" not found.
[15-Apr-26 22:41:09.96] taskkill torcs.exe exit=128
ERROR: The process "wtorcs.exe" not found.
[15-Apr-26 22:41:09.96] taskkill wtorcs.exe exit=128
[15-Apr-26 22:41:11.18] TORCS_DIR=C:\Users\szymo\source\repos\torcs\torcs\
[15-Apr-26 22:41:11.18] launching without vision
[15-Apr-26 22:41:11.19] start command dispatched
[15-Apr-26 22:41:12.18] running autostart C:\Users\szymo\source\repos\torcs\gym_torcs\autostart_windows.bat
[15-Apr-26 22:41:12.18] autostart exit=0

Image Name                     PID Session Name        Session#    Mem Usage
========================= ======== ================ =========== ============
wtorcs.exe                   68372 Console                    1     85,900 K
INFO: No tasks are running which match the specified criteria.
[15-Apr-26 22:41:14.31] start_torcs_windows.bat end

[15-Apr-26 22:41:23.15] start_torcs_windows.bat begin
[15-Apr-26 22:41:23.16] TORCS_EXE=C:\Users\szymo\source\repos\torcs\torcs\wtorcs.exe
[15-Apr-26 22:41:23.17] TORCS_IMAGE=wtorcs.exe
[15-Apr-26 22:41:23.17] VISION_FLAG=novision
SUCCESS: The process with PID 68464 (child process of PID 68372) has been terminated.
SUCCESS: The process with PID 68372 (child process of PID 67016) has been terminated.
[15-Apr-26 22:41:23.28] taskkill wtorcs.exe exit=0
ERROR: The process "torcs.exe" not found.
[15-Apr-26 22:41:23.40] taskkill torcs.exe exit=128
ERROR: The process "wtorcs.exe" not found.
[15-Apr-26 22:41:23.41] taskkill wtorcs.exe exit=128
[15-Apr-26 22:41:24.17] TORCS_DIR=C:\Users\szymo\source\repos\torcs\torcs\
[15-Apr-26 22:41:24.17] launching without vision
[15-Apr-26 22:41:24.18] start command dispatched
[15-Apr-26 22:41:25.18] running autostart C:\Users\szymo\source\repos\torcs\gym_torcs\autostart_windows.bat
[15-Apr-26 22:41:25.18] autostart exit=0

Image Name                     PID Session Name        Session#    Mem Usage
========================= ======== ================ =========== ============
wtorcs.exe                   65340 Console                    1     65,560 K
INFO: No tasks are running which match the specified criteria.
[15-Apr-26 22:41:27.29] start_torcs_windows.bat end

[15-Apr-26 22:41:51.38] start_torcs_windows.bat begin
[15-Apr-26 22:41:51.38] TORCS_EXE=C:\Users\szymo\source\repos\torcs\torcs\wtorcs.exe
[15-Apr-26 22:41:51.39] TORCS_IMAGE=wtorcs.exe
[15-Apr-26 22:41:51.39] VISION_FLAG=novision
SUCCESS: The process with PID 46908 (child process of PID 65340) has been terminated.
SUCCESS: The process with PID 65340 (child process of PID 68556) has been terminated.
[15-Apr-26 22:41:51.51] taskkill wtorcs.exe exit=0
ERROR: The process "torcs.exe" not found.
[15-Apr-26 22:41:51.64] taskkill torcs.exe exit=128
ERROR: The process "wtorcs.exe" not found.
[15-Apr-26 22:41:51.64] taskkill wtorcs.exe exit=128
[15-Apr-26 22:41:52.19] TORCS_DIR=C:\Users\szymo\source\repos\torcs\torcs\
[15-Apr-26 22:41:52.19] launching without vision
[15-Apr-26 22:41:52.20] start command dispatched
[15-Apr-26 22:41:53.19] running autostart C:\Users\szymo\source\repos\torcs\gym_torcs\autostart_windows.bat
[15-Apr-26 22:41:53.19] autostart exit=0

Image Name                     PID Session Name        Session#    Mem Usage
========================= ======== ================ =========== ============
wtorcs.exe                   68440 Console                    1     83,252 K
INFO: No tasks are running which match the specified criteria.
[15-Apr-26 22:41:55.30] start_torcs_windows.bat end

[15-Apr-26 22:42:09.67] start_torcs_windows.bat begin
[15-Apr-26 22:42:09.68] TORCS_EXE=C:\Users\szymo\source\repos\torcs\torcs\wtorcs.exe
[15-Apr-26 22:42:09.69] TORCS_IMAGE=wtorcs.exe
[15-Apr-26 22:42:09.69] VISION_FLAG=novision
SUCCESS: The process with PID 67704 (child process of PID 68440) has been terminated.
SUCCESS: The process with PID 68440 (child process of PID 16844) has been terminated.
[15-Apr-26 22:42:09.80] taskkill wtorcs.exe exit=0
ERROR: The process "torcs.exe" not found.
[15-Apr-26 22:42:09.91] taskkill torcs.exe exit=128
ERROR: The process "wtorcs.exe" not found.
[15-Apr-26 22:42:09.92] taskkill wtorcs.exe exit=128
[15-Apr-26 22:42:11.13] TORCS_DIR=C:\Users\szymo\source\repos\torcs\torcs\
[15-Apr-26 22:42:11.13] launching without vision
[15-Apr-26 22:42:11.14] start command dispatched
[15-Apr-26 22:42:12.13] running autostart C:\Users\szymo\source\repos\torcs\gym_torcs\autostart_windows.bat
[15-Apr-26 22:42:12.13] autostart exit=0

Image Name                     PID Session Name        Session#    Mem Usage
========================= ======== ================ =========== ============
wtorcs.exe                   67804 Console                    1     83,352 K
INFO: No tasks are running which match the specified criteria.
[15-Apr-26 22:42:14.23] start_torcs_windows.bat end

[15-Apr-26 22:42:23.41] start_torcs_windows.bat begin
[15-Apr-26 22:42:23.42] TORCS_EXE=C:\Users\szymo\source\repos\torcs\torcs\wtorcs.exe
[15-Apr-26 22:42:23.42] TORCS_IMAGE=wtorcs.exe
[15-Apr-26 22:42:23.43] VISION_FLAG=novision
SUCCESS: The process with PID 68584 (child process of PID 67804) has been terminated.
SUCCESS: The process with PID 67804 (child process of PID 64396) has been terminated.
[15-Apr-26 22:42:23.54] taskkill wtorcs.exe exit=0
ERROR: The process "torcs.exe" not found.
[15-Apr-26 22:42:23.67] taskkill torcs.exe exit=128
ERROR: The process "wtorcs.exe" not found.
[15-Apr-26 22:42:23.67] taskkill wtorcs.exe exit=128
[15-Apr-26 22:42:24.11] TORCS_DIR=C:\Users\szymo\source\repos\torcs\torcs\
[15-Apr-26 22:42:24.11] launching without vision
[15-Apr-26 22:42:24.12] start command dispatched
[15-Apr-26 22:42:25.11] running autostart C:\Users\szymo\source\repos\torcs\gym_torcs\autostart_windows.bat
[15-Apr-26 22:42:25.11] autostart exit=0

Image Name                     PID Session Name        Session#    Mem Usage
========================= ======== ================ =========== ============
wtorcs.exe                   68100 Console                    1     84,828 K
INFO: No tasks are running which match the specified criteria.
[15-Apr-26 22:42:27.21] start_torcs_windows.bat end

[15-Apr-26 22:42:37.93] start_torcs_windows.bat begin
[15-Apr-26 22:42:37.94] TORCS_EXE=C:\Users\szymo\source\repos\torcs\torcs\wtorcs.exe
[15-Apr-26 22:42:37.95] TORCS_IMAGE=wtorcs.exe
[15-Apr-26 22:42:37.95] VISION_FLAG=novision
SUCCESS: The process with PID 60000 (child process of PID 68100) has been terminated.
SUCCESS: The process with PID 68100 (child process of PID 63908) has been terminated.
[15-Apr-26 22:42:38.06] taskkill wtorcs.exe exit=0
ERROR: The process "torcs.exe" not found.
[15-Apr-26 22:42:38.18] taskkill torcs.exe exit=128
ERROR: The process "wtorcs.exe" not found.
[15-Apr-26 22:42:38.19] taskkill wtorcs.exe exit=128
[15-Apr-26 22:42:39.18] TORCS_DIR=C:\Users\szymo\source\repos\torcs\torcs\
[15-Apr-26 22:42:39.18] launching without vision
[15-Apr-26 22:42:39.19] start command dispatched
[15-Apr-26 22:42:40.19] running autostart C:\Users\szymo\source\repos\torcs\gym_torcs\autostart_windows.bat
[15-Apr-26 22:42:40.19] autostart exit=0

Image Name                     PID Session Name        Session#    Mem Usage
========================= ======== ================ =========== ============
wtorcs.exe                   68000 Console                    1     83,104 K
INFO: No tasks are running which match the specified criteria.
[15-Apr-26 22:42:42.30] start_torcs_windows.bat end

[15-Apr-26 22:42:51.24] start_torcs_windows.bat begin
[15-Apr-26 22:42:51.25] TORCS_EXE=C:\Users\szymo\source\repos\torcs\torcs\wtorcs.exe
[15-Apr-26 22:42:51.25] TORCS_IMAGE=wtorcs.exe
[15-Apr-26 22:42:51.26] VISION_FLAG=novision
SUCCESS: The process with PID 63340 (child process of PID 68000) has been terminated.
SUCCESS: The process with PID 68000 (child process of PID 58908) has been terminated.
[15-Apr-26 22:42:51.37] taskkill wtorcs.exe exit=0
ERROR: The process "torcs.exe" not found.
[15-Apr-26 22:42:51.49] taskkill torcs.exe exit=128
ERROR: The process "wtorcs.exe" not found.
[15-Apr-26 22:42:51.50] taskkill wtorcs.exe exit=128
[15-Apr-26 22:42:52.15] TORCS_DIR=C:\Users\szymo\source\repos\torcs\torcs\
[15-Apr-26 22:42:52.15] launching without vision
[15-Apr-26 22:42:52.16] start command dispatched
[15-Apr-26 22:42:53.15] running autostart C:\Users\szymo\source\repos\torcs\gym_torcs\autostart_windows.bat
[15-Apr-26 22:42:53.15] autostart exit=0

Image Name                     PID Session Name        Session#    Mem Usage
========================= ======== ================ =========== ============
wtorcs.exe                   38380 Console                    1     84,952 K
INFO: No tasks are running which match the specified criteria.
[15-Apr-26 22:42:55.26] start_torcs_windows.bat end

[15-Apr-26 22:43:05.95] start_torcs_windows.bat begin
[15-Apr-26 22:43:05.96] TORCS_EXE=C:\Users\szymo\source\repos\torcs\torcs\wtorcs.exe
[15-Apr-26 22:43:05.97] TORCS_IMAGE=wtorcs.exe
[15-Apr-26 22:43:05.97] VISION_FLAG=novision
SUCCESS: The process with PID 67956 (child process of PID 38380) has been terminated.
SUCCESS: The process with PID 38380 (child process of PID 63500) has been terminated.
[15-Apr-26 22:43:06.08] taskkill wtorcs.exe exit=0
ERROR: The process "torcs.exe" not found.
[15-Apr-26 22:43:06.19] taskkill torcs.exe exit=128
ERROR: The process "wtorcs.exe" not found.
[15-Apr-26 22:43:06.19] taskkill wtorcs.exe exit=128
[15-Apr-26 22:43:07.18] TORCS_DIR=C:\Users\szymo\source\repos\torcs\torcs\
[15-Apr-26 22:43:07.18] launching without vision
[15-Apr-26 22:43:07.19] start command dispatched
[15-Apr-26 22:43:08.18] running autostart C:\Users\szymo\source\repos\torcs\gym_torcs\autostart_windows.bat
[15-Apr-26 22:43:08.18] autostart exit=0

Image Name                     PID Session Name        Session#    Mem Usage
========================= ======== ================ =========== ============
wtorcs.exe                   68200 Console                    1     85,088 K
INFO: No tasks are running which match the specified criteria.
[15-Apr-26 22:43:10.29] start_torcs_windows.bat end

[15-Apr-26 22:43:19.87] start_torcs_windows.bat begin
[15-Apr-26 22:43:19.87] TORCS_EXE=C:\Users\szymo\source\repos\torcs\torcs\wtorcs.exe
[15-Apr-26 22:43:19.88] TORCS_IMAGE=wtorcs.exe
[15-Apr-26 22:43:19.88] VISION_FLAG=novision
SUCCESS: The process with PID 60144 (child process of PID 68200) has been terminated.
SUCCESS: The process with PID 68200 (child process of PID 54352) has been terminated.
[15-Apr-26 22:43:19.99] taskkill wtorcs.exe exit=0
ERROR: The process "torcs.exe" not found.
[15-Apr-26 22:43:20.12] taskkill torcs.exe exit=128
ERROR: The process "wtorcs.exe" not found.
[15-Apr-26 22:43:20.12] taskkill wtorcs.exe exit=128
[15-Apr-26 22:43:21.21] TORCS_DIR=C:\Users\szymo\source\repos\torcs\torcs\
[15-Apr-26 22:43:21.21] launching without vision
[15-Apr-26 22:43:21.22] start command dispatched
[15-Apr-26 22:43:22.22] running autostart C:\Users\szymo\source\repos\torcs\gym_torcs\autostart_windows.bat
[15-Apr-26 22:43:22.22] autostart exit=0

Image Name                     PID Session Name        Session#    Mem Usage
========================= ======== ================ =========== ============
wtorcs.exe                   53188 Console                    1     84,776 K
INFO: No tasks are running which match the specified criteria.
[15-Apr-26 22:43:24.35] start_torcs_windows.bat end

[15-Apr-26 22:43:35.11] start_torcs_windows.bat begin
[15-Apr-26 22:43:35.12] TORCS_EXE=C:\Users\szymo\source\repos\torcs\torcs\wtorcs.exe
[15-Apr-26 22:43:35.13] TORCS_IMAGE=wtorcs.exe
[15-Apr-26 22:43:35.13] VISION_FLAG=novision
SUCCESS: The process with PID 67796 (child process of PID 53188) has been terminated.
SUCCESS: The process with PID 53188 (child process of PID 29760) has been terminated.
[15-Apr-26 22:43:35.24] taskkill wtorcs.exe exit=0
ERROR: The process "torcs.exe" not found.
[15-Apr-26 22:43:35.37] taskkill torcs.exe exit=128
ERROR: The process "wtorcs.exe" not found.
[15-Apr-26 22:43:35.37] taskkill wtorcs.exe exit=128
[15-Apr-26 22:43:36.14] TORCS_DIR=C:\Users\szymo\source\repos\torcs\torcs\
[15-Apr-26 22:43:36.14] launching without vision
[15-Apr-26 22:43:36.15] start command dispatched
[15-Apr-26 22:43:37.14] running autostart C:\Users\szymo\source\repos\torcs\gym_torcs\autostart_windows.bat
[15-Apr-26 22:43:37.14] autostart exit=0

Image Name                     PID Session Name        Session#    Mem Usage
========================= ======== ================ =========== ============
wtorcs.exe                   62540 Console                    1     84,508 K
INFO: No tasks are running which match the specified criteria.
[15-Apr-26 22:43:39.26] start_torcs_windows.bat end

[15-Apr-26 22:43:50.94] start_torcs_windows.bat begin
[15-Apr-26 22:43:50.95] TORCS_EXE=C:\Users\szymo\source\repos\torcs\torcs\wtorcs.exe
[15-Apr-26 22:43:50.95] TORCS_IMAGE=wtorcs.exe
[15-Apr-26 22:43:50.96] VISION_FLAG=novision
SUCCESS: The process with PID 58888 (child process of PID 62540) has been terminated.
SUCCESS: The process with PID 62540 (child process of PID 68144) has been terminated.
[15-Apr-26 22:43:51.07] taskkill wtorcs.exe exit=0
ERROR: The process "torcs.exe" not found.
[15-Apr-26 22:43:51.19] taskkill torcs.exe exit=128
ERROR: The process "wtorcs.exe" not found.
[15-Apr-26 22:43:51.20] taskkill wtorcs.exe exit=128
[15-Apr-26 22:43:52.18] TORCS_DIR=C:\Users\szymo\source\repos\torcs\torcs\
[15-Apr-26 22:43:52.18] launching without vision
[15-Apr-26 22:43:52.19] start command dispatched
[15-Apr-26 22:43:53.18] running autostart C:\Users\szymo\source\repos\torcs\gym_torcs\autostart_windows.bat
[15-Apr-26 22:43:53.18] autostart exit=0

Image Name                     PID Session Name        Session#    Mem Usage
========================= ======== ================ =========== ============
wtorcs.exe                   64276 Console                    1     83,492 K
INFO: No tasks are running which match the specified criteria.
[15-Apr-26 22:43:55.31] start_torcs_windows.bat end

[15-Apr-26 22:44:07.39] start_torcs_windows.bat begin
[15-Apr-26 22:44:07.40] TORCS_EXE=C:\Users\szymo\source\repos\torcs\torcs\wtorcs.exe
[15-Apr-26 22:44:07.40] TORCS_IMAGE=wtorcs.exe
[15-Apr-26 22:44:07.41] VISION_FLAG=novision
SUCCESS: The process with PID 51708 (child process of PID 64276) has been terminated.
SUCCESS: The process with PID 64276 (child process of PID 67608) has been terminated.
[15-Apr-26 22:44:07.52] taskkill wtorcs.exe exit=0
ERROR: The process "torcs.exe" not found.
[15-Apr-26 22:44:07.64] taskkill torcs.exe exit=128
ERROR: The process "wtorcs.exe" not found.
[15-Apr-26 22:44:07.65] taskkill wtorcs.exe exit=128
[15-Apr-26 22:44:08.21] TORCS_DIR=C:\Users\szymo\source\repos\torcs\torcs\
[15-Apr-26 22:44:08.21] launching without vision
[15-Apr-26 22:44:08.22] start command dispatched
[15-Apr-26 22:44:09.11] running autostart C:\Users\szymo\source\repos\torcs\gym_torcs\autostart_windows.bat
[15-Apr-26 22:44:09.11] autostart exit=0

Image Name                     PID Session Name        Session#    Mem Usage
========================= ======== ================ =========== ============
wtorcs.exe                   62808 Console                    1     83,440 K
INFO: No tasks are running which match the specified criteria.
[15-Apr-26 22:44:11.23] start_torcs_windows.bat end

[15-Apr-26 22:44:20.45] start_torcs_windows.bat begin
[15-Apr-26 22:44:20.46] TORCS_EXE=C:\Users\szymo\source\repos\torcs\torcs\wtorcs.exe
[15-Apr-26 22:44:20.46] TORCS_IMAGE=wtorcs.exe
[15-Apr-26 22:44:20.47] VISION_FLAG=novision
SUCCESS: The process with PID 62356 (child process of PID 62808) has been terminated.
SUCCESS: The process with PID 62808 (child process of PID 53916) has been terminated.
[15-Apr-26 22:44:20.58] taskkill wtorcs.exe exit=0
ERROR: The process "torcs.exe" not found.
[15-Apr-26 22:44:20.71] taskkill torcs.exe exit=128
ERROR: The process "wtorcs.exe" not found.
[15-Apr-26 22:44:20.72] taskkill wtorcs.exe exit=128
[15-Apr-26 22:44:21.16] TORCS_DIR=C:\Users\szymo\source\repos\torcs\torcs\
[15-Apr-26 22:44:21.16] launching without vision
[15-Apr-26 22:44:21.17] start command dispatched
[15-Apr-26 22:44:22.17] running autostart C:\Users\szymo\source\repos\torcs\gym_torcs\autostart_windows.bat
[15-Apr-26 22:44:22.17] autostart exit=0

Image Name                     PID Session Name        Session#    Mem Usage
========================= ======== ================ =========== ============
wtorcs.exe                   68116 Console                    1     83,940 K
INFO: No tasks are running which match the specified criteria.
[15-Apr-26 22:44:24.30] start_torcs_windows.bat end

[15-Apr-26 22:44:34.03] start_torcs_windows.bat begin
[15-Apr-26 22:44:34.04] TORCS_EXE=C:\Users\szymo\source\repos\torcs\torcs\wtorcs.exe
[15-Apr-26 22:44:34.04] TORCS_IMAGE=wtorcs.exe
[15-Apr-26 22:44:34.05] VISION_FLAG=novision
SUCCESS: The process with PID 64824 (child process of PID 68116) has been terminated.
SUCCESS: The process with PID 68116 (child process of PID 64840) has been terminated.
[15-Apr-26 22:44:34.15] taskkill wtorcs.exe exit=0
ERROR: The process "torcs.exe" not found.
[15-Apr-26 22:44:34.28] taskkill torcs.exe exit=128
ERROR: The process "wtorcs.exe" not found.
[15-Apr-26 22:44:34.28] taskkill wtorcs.exe exit=128
[15-Apr-26 22:44:35.15] TORCS_DIR=C:\Users\szymo\source\repos\torcs\torcs\
[15-Apr-26 22:44:35.15] launching without vision
[15-Apr-26 22:44:35.16] start command dispatched
[15-Apr-26 22:44:36.16] running autostart C:\Users\szymo\source\repos\torcs\gym_torcs\autostart_windows.bat
[15-Apr-26 22:44:36.16] autostart exit=0

Image Name                     PID Session Name        Session#    Mem Usage
========================= ======== ================ =========== ============
wtorcs.exe                   66600 Console                    1     83,068 K
INFO: No tasks are running which match the specified criteria.
[15-Apr-26 22:44:38.27] start_torcs_windows.bat end

[15-Apr-26 22:44:48.48] start_torcs_windows.bat begin
[15-Apr-26 22:44:48.48] TORCS_EXE=C:\Users\szymo\source\repos\torcs\torcs\wtorcs.exe
[15-Apr-26 22:44:48.49] TORCS_IMAGE=wtorcs.exe
[15-Apr-26 22:44:48.49] VISION_FLAG=novision
SUCCESS: The process with PID 65068 (child process of PID 66600) has been terminated.
SUCCESS: The process with PID 66600 (child process of PID 66588) has been terminated.
[15-Apr-26 22:44:48.60] taskkill wtorcs.exe exit=0
ERROR: The process "torcs.exe" not found.
[15-Apr-26 22:44:48.73] taskkill torcs.exe exit=128
ERROR: The process "wtorcs.exe" not found.
[15-Apr-26 22:44:48.73] taskkill wtorcs.exe exit=128
[15-Apr-26 22:44:49.17] TORCS_DIR=C:\Users\szymo\source\repos\torcs\torcs\
[15-Apr-26 22:44:49.17] launching without vision
[15-Apr-26 22:44:49.18] start command dispatched
[15-Apr-26 22:44:50.18] running autostart C:\Users\szymo\source\repos\torcs\gym_torcs\autostart_windows.bat
[15-Apr-26 22:44:50.18] autostart exit=0

Image Name                     PID Session Name        Session#    Mem Usage
========================= ======== ================ =========== ============
wtorcs.exe                   52244 Console                    1     83,224 K
INFO: No tasks are running which match the specified criteria.
[15-Apr-26 22:44:52.28] start_torcs_windows.bat end

[15-Apr-26 22:45:03.50] start_torcs_windows.bat begin
[15-Apr-26 22:45:03.51] TORCS_EXE=C:\Users\szymo\source\repos\torcs\torcs\wtorcs.exe
[15-Apr-26 22:45:03.52] TORCS_IMAGE=wtorcs.exe
[15-Apr-26 22:45:03.52] VISION_FLAG=novision
SUCCESS: The process with PID 68436 (child process of PID 52244) has been terminated.
SUCCESS: The process with PID 52244 (child process of PID 63024) has been terminated.
[15-Apr-26 22:45:03.63] taskkill wtorcs.exe exit=0
ERROR: The process "torcs.exe" not found.
[15-Apr-26 22:45:03.76] taskkill torcs.exe exit=128
ERROR: The process "wtorcs.exe" not found.
[15-Apr-26 22:45:03.77] taskkill wtorcs.exe exit=128
[15-Apr-26 22:45:04.21] TORCS_DIR=C:\Users\szymo\source\repos\torcs\torcs\
[15-Apr-26 22:45:04.21] launching without vision
[15-Apr-26 22:45:04.21] start command dispatched
[15-Apr-26 22:45:05.20] running autostart C:\Users\szymo\source\repos\torcs\gym_torcs\autostart_windows.bat
[15-Apr-26 22:45:05.20] autostart exit=0

Image Name                     PID Session Name        Session#    Mem Usage
========================= ======== ================ =========== ============
wtorcs.exe                   58384 Console                    1     84,012 K
INFO: No tasks are running which match the specified criteria.
[15-Apr-26 22:45:07.31] start_torcs_windows.bat end

[15-Apr-26 22:45:17.03] start_torcs_windows.bat begin
[15-Apr-26 22:45:17.04] TORCS_EXE=C:\Users\szymo\source\repos\torcs\torcs\wtorcs.exe
[15-Apr-26 22:45:17.04] TORCS_IMAGE=wtorcs.exe
[15-Apr-26 22:45:17.05] VISION_FLAG=novision
SUCCESS: The process with PID 45040 (child process of PID 58384) has been terminated.
SUCCESS: The process with PID 58384 (child process of PID 64832) has been terminated.
[15-Apr-26 22:45:17.16] taskkill wtorcs.exe exit=0
ERROR: The process "torcs.exe" not found.
[15-Apr-26 22:45:17.28] taskkill torcs.exe exit=128
ERROR: The process "wtorcs.exe" not found.
[15-Apr-26 22:45:17.28] taskkill wtorcs.exe exit=128
[15-Apr-26 22:45:18.16] TORCS_DIR=C:\Users\szymo\source\repos\torcs\torcs\
[15-Apr-26 22:45:18.16] launching without vision
[15-Apr-26 22:45:18.16] start command dispatched
[15-Apr-26 22:45:19.16] running autostart C:\Users\szymo\source\repos\torcs\gym_torcs\autostart_windows.bat
[15-Apr-26 22:45:19.16] autostart exit=0

Image Name                     PID Session Name        Session#    Mem Usage
========================= ======== ================ =========== ============
wtorcs.exe                   43128 Console                    1     83,712 K
INFO: No tasks are running which match the specified criteria.
[15-Apr-26 22:45:21.27] start_torcs_windows.bat end

[15-Apr-26 22:45:31.43] start_torcs_windows.bat begin
[15-Apr-26 22:45:31.43] TORCS_EXE=C:\Users\szymo\source\repos\torcs\torcs\wtorcs.exe
[15-Apr-26 22:45:31.44] TORCS_IMAGE=wtorcs.exe
[15-Apr-26 22:45:31.44] VISION_FLAG=novision
SUCCESS: The process with PID 63236 (child process of PID 43128) has been terminated.
SUCCESS: The process with PID 43128 (child process of PID 62196) has been terminated.
[15-Apr-26 22:45:31.55] taskkill wtorcs.exe exit=0
ERROR: The process "torcs.exe" not found.
[15-Apr-26 22:45:31.68] taskkill torcs.exe exit=128
ERROR: The process "wtorcs.exe" not found.
[15-Apr-26 22:45:31.69] taskkill wtorcs.exe exit=128
[15-Apr-26 22:45:32.12] TORCS_DIR=C:\Users\szymo\source\repos\torcs\torcs\
[15-Apr-26 22:45:32.12] launching without vision
[15-Apr-26 22:45:32.13] start command dispatched
[15-Apr-26 22:45:33.12] running autostart C:\Users\szymo\source\repos\torcs\gym_torcs\autostart_windows.bat
[15-Apr-26 22:45:33.12] autostart exit=0

Image Name                     PID Session Name        Session#    Mem Usage
========================= ======== ================ =========== ============
wtorcs.exe                   67936 Console                    1     84,956 K
INFO: No tasks are running which match the specified criteria.
[15-Apr-26 22:45:35.22] start_torcs_windows.bat end

[2026-04-15T23:09:37.5543308+02:00] start_torcs_windows.ps1 begin
[2026-04-15T23:09:37.5573327+02:00] TORCS_EXE=C:\Users\szymo\source\repos\torcs\torcs\wtorcs.exe
[2026-04-15T23:09:37.5583304+02:00] VISION_FLAG=novision
[2026-04-15T23:09:38.3216578+02:00] TORCS start dispatched
[2026-04-15T23:09:39.2373070+02:00] running autostart C:\Users\szymo\source\repos\torcs\gym_torcs\autostart_windows.bat
[2026-04-15T23:09:39.3813689+02:00] start_torcs_windows.ps1 end

[2026-04-15T23:09:54.1478949+02:00] start_torcs_windows.ps1 begin
[2026-04-15T23:09:54.1518944+02:00] TORCS_EXE=C:\Users\szymo\source\repos\torcs\torcs\wtorcs.exe
[2026-04-15T23:09:54.1528935+02:00] VISION_FLAG=novision
[2026-04-15T23:09:54.9217775+02:00] TORCS start dispatched
[2026-04-15T23:09:55.8300675+02:00] running autostart C:\Users\szymo\source\repos\torcs\gym_torcs\autostart_windows.bat
[2026-04-15T23:09:55.9676552+02:00] start_torcs_windows.ps1 end

[2026-04-15T23:12:46.7795692+02:00] start_torcs_windows.ps1 begin
[2026-04-15T23:12:46.7825688+02:00] TORCS_EXE=C:\Users\szymo\source\repos\torcs\torcs\wtorcs.exe
[2026-04-15T23:12:46.7835670+02:00] VISION_FLAG=novision
[2026-04-15T23:12:47.5427713+02:00] TORCS start dispatched
[2026-04-15T23:12:48.4510429+02:00] running autostart C:\Users\szymo\source\repos\torcs\gym_torcs\autostart_windows.bat
[2026-04-15T23:12:48.5871379+02:00] start_torcs_windows.ps1 end

[2026-04-15T23:13:16.7616671+02:00] start_torcs_windows.ps1 begin
[2026-04-15T23:13:16.7656627+02:00] TORCS_EXE=C:\Users\szymo\source\repos\torcs\torcs\wtorcs.exe
[2026-04-15T23:13:16.7656627+02:00] VISION_FLAG=novision
[2026-04-15T23:13:17.5376220+02:00] TORCS start dispatched
[2026-04-15T23:13:18.4535396+02:00] running autostart C:\Users\szymo\source\repos\torcs\gym_torcs\autostart_windows.bat
[2026-04-15T23:13:18.5880563+02:00] start_torcs_windows.ps1 end

[2026-04-15T23:13:41.1878554+02:00] start_torcs_windows.ps1 begin
[2026-04-15T23:13:41.1918554+02:00] TORCS_EXE=C:\Users\szymo\source\repos\torcs\torcs\wtorcs.exe
[2026-04-15T23:13:41.1918554+02:00] VISION_FLAG=novision
[2026-04-15T23:13:41.9578264+02:00] TORCS start dispatched
[2026-04-15T23:13:42.8712994+02:00] running autostart C:\Users\szymo\source\repos\torcs\gym_torcs\autostart_windows.bat
[2026-04-15T23:13:43.0044773+02:00] start_torcs_windows.ps1 end

[2026-04-15T23:13:57.2575230+02:00] start_torcs_windows.ps1 begin
[2026-04-15T23:13:57.2605223+02:00] TORCS_EXE=C:\Users\szymo\source\repos\torcs\torcs\wtorcs.exe
[2026-04-15T23:13:57.2605223+02:00] VISION_FLAG=novision
[2026-04-15T23:13:58.0204422+02:00] TORCS start dispatched
[2026-04-15T23:13:58.9292910+02:00] running autostart C:\Users\szymo\source\repos\torcs\gym_torcs\autostart_windows.bat
[2026-04-15T23:13:59.0743152+02:00] start_torcs_windows.ps1 end

[2026-04-15T23:14:13.0215111+02:00] start_torcs_windows.ps1 begin
[2026-04-15T23:14:13.0245196+02:00] TORCS_EXE=C:\Users\szymo\source\repos\torcs\torcs\wtorcs.exe
[2026-04-15T23:14:13.0255195+02:00] VISION_FLAG=novision
[2026-04-15T23:14:13.7901085+02:00] TORCS start dispatched
[2026-04-15T23:14:14.6993738+02:00] running autostart c:\Users\szymo\source\repos\torcs\gym_torcs\autostart_windows.ps1
[2026-04-15T23:14:17.3800790+02:00] start_torcs_windows.ps1 end
[2026-04-15 23:16:27.609] begin launcher
[2026-04-15 23:16:27.614] TORCS_EXE=C:\Users\szymo\source\repos\torcs\torcs\wtorcs.exe
[2026-04-15 23:16:27.615] VISION_FLAG=novision
[2026-04-15 23:16:27.615] LAUNCH_MODE=background
[2026-04-15 23:16:28.568] launch command dispatched
[2026-04-15 23:16:29.672] running autostart script: c:\Users\szymo\source\repos\torcs\gym_torcs\autostart_windows.bat
[2026-04-15 23:16:30.316] autostart script finished
[2026-04-15 23:16:30.865] window minimized for background mode
[2026-04-15 23:16:30.866] launcher completed
[2026-04-15 23:16:53.401] begin launcher
[2026-04-15 23:16:53.406] TORCS_EXE=C:\Users\szymo\source\repos\torcs\torcs\wtorcs.exe
[2026-04-15 23:16:53.407] VISION_FLAG=novision
[2026-04-15 23:16:53.407] LAUNCH_MODE=background
[2026-04-15 23:16:54.343] launch command dispatched
[2026-04-15 23:16:55.454] running autostart script: C:\Users\szymo\source\repos\torcs\gym_torcs\autostart_windows.bat
[2026-04-15 23:16:56.106] autostart script finished
[2026-04-15 23:16:56.334] window minimized for background mode
[2026-04-15 23:16:56.335] launcher completed
[2026-04-15 23:24:34.504] begin launcher
[2026-04-15 23:24:34.509] TORCS_EXE=C:\Users\szymo\source\repos\torcs\torcs\wtorcs.exe
[2026-04-15 23:24:34.510] VISION_FLAG=novision
[2026-04-15 23:24:34.510] LAUNCH_MODE=background
[2026-04-15 23:24:35.457] launch command dispatched
[2026-04-15 23:24:36.568] running autostart script: c:\Users\szymo\source\repos\torcs\gym_torcs\autostart_windows.bat
[2026-04-15 23:24:37.214] autostart script finished
[2026-04-15 23:24:37.446] window minimized for background mode
[2026-04-15 23:24:37.447] launcher completed
[2026-04-17 14:02:06.134] begin launcher
[2026-04-17 14:02:06.141] TORCS_EXE=C:\Users\szymo\source\repos\torcs\torcs\wtorcs.exe
[2026-04-17 14:02:06.142] VISION_FLAG=novision
[2026-04-17 14:02:06.142] LAUNCH_MODE=background
[2026-04-17 14:02:07.127] launch command dispatched
[2026-04-17 14:02:08.244] running autostart script: C:\Users\szymo\source\repos\torcs\gym_torcs\autostart_windows.bat
[2026-04-17 14:02:08.430] autostart script finished
[2026-04-17 14:02:08.683] window minimized for background mode
[2026-04-17 14:02:08.684] launcher completed
[2026-04-17 14:02:20.718] begin launcher
[2026-04-17 14:02:20.722] TORCS_EXE=C:\Users\szymo\source\repos\torcs\torcs\wtorcs.exe
[2026-04-17 14:02:20.722] VISION_FLAG=novision
[2026-04-17 14:02:20.723] LAUNCH_MODE=background
[2026-04-17 14:02:21.763] launch command dispatched
[2026-04-17 14:02:22.878] running autostart script: C:\Users\szymo\source\repos\torcs\gym_torcs\autostart_windows.bat
[2026-04-17 14:02:23.044] autostart script finished
[2026-04-17 14:02:23.274] window minimized for background mode
[2026-04-17 14:02:23.274] launcher completed
[2026-04-17 14:02:43.571] begin launcher
[2026-04-17 14:02:43.575] TORCS_EXE=C:\Users\szymo\source\repos\torcs\torcs\wtorcs.exe
[2026-04-17 14:02:43.575] VISION_FLAG=novision
[2026-04-17 14:02:43.576] LAUNCH_MODE=background
[2026-04-17 14:02:44.570] launch command dispatched
[2026-04-17 14:02:45.675] running autostart script: C:\Users\szymo\source\repos\torcs\gym_torcs\autostart_windows.bat
[2026-04-17 14:02:45.844] autostart script finished
[2026-04-17 14:02:46.068] window minimized for background mode
[2026-04-17 14:02:46.069] launcher completed
[2026-04-17 14:03:02.361] begin launcher
[2026-04-17 14:03:02.365] TORCS_EXE=C:\Users\szymo\source\repos\torcs\torcs\wtorcs.exe
[2026-04-17 14:03:02.365] VISION_FLAG=novision
[2026-04-17 14:03:02.366] LAUNCH_MODE=background
[2026-04-17 14:03:03.366] launch command dispatched
[2026-04-17 14:03:04.469] running autostart script: C:\Users\szymo\source\repos\torcs\gym_torcs\autostart_windows.bat
[2026-04-17 14:03:04.630] autostart script finished
[2026-04-17 14:03:04.866] window minimized for background mode
[2026-04-17 14:03:04.866] launcher completed
[2026-04-17 14:03:27.350] begin launcher
[2026-04-17 14:03:27.354] TORCS_EXE=C:\Users\szymo\source\repos\torcs\torcs\wtorcs.exe
[2026-04-17 14:03:27.355] VISION_FLAG=novision
[2026-04-17 14:03:27.356] LAUNCH_MODE=background
[2026-04-17 14:03:28.342] launch command dispatched
[2026-04-17 14:03:29.450] running autostart script: C:\Users\szymo\source\repos\torcs\gym_torcs\autostart_windows.bat
[2026-04-17 14:03:29.617] autostart script finished
[2026-04-17 14:03:29.842] window minimized for background mode
[2026-04-17 14:03:29.843] launcher completed
[2026-04-17 14:03:49.577] begin launcher
[2026-04-17 14:03:49.581] TORCS_EXE=C:\Users\szymo\source\repos\torcs\torcs\wtorcs.exe
[2026-04-17 14:03:49.581] VISION_FLAG=novision
[2026-04-17 14:03:49.582] LAUNCH_MODE=background
[2026-04-17 14:03:50.589] launch command dispatched
[2026-04-17 14:03:51.702] running autostart script: C:\Users\szymo\source\repos\torcs\gym_torcs\autostart_windows.bat
[2026-04-17 14:03:51.868] autostart script finished
[2026-04-17 14:03:52.100] window minimized for background mode
[2026-04-17 14:03:52.101] launcher completed
[2026-04-17 14:04:57.844] begin launcher
[2026-04-17 14:04:57.848] TORCS_EXE=C:\Users\szymo\source\repos\torcs\torcs\wtorcs.exe
[2026-04-17 14:04:57.849] VISION_FLAG=novision
[2026-04-17 14:04:57.849] LAUNCH_MODE=background
[2026-04-17 14:04:58.840] launch command dispatched
[2026-04-17 14:04:59.954] running autostart script: C:\Users\szymo\source\repos\torcs\gym_torcs\autostart_windows.bat
[2026-04-17 14:05:00.120] autostart script finished
[2026-04-17 14:05:00.351] window minimized for background mode
[2026-04-17 14:05:00.352] launcher completed
[2026-04-17 14:05:15.333] begin launcher
[2026-04-17 14:05:15.337] TORCS_EXE=C:\Users\szymo\source\repos\torcs\torcs\wtorcs.exe
[2026-04-17 14:05:15.338] VISION_FLAG=novision
[2026-04-17 14:05:15.338] LAUNCH_MODE=background
[2026-04-17 14:05:16.349] launch command dispatched
[2026-04-17 14:05:17.467] running autostart script: C:\Users\szymo\source\repos\torcs\gym_torcs\autostart_windows.bat
[2026-04-17 14:05:17.639] autostart script finished
[2026-04-17 14:05:17.873] window minimized for background mode
[2026-04-17 14:05:17.874] launcher completed
[2026-04-17 14:06:09.630] begin launcher
[2026-04-17 14:06:09.634] TORCS_EXE=C:\Users\szymo\source\repos\torcs\torcs\wtorcs.exe
[2026-04-17 14:06:09.635] VISION_FLAG=novision
[2026-04-17 14:06:09.636] LAUNCH_MODE=background
[2026-04-17 14:06:10.591] launch command dispatched
[2026-04-17 14:06:11.699] running autostart script: C:\Users\szymo\source\repos\torcs\gym_torcs\autostart_windows.bat
[2026-04-17 14:06:14.228] autostart script finished
[2026-04-17 14:06:14.475] window minimized for background mode
[2026-04-17 14:06:14.476] launcher completed
[2026-04-17 14:06:27.261] begin launcher
[2026-04-17 14:06:27.265] TORCS_EXE=C:\Users\szymo\source\repos\torcs\torcs\wtorcs.exe
[2026-04-17 14:06:27.266] VISION_FLAG=novision
[2026-04-17 14:06:27.266] LAUNCH_MODE=background
[2026-04-17 14:06:28.275] launch command dispatched
[2026-04-17 14:06:29.389] running autostart script: C:\Users\szymo\source\repos\torcs\gym_torcs\autostart_windows.bat
[2026-04-17 14:06:31.857] autostart script finished
[2026-04-17 14:06:32.081] window minimized for background mode
[2026-04-17 14:06:32.082] launcher completed
[2026-04-17 14:08:24.711] begin launcher
[2026-04-17 14:08:24.715] TORCS_EXE=C:\Users\szymo\source\repos\torcs\torcs\wtorcs.exe
[2026-04-17 14:08:24.716] VISION_FLAG=novision
[2026-04-17 14:08:24.717] LAUNCH_MODE=background
[2026-04-17 14:08:25.687] launch command dispatched
[2026-04-17 14:08:26.798] running autostart script: C:\Users\szymo\source\repos\torcs\gym_torcs\autostart_windows.bat
[2026-04-17 14:08:29.292] autostart script finished
[2026-04-17 14:08:29.522] window minimized for background mode
[2026-04-17 14:08:29.523] launcher completed
[2026-04-17 14:09:17.655] begin launcher
[2026-04-17 14:09:17.659] TORCS_EXE=C:\Users\szymo\source\repos\torcs\torcs\wtorcs.exe
[2026-04-17 14:09:17.660] VISION_FLAG=novision
[2026-04-17 14:09:17.660] LAUNCH_MODE=background
[2026-04-17 14:09:18.636] launch command dispatched
[2026-04-17 14:09:19.760] running autostart script: C:\Users\szymo\source\repos\torcs\gym_torcs\autostart_windows.bat
[2026-04-17 14:09:22.208] autostart script finished
[2026-04-17 14:09:22.434] window minimized for background mode
[2026-04-17 14:09:22.435] launcher completed
[2026-04-17 14:10:32.243] begin launcher
[2026-04-17 14:10:32.247] TORCS_EXE=C:\Users\szymo\source\repos\torcs\torcs\wtorcs.exe
[2026-04-17 14:10:32.248] VISION_FLAG=novision
[2026-04-17 14:10:32.248] LAUNCH_MODE=background
[2026-04-17 14:10:33.235] launch command dispatched
[2026-04-17 14:10:34.341] running autostart script: C:\Users\szymo\source\repos\torcs\gym_torcs\autostart_windows.bat
[2026-04-17 14:10:36.850] autostart script finished
[2026-04-17 14:10:37.077] window minimized for background mode
[2026-04-17 14:10:37.078] launcher completed
[2026-04-17 14:13:15.038] begin launcher
[2026-04-17 14:13:15.042] TORCS_EXE=C:\Users\szymo\source\repos\torcs\torcs\wtorcs.exe
[2026-04-17 14:13:15.043] VISION_FLAG=novision
[2026-04-17 14:13:15.043] LAUNCH_MODE=background
[2026-04-17 14:13:16.038] launch command dispatched
[2026-04-17 14:13:17.154] running autostart script: C:\Users\szymo\source\repos\torcs\gym_torcs\autostart_windows.bat
[2026-04-17 14:13:19.634] autostart script finished
[2026-04-17 14:13:19.859] window minimized for background mode
[2026-04-17 14:13:19.860] launcher completed
[2026-04-17 14:14:18.965] begin launcher
[2026-04-17 14:14:18.969] TORCS_EXE=C:\Users\szymo\source\repos\torcs\torcs\wtorcs.exe
[2026-04-17 14:14:18.970] VISION_FLAG=novision
[2026-04-17 14:14:18.970] LAUNCH_MODE=background
[2026-04-17 14:14:19.944] launch command dispatched
[2026-04-17 14:14:21.050] running autostart script: C:\Users\szymo\source\repos\torcs\gym_torcs\autostart_windows.bat
[2026-04-17 14:14:23.561] autostart script finished
[2026-04-17 14:14:23.785] window minimized for background mode
[2026-04-17 14:14:23.786] launcher completed
[2026-04-17 14:15:23.315] begin launcher
[2026-04-17 14:15:23.318] TORCS_EXE=C:\Users\szymo\source\repos\torcs\torcs\wtorcs.exe
[2026-04-17 14:15:23.319] VISION_FLAG=novision
[2026-04-17 14:15:23.319] LAUNCH_MODE=background
[2026-04-17 14:15:24.289] launch command dispatched
[2026-04-17 14:15:25.406] running autostart script: C:\Users\szymo\source\repos\torcs\gym_torcs\autostart_windows.bat
[2026-04-17 14:15:27.907] autostart script finished
[2026-04-17 14:15:27.908] launcher completed
[2026-04-17 14:16:25.009] begin launcher
[2026-04-17 14:16:25.013] TORCS_EXE=C:\Users\szymo\source\repos\torcs\torcs\wtorcs.exe
[2026-04-17 14:16:25.014] VISION_FLAG=novision
[2026-04-17 14:16:25.014] LAUNCH_MODE=background
[2026-04-17 14:16:25.971] launch command dispatched
[2026-04-17 14:16:27.076] running autostart script: C:\Users\szymo\source\repos\torcs\gym_torcs\autostart_windows.bat
[2026-04-17 14:16:29.598] autostart script finished
[2026-04-17 14:16:29.599] launcher completed
[2026-04-17 14:17:48.328] begin launcher
[2026-04-17 14:17:48.332] TORCS_EXE=C:\Users\szymo\source\repos\torcs\torcs\wtorcs.exe
[2026-04-17 14:17:48.332] VISION_FLAG=novision
[2026-04-17 14:17:48.333] LAUNCH_MODE=background
[2026-04-17 14:17:49.307] launch command dispatched
[2026-04-17 14:17:50.421] running autostart script: C:\Users\szymo\source\repos\torcs\gym_torcs\autostart_windows.bat
[2026-04-17 14:17:53.425] autostart script finished
[2026-04-17 14:17:53.426] launcher completed
[2026-04-17 14:18:47.842] begin launcher
[2026-04-17 14:18:47.846] TORCS_EXE=C:\Users\szymo\source\repos\torcs\torcs\wtorcs.exe
[2026-04-17 14:18:47.847] VISION_FLAG=novision
[2026-04-17 14:18:47.847] LAUNCH_MODE=background
[2026-04-17 14:18:48.812] launch command dispatched
[2026-04-17 14:18:49.929] running autostart script: C:\Users\szymo\source\repos\torcs\gym_torcs\autostart_windows.bat
[2026-04-17 14:18:55.869] autostart script finished
[2026-04-17 14:18:55.870] launcher completed
[2026-04-17 14:18:59.473] begin launcher
[2026-04-17 14:18:59.477] TORCS_EXE=C:\Users\szymo\source\repos\torcs\torcs\wtorcs.exe
[2026-04-17 14:18:59.478] VISION_FLAG=novision
[2026-04-17 14:18:59.478] LAUNCH_MODE=background
[2026-04-17 14:19:00.482] launch command dispatched
[2026-04-17 14:19:01.594] running autostart script: C:\Users\szymo\source\repos\torcs\gym_torcs\autostart_windows.bat
[2026-04-17 14:19:07.475] autostart script finished
[2026-04-17 14:19:07.476] launcher completed
[2026-04-17 14:19:18.812] begin launcher
[2026-04-17 14:19:18.816] TORCS_EXE=C:\Users\szymo\source\repos\torcs\torcs\wtorcs.exe
[2026-04-17 14:19:18.816] VISION_FLAG=novision
[2026-04-17 14:19:18.817] LAUNCH_MODE=background
[2026-04-17 14:19:19.815] launch command dispatched
[2026-04-17 14:19:20.918] running autostart script: C:\Users\szymo\source\repos\torcs\gym_torcs\autostart_windows.bat
[2026-04-17 14:19:26.778] autostart script finished
[2026-04-17 14:19:26.779] launcher completed
[2026-04-17 14:19:40.703] begin launcher
[2026-04-17 14:19:40.707] TORCS_EXE=C:\Users\szymo\source\repos\torcs\torcs\wtorcs.exe
[2026-04-17 14:19:40.708] VISION_FLAG=novision
[2026-04-17 14:19:40.709] LAUNCH_MODE=background
[2026-04-17 14:19:41.687] launch command dispatched
[2026-04-17 14:19:42.796] running autostart script: C:\Users\szymo\source\repos\torcs\gym_torcs\autostart_windows.bat
[2026-04-17 14:19:49.366] autostart script finished
[2026-04-17 14:19:49.366] launcher completed
[2026-04-17 14:20:00.739] begin launcher
[2026-04-17 14:20:00.743] TORCS_EXE=C:\Users\szymo\source\repos\torcs\torcs\wtorcs.exe
[2026-04-17 14:20:00.743] VISION_FLAG=novision
[2026-04-17 14:20:00.744] LAUNCH_MODE=background
[2026-04-17 14:20:01.726] launch command dispatched
[2026-04-17 14:20:02.835] running autostart script: C:\Users\szymo\source\repos\torcs\gym_torcs\autostart_windows.bat
[2026-04-17 14:20:08.718] autostart script finished
[2026-04-17 14:20:08.719] launcher completed
[2026-04-17 14:20:17.854] begin launcher
[2026-04-17 14:20:17.858] TORCS_EXE=C:\Users\szymo\source\repos\torcs\torcs\wtorcs.exe
[2026-04-17 14:20:17.859] VISION_FLAG=novision
[2026-04-17 14:20:17.859] LAUNCH_MODE=background
[2026-04-17 14:20:18.840] launch command dispatched
[2026-04-17 14:20:19.958] running autostart script: C:\Users\szymo\source\repos\torcs\gym_torcs\autostart_windows.bat
[2026-04-17 14:20:25.863] autostart script finished
[2026-04-17 14:20:25.864] launcher completed
[2026-04-17 14:20:37.960] begin launcher
[2026-04-17 14:20:37.964] TORCS_EXE=C:\Users\szymo\source\repos\torcs\torcs\wtorcs.exe
[2026-04-17 14:20:37.965] VISION_FLAG=novision
[2026-04-17 14:20:37.965] LAUNCH_MODE=background
[2026-04-17 14:20:38.957] launch command dispatched
[2026-04-17 14:20:40.078] running autostart script: C:\Users\szymo\source\repos\torcs\gym_torcs\autostart_windows.bat
[2026-04-17 14:20:45.943] autostart script finished
[2026-04-17 14:20:45.944] launcher completed
[2026-04-17 14:20:57.371] begin launcher
[2026-04-17 14:20:57.375] TORCS_EXE=C:\Users\szymo\source\repos\torcs\torcs\wtorcs.exe
[2026-04-17 14:20:57.375] VISION_FLAG=novision
[2026-04-17 14:20:57.376] LAUNCH_MODE=background
[2026-04-17 14:20:58.368] launch command dispatched
[2026-04-17 14:20:59.485] running autostart script: C:\Users\szymo\source\repos\torcs\gym_torcs\autostart_windows.bat
[2026-04-17 14:21:05.410] autostart script finished
[2026-04-17 14:21:05.411] launcher completed
[2026-04-17 14:21:17.823] begin launcher
[2026-04-17 14:21:17.826] TORCS_EXE=C:\Users\szymo\source\repos\torcs\torcs\wtorcs.exe
[2026-04-17 14:21:17.827] VISION_FLAG=novision
[2026-04-17 14:21:17.828] LAUNCH_MODE=background
[2026-04-17 14:21:18.807] launch command dispatched
[2026-04-17 14:21:19.922] running autostart script: C:\Users\szymo\source\repos\torcs\gym_torcs\autostart_windows.bat
[2026-04-17 14:21:25.773] autostart script finished
[2026-04-17 14:21:25.774] launcher completed
[2026-04-17 14:21:37.428] begin launcher
[2026-04-17 14:21:37.432] TORCS_EXE=C:\Users\szymo\source\repos\torcs\torcs\wtorcs.exe
[2026-04-17 14:21:37.433] VISION_FLAG=novision
[2026-04-17 14:21:37.433] LAUNCH_MODE=background
[2026-04-17 14:21:38.425] launch command dispatched
[2026-04-17 14:21:39.545] running autostart script: C:\Users\szymo\source\repos\torcs\gym_torcs\autostart_windows.bat
[2026-04-17 14:21:45.436] autostart script finished
[2026-04-17 14:21:45.437] launcher completed
[2026-04-17 14:22:00.923] begin launcher
[2026-04-17 14:22:00.927] TORCS_EXE=C:\Users\szymo\source\repos\torcs\torcs\wtorcs.exe
[2026-04-17 14:22:00.927] VISION_FLAG=novision
[2026-04-17 14:22:00.928] LAUNCH_MODE=background
[2026-04-17 14:22:01.920] launch command dispatched
[2026-04-17 14:22:03.035] running autostart script: C:\Users\szymo\source\repos\torcs\gym_torcs\autostart_windows.bat
[2026-04-17 14:22:08.930] autostart script finished
[2026-04-17 14:22:08.931] launcher completed
[2026-04-17 14:22:24.086] begin launcher
[2026-04-17 14:22:24.090] TORCS_EXE=C:\Users\szymo\source\repos\torcs\torcs\wtorcs.exe
[2026-04-17 14:22:24.090] VISION_FLAG=novision
[2026-04-17 14:22:24.091] LAUNCH_MODE=background
[2026-04-17 14:22:25.084] launch command dispatched
[2026-04-17 14:22:26.197] running autostart script: C:\Users\szymo\source\repos\torcs\gym_torcs\autostart_windows.bat
[2026-04-17 14:22:32.105] autostart script finished
[2026-04-17 14:22:32.106] launcher completed
[2026-04-17 14:22:43.481] begin launcher
[2026-04-17 14:22:43.485] TORCS_EXE=C:\Users\szymo\source\repos\torcs\torcs\wtorcs.exe
[2026-04-17 14:22:43.486] VISION_FLAG=novision
[2026-04-17 14:22:43.486] LAUNCH_MODE=background
[2026-04-17 14:22:44.491] launch command dispatched
[2026-04-17 14:22:45.604] running autostart script: C:\Users\szymo\source\repos\torcs\gym_torcs\autostart_windows.bat
[2026-04-17 14:22:51.530] autostart script finished
[2026-04-17 14:22:51.531] launcher completed
[2026-04-17 14:23:01.721] begin launcher
[2026-04-17 14:23:01.725] TORCS_EXE=C:\Users\szymo\source\repos\torcs\torcs\wtorcs.exe
[2026-04-17 14:23:01.726] VISION_FLAG=novision
[2026-04-17 14:23:01.726] LAUNCH_MODE=background
[2026-04-17 14:23:02.715] launch command dispatched
[2026-04-17 14:23:03.821] running autostart script: C:\Users\szymo\source\repos\torcs\gym_torcs\autostart_windows.bat
[2026-04-17 14:23:09.719] autostart script finished
[2026-04-17 14:23:09.720] launcher completed
[2026-04-17 14:23:22.177] begin launcher
[2026-04-17 14:23:22.181] TORCS_EXE=C:\Users\szymo\source\repos\torcs\torcs\wtorcs.exe
[2026-04-17 14:23:22.181] VISION_FLAG=novision
[2026-04-17 14:23:22.182] LAUNCH_MODE=background
[2026-04-17 14:23:23.179] launch command dispatched
[2026-04-17 14:23:24.290] running autostart script: C:\Users\szymo\source\repos\torcs\gym_torcs\autostart_windows.bat
[2026-04-17 14:23:30.218] autostart script finished
[2026-04-17 14:23:30.219] launcher completed
[2026-04-17 14:23:42.460] begin launcher
[2026-04-17 14:23:42.464] TORCS_EXE=C:\Users\szymo\source\repos\torcs\torcs\wtorcs.exe
[2026-04-17 14:23:42.464] VISION_FLAG=novision
[2026-04-17 14:23:42.465] LAUNCH_MODE=background
[2026-04-17 14:23:43.457] launch command dispatched
[2026-04-17 14:23:44.572] running autostart script: C:\Users\szymo\source\repos\torcs\gym_torcs\autostart_windows.bat
[2026-04-17 14:23:50.477] autostart script finished
[2026-04-17 14:23:50.478] launcher completed
[2026-04-17 14:24:00.252] begin launcher
[2026-04-17 14:24:00.256] TORCS_EXE=C:\Users\szymo\source\repos\torcs\torcs\wtorcs.exe
[2026-04-17 14:24:00.256] VISION_FLAG=novision
[2026-04-17 14:24:00.257] LAUNCH_MODE=background
[2026-04-17 14:24:01.257] launch command dispatched
[2026-04-17 14:24:02.362] running autostart script: C:\Users\szymo\source\repos\torcs\gym_torcs\autostart_windows.bat
[2026-04-17 14:24:08.303] autostart script finished
[2026-04-17 14:24:08.303] launcher completed
[2026-04-17 14:24:21.119] begin launcher
[2026-04-17 14:24:21.123] TORCS_EXE=C:\Users\szymo\source\repos\torcs\torcs\wtorcs.exe
[2026-04-17 14:24:21.124] VISION_FLAG=novision
[2026-04-17 14:24:21.124] LAUNCH_MODE=background
[2026-04-17 14:24:22.095] launch command dispatched
[2026-04-17 14:24:23.203] running autostart script: C:\Users\szymo\source\repos\torcs\gym_torcs\autostart_windows.bat
[2026-04-17 14:24:27.465] autostart script finished
[2026-04-17 14:24:27.466] launcher completed
[2026-04-17 14:24:42.156] begin launcher
[2026-04-17 14:24:42.160] TORCS_EXE=C:\Users\szymo\source\repos\torcs\torcs\wtorcs.exe
[2026-04-17 14:24:42.161] VISION_FLAG=novision
[2026-04-17 14:24:42.161] LAUNCH_MODE=background
[2026-04-17 14:24:43.159] launch command dispatched
[2026-04-17 14:24:44.269] running autostart script: C:\Users\szymo\source\repos\torcs\gym_torcs\autostart_windows.bat
[2026-04-17 14:24:48.495] autostart script finished
[2026-04-17 14:24:48.496] launcher completed
[2026-04-17 14:25:05.512] begin launcher
[2026-04-17 14:25:05.516] TORCS_EXE=C:\Users\szymo\source\repos\torcs\torcs\wtorcs.exe
[2026-04-17 14:25:05.517] VISION_FLAG=novision
[2026-04-17 14:25:05.517] LAUNCH_MODE=background
[2026-04-17 14:25:06.510] launch command dispatched
[2026-04-17 14:25:07.616] running autostart script: C:\Users\szymo\source\repos\torcs\gym_torcs\autostart_windows.bat
[2026-04-17 14:25:11.844] autostart script finished
[2026-04-17 14:25:11.845] launcher completed
[2026-04-17 14:25:37.761] begin launcher
[2026-04-17 14:25:37.765] TORCS_EXE=C:\Users\szymo\source\repos\torcs\torcs\wtorcs.exe
[2026-04-17 14:25:37.766] VISION_FLAG=novision
[2026-04-17 14:25:37.766] LAUNCH_MODE=background
[2026-04-17 14:25:38.761] launch command dispatched
[2026-04-17 14:25:39.879] running autostart script: C:\Users\szymo\source\repos\torcs\gym_torcs\autostart_windows.bat
[2026-04-17 14:25:44.116] autostart script finished
[2026-04-17 14:25:44.117] launcher completed
[2026-04-17 14:26:00.816] begin launcher
[2026-04-17 14:26:00.821] TORCS_EXE=C:\Users\szymo\source\repos\torcs\torcs\wtorcs.exe
[2026-04-17 14:26:00.822] VISION_FLAG=novision
[2026-04-17 14:26:00.822] LAUNCH_MODE=background
[2026-04-17 14:26:01.808] launch command dispatched
[2026-04-17 14:26:02.927] running autostart script: C:\Users\szymo\source\repos\torcs\gym_torcs\autostart_windows.bat
[2026-04-17 14:26:07.174] autostart script finished
[2026-04-17 14:26:07.175] launcher completed
[2026-04-17 14:26:17.134] begin launcher
[2026-04-17 14:26:17.138] TORCS_EXE=C:\Users\szymo\source\repos\torcs\torcs\wtorcs.exe
[2026-04-17 14:26:17.138] VISION_FLAG=novision
[2026-04-17 14:26:17.139] LAUNCH_MODE=background
[2026-04-17 14:26:18.134] launch command dispatched
[2026-04-17 14:26:19.255] running autostart script: C:\Users\szymo\source\repos\torcs\gym_torcs\autostart_windows.bat
[2026-04-17 14:26:23.468] autostart script finished
[2026-04-17 14:26:23.468] launcher completed
[2026-04-17 14:26:49.376] begin launcher
[2026-04-17 14:26:49.381] TORCS_EXE=C:\Users\szymo\source\repos\torcs\torcs\wtorcs.exe
[2026-04-17 14:26:49.381] VISION_FLAG=novision
[2026-04-17 14:26:49.382] LAUNCH_MODE=background
[2026-04-17 14:26:50.385] launch command dispatched
[2026-04-17 14:26:51.501] running autostart script: C:\Users\szymo\source\repos\torcs\gym_torcs\autostart_windows.bat
[2026-04-17 14:26:55.707] autostart script finished
[2026-04-17 14:26:55.708] launcher completed
[2026-04-17 14:27:17.696] begin launcher
[2026-04-17 14:27:17.701] TORCS_EXE=C:\Users\szymo\source\repos\torcs\torcs\wtorcs.exe
[2026-04-17 14:27:17.701] VISION_FLAG=novision
[2026-04-17 14:27:17.702] LAUNCH_MODE=background
[2026-04-17 14:27:18.737] launch command dispatched
[2026-04-17 14:27:19.845] running autostart script: C:\Users\szymo\source\repos\torcs\gym_torcs\autostart_windows.bat
[2026-04-17 14:27:24.069] autostart script finished
[2026-04-17 14:27:24.070] launcher completed
[2026-04-17 14:27:56.804] begin launcher
[2026-04-17 14:27:56.808] TORCS_EXE=C:\Users\szymo\source\repos\torcs\torcs\wtorcs.exe
[2026-04-17 14:27:56.809] VISION_FLAG=novision
[2026-04-17 14:27:56.809] LAUNCH_MODE=background
[2026-04-17 14:27:57.805] launch command dispatched
[2026-04-17 14:27:58.916] running autostart script: C:\Users\szymo\source\repos\torcs\gym_torcs\autostart_windows.bat
[2026-04-17 14:28:03.099] autostart script finished
[2026-04-17 14:28:03.100] launcher completed
[2026-04-17 14:28:18.621] begin launcher
[2026-04-17 14:28:18.625] TORCS_EXE=C:\Users\szymo\source\repos\torcs\torcs\wtorcs.exe
[2026-04-17 14:28:18.626] VISION_FLAG=novision
[2026-04-17 14:28:18.626] LAUNCH_MODE=background
[2026-04-17 14:28:19.629] launch command dispatched
[2026-04-17 14:28:20.737] running autostart script: C:\Users\szymo\source\repos\torcs\gym_torcs\autostart_windows.bat
[2026-04-17 14:28:24.910] autostart script finished
[2026-04-17 14:28:24.911] launcher completed
[2026-04-17 14:28:57.078] begin launcher
[2026-04-17 14:28:57.082] TORCS_EXE=C:\Users\szymo\source\repos\torcs\torcs\wtorcs.exe
[2026-04-17 14:28:57.082] VISION_FLAG=novision
[2026-04-17 14:28:57.083] LAUNCH_MODE=background
[2026-04-17 14:28:58.083] launch command dispatched
[2026-04-17 14:28:59.203] running autostart script: C:\Users\szymo\source\repos\torcs\gym_torcs\autostart_windows.bat
[2026-04-17 14:29:03.425] autostart script finished
[2026-04-17 14:29:03.426] launcher completed
[2026-04-17 14:29:20.433] begin launcher
[2026-04-17 14:29:20.437] TORCS_EXE=C:\Users\szymo\source\repos\torcs\torcs\wtorcs.exe
[2026-04-17 14:29:20.437] VISION_FLAG=novision
[2026-04-17 14:29:20.438] LAUNCH_MODE=background
[2026-04-17 14:29:21.450] launch command dispatched
[2026-04-17 14:29:22.557] running autostart script: C:\Users\szymo\source\repos\torcs\gym_torcs\autostart_windows.bat
[2026-04-17 14:29:26.763] autostart script finished
[2026-04-17 14:29:26.764] launcher completed
[2026-04-17 14:29:58.950] begin launcher
[2026-04-17 14:29:58.954] TORCS_EXE=C:\Users\szymo\source\repos\torcs\torcs\wtorcs.exe
[2026-04-17 14:29:58.955] VISION_FLAG=novision
[2026-04-17 14:29:58.955] LAUNCH_MODE=background
[2026-04-17 14:29:59.948] launch command dispatched
[2026-04-17 14:30:01.065] running autostart script: C:\Users\szymo\source\repos\torcs\gym_torcs\autostart_windows.bat
[2026-04-17 14:30:05.267] autostart script finished
[2026-04-17 14:30:05.268] launcher completed
[2026-04-17 14:30:21.355] begin launcher
[2026-04-17 14:30:21.359] TORCS_EXE=C:\Users\szymo\source\repos\torcs\torcs\wtorcs.exe
[2026-04-17 14:30:21.360] VISION_FLAG=novision
[2026-04-17 14:30:21.361] LAUNCH_MODE=background
[2026-04-17 14:30:22.366] launch command dispatched
[2026-04-17 14:30:23.484] running autostart script: C:\Users\szymo\source\repos\torcs\gym_torcs\autostart_windows.bat
[2026-04-17 14:30:27.695] autostart script finished
[2026-04-17 14:30:27.696] launcher completed
[2026-04-17 14:30:58.579] begin launcher
[2026-04-17 14:30:58.583] TORCS_EXE=C:\Users\szymo\source\repos\torcs\torcs\wtorcs.exe
[2026-04-17 14:30:58.583] VISION_FLAG=novision
[2026-04-17 14:30:58.584] LAUNCH_MODE=background
[2026-04-17 14:30:59.576] launch command dispatched
[2026-04-17 14:31:00.685] running autostart script: C:\Users\szymo\source\repos\torcs\gym_torcs\autostart_windows.bat
[2026-04-17 14:31:04.891] autostart script finished
[2026-04-17 14:31:04.891] launcher completed
[2026-04-17 14:31:21.491] begin launcher
[2026-04-17 14:31:21.495] TORCS_EXE=C:\Users\szymo\source\repos\torcs\torcs\wtorcs.exe
[2026-04-17 14:31:21.495] VISION_FLAG=novision
[2026-04-17 14:31:21.496] LAUNCH_MODE=background
[2026-04-17 14:31:22.489] launch command dispatched
[2026-04-17 14:31:23.610] running autostart script: C:\Users\szymo\source\repos\torcs\gym_torcs\autostart_windows.bat
[2026-04-17 14:31:27.809] autostart script finished
[2026-04-17 14:31:27.810] launcher completed
[2026-04-17 14:31:57.178] begin launcher
[2026-04-17 14:31:57.182] TORCS_EXE=C:\Users\szymo\source\repos\torcs\torcs\wtorcs.exe
[2026-04-17 14:31:57.182] VISION_FLAG=novision
[2026-04-17 14:31:57.183] LAUNCH_MODE=background
[2026-04-17 14:31:58.181] launch command dispatched
[2026-04-17 14:31:59.287] running autostart script: C:\Users\szymo\source\repos\torcs\gym_torcs\autostart_windows.bat
[2026-04-17 14:32:03.553] autostart script finished
[2026-04-17 14:32:03.554] launcher completed
[2026-04-17 14:32:22.185] begin launcher
[2026-04-17 14:32:22.189] TORCS_EXE=C:\Users\szymo\source\repos\torcs\torcs\wtorcs.exe
[2026-04-17 14:32:22.190] VISION_FLAG=novision
[2026-04-17 14:32:22.190] LAUNCH_MODE=background
[2026-04-17 14:32:23.207] launch command dispatched
[2026-04-17 14:32:24.320] running autostart script: C:\Users\szymo\source\repos\torcs\gym_torcs\autostart_windows.bat
[2026-04-17 14:32:28.552] autostart script finished
[2026-04-17 14:32:28.552] launcher completed
[2026-04-17 14:33:03.366] begin launcher
[2026-04-17 14:33:03.370] TORCS_EXE=C:\Users\szymo\source\repos\torcs\torcs\wtorcs.exe
[2026-04-17 14:33:03.371] VISION_FLAG=novision
[2026-04-17 14:33:03.372] LAUNCH_MODE=background
[2026-04-17 14:33:04.374] launch command dispatched
[2026-04-17 14:33:05.477] running autostart script: C:\Users\szymo\source\repos\torcs\gym_torcs\autostart_windows.bat
[2026-04-17 14:33:09.665] autostart script finished
[2026-04-17 14:33:09.666] launcher completed
[2026-04-17 14:33:24.841] begin launcher
[2026-04-17 14:33:24.845] TORCS_EXE=C:\Users\szymo\source\repos\torcs\torcs\wtorcs.exe
[2026-04-17 14:33:24.846] VISION_FLAG=novision
[2026-04-17 14:33:24.847] LAUNCH_MODE=background
[2026-04-17 14:33:25.855] launch command dispatched
[2026-04-17 14:33:26.962] running autostart script: C:\Users\szymo\source\repos\torcs\gym_torcs\autostart_windows.bat
[2026-04-17 14:33:31.185] autostart script finished
[2026-04-17 14:33:31.186] launcher completed
[2026-04-17 14:34:02.980] begin launcher
[2026-04-17 14:34:02.983] TORCS_EXE=C:\Users\szymo\source\repos\torcs\torcs\wtorcs.exe
[2026-04-17 14:34:02.984] VISION_FLAG=novision
[2026-04-17 14:34:02.984] LAUNCH_MODE=background
[2026-04-17 14:34:03.982] launch command dispatched
[2026-04-17 14:34:05.086] running autostart script: C:\Users\szymo\source\repos\torcs\gym_torcs\autostart_windows.bat
[2026-04-17 14:34:09.270] autostart script finished
[2026-04-17 14:34:09.270] launcher completed
[2026-04-17 14:34:24.844] begin launcher
[2026-04-17 14:34:24.849] TORCS_EXE=C:\Users\szymo\source\repos\torcs\torcs\wtorcs.exe
[2026-04-17 14:34:24.850] VISION_FLAG=novision
[2026-04-17 14:34:24.850] LAUNCH_MODE=background
[2026-04-17 14:34:25.854] launch command dispatched
[2026-04-17 14:34:26.962] running autostart script: C:\Users\szymo\source\repos\torcs\gym_torcs\autostart_windows.bat
[2026-04-17 14:34:31.181] autostart script finished
[2026-04-17 14:34:31.182] launcher completed
[2026-04-17 14:34:50.459] begin launcher
[2026-04-17 14:34:50.463] TORCS_EXE=C:\Users\szymo\source\repos\torcs\torcs\wtorcs.exe
[2026-04-17 14:34:50.463] VISION_FLAG=novision
[2026-04-17 14:34:50.464] LAUNCH_MODE=background
[2026-04-17 14:34:51.464] launch command dispatched
[2026-04-17 14:34:52.573] running autostart script: C:\Users\szymo\source\repos\torcs\gym_torcs\autostart_windows.bat
[2026-04-17 14:34:56.778] autostart script finished
[2026-04-17 14:34:56.779] launcher completed
[2026-04-17 14:35:27.565] begin launcher
[2026-04-17 14:35:27.568] TORCS_EXE=C:\Users\szymo\source\repos\torcs\torcs\wtorcs.exe
[2026-04-17 14:35:27.569] VISION_FLAG=novision
[2026-04-17 14:35:27.569] LAUNCH_MODE=background
[2026-04-17 14:35:28.608] launch command dispatched
[2026-04-17 14:35:29.730] running autostart script: C:\Users\szymo\source\repos\torcs\gym_torcs\autostart_windows.bat
[2026-04-17 14:35:33.975] autostart script finished
[2026-04-17 14:35:33.976] launcher completed
[2026-04-17 14:36:06.420] begin launcher
[2026-04-17 14:36:06.424] TORCS_EXE=C:\Users\szymo\source\repos\torcs\torcs\wtorcs.exe
[2026-04-17 14:36:06.424] VISION_FLAG=novision
[2026-04-17 14:36:06.425] LAUNCH_MODE=background
[2026-04-17 14:36:07.440] launch command dispatched
[2026-04-17 14:36:08.561] running autostart script: C:\Users\szymo\source\repos\torcs\gym_torcs\autostart_windows.bat
[2026-04-17 14:36:12.784] autostart script finished
[2026-04-17 14:36:12.785] launcher completed
[2026-04-17 14:36:26.738] begin launcher
[2026-04-17 14:36:26.742] TORCS_EXE=C:\Users\szymo\source\repos\torcs\torcs\wtorcs.exe
[2026-04-17 14:36:26.743] VISION_FLAG=novision
[2026-04-17 14:36:26.743] LAUNCH_MODE=background
[2026-04-17 14:36:27.740] launch command dispatched
[2026-04-17 14:36:28.846] running autostart script: C:\Users\szymo\source\repos\torcs\gym_torcs\autostart_windows.bat
[2026-04-17 14:36:33.103] autostart script finished
[2026-04-17 14:36:33.104] launcher completed
[2026-04-17 14:37:18.543] begin launcher
[2026-04-17 14:37:18.547] TORCS_EXE=C:\Users\szymo\source\repos\torcs\torcs\wtorcs.exe
[2026-04-17 14:37:18.547] VISION_FLAG=novision
[2026-04-17 14:37:18.548] LAUNCH_MODE=background
[2026-04-17 14:37:19.546] launch command dispatched
[2026-04-17 14:37:20.652] running autostart script: C:\Users\szymo\source\repos\torcs\gym_torcs\autostart_windows.bat
[2026-04-17 14:37:24.830] autostart script finished
[2026-04-17 14:37:24.831] launcher completed
[2026-04-17 14:38:02.260] begin launcher
[2026-04-17 14:38:02.264] TORCS_EXE=C:\Users\szymo\source\repos\torcs\torcs\wtorcs.exe
[2026-04-17 14:38:02.265] VISION_FLAG=novision
[2026-04-17 14:38:02.265] LAUNCH_MODE=background
[2026-04-17 14:38:03.278] launch command dispatched
[2026-04-17 14:38:04.398] running autostart script: C:\Users\szymo\source\repos\torcs\gym_torcs\autostart_windows.bat
[2026-04-17 14:38:10.973] autostart script finished
[2026-04-17 14:38:10.974] launcher completed
[2026-04-17 14:38:26.130] begin launcher
[2026-04-17 14:38:26.134] TORCS_EXE=C:\Users\szymo\source\repos\torcs\torcs\wtorcs.exe
[2026-04-17 14:38:26.135] VISION_FLAG=novision
[2026-04-17 14:38:26.136] LAUNCH_MODE=background
[2026-04-17 14:38:27.128] launch command dispatched
[2026-04-17 14:38:28.244] running autostart script: C:\Users\szymo\source\repos\torcs\gym_torcs\autostart_windows.bat
[2026-04-17 14:38:32.447] autostart script finished
[2026-04-17 14:38:32.448] launcher completed
[2026-04-17 14:38:34.998] begin launcher
[2026-04-17 14:38:35.002] TORCS_EXE=C:\Users\szymo\source\repos\torcs\torcs\wtorcs.exe
[2026-04-17 14:38:35.002] VISION_FLAG=novision
[2026-04-17 14:38:35.003] LAUNCH_MODE=background
[2026-04-17 14:38:36.022] launch command dispatched
[2026-04-17 14:38:37.134] running autostart script: C:\Users\szymo\source\repos\torcs\gym_torcs\autostart_windows.bat
[2026-04-17 14:38:41.350] autostart script finished
[2026-04-17 14:38:41.351] launcher completed
[2026-04-17 14:38:44.858] begin launcher
[2026-04-17 14:38:44.862] TORCS_EXE=C:\Users\szymo\source\repos\torcs\torcs\wtorcs.exe
[2026-04-17 14:38:44.863] VISION_FLAG=novision
[2026-04-17 14:38:44.863] LAUNCH_MODE=background
[2026-04-17 14:38:45.858] launch command dispatched
[2026-04-17 14:38:46.965] running autostart script: C:\Users\szymo\source\repos\torcs\gym_torcs\autostart_windows.bat
[2026-04-17 14:38:51.176] autostart script finished
[2026-04-17 14:38:51.177] launcher completed
[2026-04-17 14:39:01.947] begin launcher
[2026-04-17 14:39:01.951] TORCS_EXE=C:\Users\szymo\source\repos\torcs\torcs\wtorcs.exe
[2026-04-17 14:39:01.952] VISION_FLAG=novision
[2026-04-17 14:39:01.952] LAUNCH_MODE=background
[2026-04-17 14:39:02.980] launch command dispatched
[2026-04-17 14:39:04.088] running autostart script: C:\Users\szymo\source\repos\torcs\gym_torcs\autostart_windows.bat
[2026-04-17 14:39:08.314] autostart script finished
[2026-04-17 14:39:08.315] launcher completed
[2026-04-17 14:39:18.861] begin launcher
[2026-04-17 14:39:18.865] TORCS_EXE=C:\Users\szymo\source\repos\torcs\torcs\wtorcs.exe
[2026-04-17 14:39:18.866] VISION_FLAG=novision
[2026-04-17 14:39:18.866] LAUNCH_MODE=background
[2026-04-17 14:39:19.863] launch command dispatched
[2026-04-17 14:39:20.978] running autostart script: C:\Users\szymo\source\repos\torcs\gym_torcs\autostart_windows.bat
[2026-04-17 14:39:25.214] autostart script finished
[2026-04-17 14:39:25.215] launcher completed
[2026-04-17 14:39:36.862] begin launcher
[2026-04-17 14:39:36.865] TORCS_EXE=C:\Users\szymo\source\repos\torcs\torcs\wtorcs.exe
[2026-04-17 14:39:36.866] VISION_FLAG=novision
[2026-04-17 14:39:36.867] LAUNCH_MODE=background
[2026-04-17 14:39:37.872] launch command dispatched
[2026-04-17 14:39:38.984] running autostart script: C:\Users\szymo\source\repos\torcs\gym_torcs\autostart_windows.bat
[2026-04-17 14:39:43.200] autostart script finished
[2026-04-17 14:39:43.201] launcher completed
[2026-04-17 14:39:53.958] begin launcher
[2026-04-17 14:39:53.962] TORCS_EXE=C:\Users\szymo\source\repos\torcs\torcs\wtorcs.exe
[2026-04-17 14:39:53.962] VISION_FLAG=novision
[2026-04-17 14:39:53.963] LAUNCH_MODE=background
[2026-04-17 14:39:54.959] launch command dispatched
[2026-04-17 14:39:56.079] running autostart script: C:\Users\szymo\source\repos\torcs\gym_torcs\autostart_windows.bat
[2026-04-17 14:40:00.279] autostart script finished
[2026-04-17 14:40:00.280] launcher completed
[2026-04-17 14:40:10.221] begin launcher
[2026-04-17 14:40:10.225] TORCS_EXE=C:\Users\szymo\source\repos\torcs\torcs\wtorcs.exe
[2026-04-17 14:40:10.226] VISION_FLAG=novision
[2026-04-17 14:40:10.226] LAUNCH_MODE=background
[2026-04-17 14:40:11.227] launch command dispatched
[2026-04-17 14:40:12.348] running autostart script: C:\Users\szymo\source\repos\torcs\gym_torcs\autostart_windows.bat
[2026-04-17 14:40:16.582] autostart script finished
[2026-04-17 14:40:16.583] launcher completed
[2026-04-17 14:40:26.020] begin launcher
[2026-04-17 14:40:26.023] TORCS_EXE=C:\Users\szymo\source\repos\torcs\torcs\wtorcs.exe
[2026-04-17 14:40:26.024] VISION_FLAG=novision
[2026-04-17 14:40:26.025] LAUNCH_MODE=background
[2026-04-17 14:40:27.027] launch command dispatched
[2026-04-17 14:40:28.141] running autostart script: C:\Users\szymo\source\repos\torcs\gym_torcs\autostart_windows.bat
[2026-04-17 14:40:32.368] autostart script finished
[2026-04-17 14:40:32.369] launcher completed
[2026-04-17 14:40:48.635] begin launcher
[2026-04-17 14:40:48.639] TORCS_EXE=C:\Users\szymo\source\repos\torcs\torcs\wtorcs.exe
[2026-04-17 14:40:48.639] VISION_FLAG=novision
[2026-04-17 14:40:48.640] LAUNCH_MODE=background
[2026-04-17 14:40:49.635] launch command dispatched
[2026-04-17 14:40:50.751] running autostart script: C:\Users\szymo\source\repos\torcs\gym_torcs\autostart_windows.bat
[2026-04-17 14:40:54.930] autostart script finished
[2026-04-17 14:40:54.930] launcher completed
[2026-04-17 14:41:09.888] begin launcher
[2026-04-17 14:41:09.892] TORCS_EXE=C:\Users\szymo\source\repos\torcs\torcs\wtorcs.exe
[2026-04-17 14:41:09.892] VISION_FLAG=novision
[2026-04-17 14:41:09.893] LAUNCH_MODE=background
[2026-04-17 14:41:10.892] launch command dispatched
[2026-04-17 14:41:11.999] running autostart script: C:\Users\szymo\source\repos\torcs\gym_torcs\autostart_windows.bat
[2026-04-17 14:41:16.222] autostart script finished
[2026-04-17 14:41:16.222] launcher completed
[2026-04-17 14:41:32.049] begin launcher
[2026-04-17 14:41:32.054] TORCS_EXE=C:\Users\szymo\source\repos\torcs\torcs\wtorcs.exe
[2026-04-17 14:41:32.055] VISION_FLAG=novision
[2026-04-17 14:41:32.055] LAUNCH_MODE=background
[2026-04-17 14:41:33.125] launch command dispatched
[2026-04-17 14:41:34.228] running autostart script: C:\Users\szymo\source\repos\torcs\gym_torcs\autostart_windows.bat
[2026-04-17 14:41:38.446] autostart script finished
[2026-04-17 14:41:38.447] launcher completed
[2026-04-17 14:42:05.670] begin launcher
[2026-04-17 14:42:05.674] TORCS_EXE=C:\Users\szymo\source\repos\torcs\torcs\wtorcs.exe
[2026-04-17 14:42:05.675] VISION_FLAG=novision
[2026-04-17 14:42:05.675] LAUNCH_MODE=background
[2026-04-17 14:42:06.705] launch command dispatched
[2026-04-17 14:42:07.809] running autostart script: C:\Users\szymo\source\repos\torcs\gym_torcs\autostart_windows.bat
[2026-04-17 14:42:12.055] autostart script finished
[2026-04-17 14:42:12.056] launcher completed
[2026-04-17 14:42:24.483] begin launcher
[2026-04-17 14:42:24.487] TORCS_EXE=C:\Users\szymo\source\repos\torcs\torcs\wtorcs.exe
[2026-04-17 14:42:24.488] VISION_FLAG=novision
[2026-04-17 14:42:24.488] LAUNCH_MODE=background
[2026-04-17 14:42:25.503] launch command dispatched
[2026-04-17 14:42:26.623] running autostart script: C:\Users\szymo\source\repos\torcs\gym_torcs\autostart_windows.bat
[2026-04-17 14:42:30.819] autostart script finished
[2026-04-17 14:42:30.820] launcher completed
[2026-04-17 14:42:41.952] begin launcher
[2026-04-17 14:42:41.955] TORCS_EXE=C:\Users\szymo\source\repos\torcs\torcs\wtorcs.exe
[2026-04-17 14:42:41.956] VISION_FLAG=novision
[2026-04-17 14:42:41.956] LAUNCH_MODE=background
[2026-04-17 14:42:42.953] launch command dispatched
[2026-04-17 14:42:44.062] running autostart script: C:\Users\szymo\source\repos\torcs\gym_torcs\autostart_windows.bat
[2026-04-17 14:42:48.266] autostart script finished
[2026-04-17 14:42:48.267] launcher completed
[2026-04-17 14:43:00.259] begin launcher
[2026-04-17 14:43:00.262] TORCS_EXE=C:\Users\szymo\source\repos\torcs\torcs\wtorcs.exe
[2026-04-17 14:43:00.263] VISION_FLAG=novision
[2026-04-17 14:43:00.263] LAUNCH_MODE=background
[2026-04-17 14:43:01.271] launch command dispatched
[2026-04-17 14:43:02.390] running autostart script: C:\Users\szymo\source\repos\torcs\gym_torcs\autostart_windows.bat
[2026-04-17 14:43:06.585] autostart script finished
[2026-04-17 14:43:06.586] launcher completed
[2026-04-17 14:43:23.513] begin launcher
[2026-04-17 14:43:23.517] TORCS_EXE=C:\Users\szymo\source\repos\torcs\torcs\wtorcs.exe
[2026-04-17 14:43:23.518] VISION_FLAG=novision
[2026-04-17 14:43:23.518] LAUNCH_MODE=background
[2026-04-17 14:43:24.556] launch command dispatched
[2026-04-17 14:43:25.660] running autostart script: C:\Users\szymo\source\repos\torcs\gym_torcs\autostart_windows.bat
[2026-04-17 14:43:29.875] autostart script finished
[2026-04-17 14:43:29.876] launcher completed
[2026-04-17 14:43:41.383] begin launcher
[2026-04-17 14:43:41.387] TORCS_EXE=C:\Users\szymo\source\repos\torcs\torcs\wtorcs.exe
[2026-04-17 14:43:41.387] VISION_FLAG=novision
[2026-04-17 14:43:41.388] LAUNCH_MODE=background
[2026-04-17 14:43:42.396] launch command dispatched
[2026-04-17 14:43:43.518] running autostart script: C:\Users\szymo\source\repos\torcs\gym_torcs\autostart_windows.bat
[2026-04-17 14:43:47.752] autostart script finished
[2026-04-17 14:43:47.754] launcher completed
[2026-04-17 14:44:01.797] begin launcher
[2026-04-17 14:44:01.801] TORCS_EXE=C:\Users\szymo\source\repos\torcs\torcs\wtorcs.exe
[2026-04-17 14:44:01.802] VISION_FLAG=novision
[2026-04-17 14:44:01.802] LAUNCH_MODE=background
[2026-04-17 14:44:02.801] launch command dispatched
[2026-04-17 14:44:03.917] running autostart script: C:\Users\szymo\source\repos\torcs\gym_torcs\autostart_windows.bat
[2026-04-17 14:44:08.136] autostart script finished
[2026-04-17 14:44:08.137] launcher completed
[2026-04-17 14:44:21.162] begin launcher
[2026-04-17 14:44:21.166] TORCS_EXE=C:\Users\szymo\source\repos\torcs\torcs\wtorcs.exe
[2026-04-17 14:44:21.167] VISION_FLAG=novision
[2026-04-17 14:44:21.167] LAUNCH_MODE=background
[2026-04-17 14:44:22.191] launch command dispatched
[2026-04-17 14:44:23.313] running autostart script: C:\Users\szymo\source\repos\torcs\gym_torcs\autostart_windows.bat
[2026-04-17 14:44:27.578] autostart script finished
[2026-04-17 14:44:27.579] launcher completed
[2026-04-17 14:44:44.620] begin launcher
[2026-04-17 14:44:44.624] TORCS_EXE=C:\Users\szymo\source\repos\torcs\torcs\wtorcs.exe
[2026-04-17 14:44:44.624] VISION_FLAG=novision
[2026-04-17 14:44:44.625] LAUNCH_MODE=background
[2026-04-17 14:44:45.638] launch command dispatched
[2026-04-17 14:44:46.745] running autostart script: C:\Users\szymo\source\repos\torcs\gym_torcs\autostart_windows.bat
[2026-04-17 14:44:50.955] autostart script finished
[2026-04-17 14:44:50.956] launcher completed
[2026-04-17 14:45:05.232] begin launcher
[2026-04-17 14:45:05.236] TORCS_EXE=C:\Users\szymo\source\repos\torcs\torcs\wtorcs.exe
[2026-04-17 14:45:05.236] VISION_FLAG=novision
[2026-04-17 14:45:05.237] LAUNCH_MODE=background
[2026-04-17 14:45:06.241] launch command dispatched
[2026-04-17 14:45:07.349] running autostart script: C:\Users\szymo\source\repos\torcs\gym_torcs\autostart_windows.bat
[2026-04-17 14:45:11.574] autostart script finished
[2026-04-17 14:45:11.575] launcher completed
[2026-04-17 14:46:02.532] begin launcher
[2026-04-17 14:46:02.536] TORCS_EXE=C:\Users\szymo\source\repos\torcs\torcs\wtorcs.exe
[2026-04-17 14:46:02.536] VISION_FLAG=novision
[2026-04-17 14:46:02.537] LAUNCH_MODE=background
[2026-04-17 14:46:03.551] launch command dispatched
[2026-04-17 14:46:04.658] running autostart script: C:\Users\szymo\source\repos\torcs\gym_torcs\autostart_windows.bat
[2026-04-17 14:46:08.872] autostart script finished
[2026-04-17 14:46:08.873] launcher completed
[2026-04-17 14:46:59.627] begin launcher
[2026-04-17 14:46:59.631] TORCS_EXE=C:\Users\szymo\source\repos\torcs\torcs\wtorcs.exe
[2026-04-17 14:46:59.631] VISION_FLAG=novision
[2026-04-17 14:46:59.632] LAUNCH_MODE=background
[2026-04-17 14:47:00.639] launch command dispatched
[2026-04-17 14:47:01.764] running autostart script: C:\Users\szymo\source\repos\torcs\gym_torcs\autostart_windows.bat
[2026-04-17 14:47:06.001] autostart script finished
[2026-04-17 14:47:06.002] launcher completed
[2026-04-17 14:47:56.679] begin launcher
[2026-04-17 14:47:56.682] TORCS_EXE=C:\Users\szymo\source\repos\torcs\torcs\wtorcs.exe
[2026-04-17 14:47:56.683] VISION_FLAG=novision
[2026-04-17 14:47:56.684] LAUNCH_MODE=background
[2026-04-17 14:47:57.687] launch command dispatched
[2026-04-17 14:47:58.801] running autostart script: C:\Users\szymo\source\repos\torcs\gym_torcs\autostart_windows.bat
[2026-04-17 14:48:02.998] autostart script finished
[2026-04-17 14:48:02.999] launcher completed
[2026-04-17 14:48:53.642] begin launcher
[2026-04-17 14:48:53.646] TORCS_EXE=C:\Users\szymo\source\repos\torcs\torcs\wtorcs.exe
[2026-04-17 14:48:53.647] VISION_FLAG=novision
[2026-04-17 14:48:53.648] LAUNCH_MODE=background
[2026-04-17 14:48:54.658] launch command dispatched
[2026-04-17 14:48:55.763] running autostart script: C:\Users\szymo\source\repos\torcs\gym_torcs\autostart_windows.bat
[2026-04-17 14:49:00.028] autostart script finished
[2026-04-17 14:49:00.029] launcher completed
[2026-04-17 14:49:50.651] begin launcher
[2026-04-17 14:49:50.655] TORCS_EXE=C:\Users\szymo\source\repos\torcs\torcs\wtorcs.exe
[2026-04-17 14:49:50.656] VISION_FLAG=novision
[2026-04-17 14:49:50.656] LAUNCH_MODE=background
[2026-04-17 14:49:51.673] launch command dispatched
[2026-04-17 14:49:52.777] running autostart script: C:\Users\szymo\source\repos\torcs\gym_torcs\autostart_windows.bat
[2026-04-17 14:49:57.032] autostart script finished
[2026-04-17 14:49:57.033] launcher completed
[2026-04-17 15:48:48.263] begin launcher
[2026-04-17 15:48:48.270] TORCS_EXE=C:\Users\szymo\source\repos\torcs\torcs\wtorcs.exe
[2026-04-17 15:48:48.271] VISION_FLAG=novision
[2026-04-17 15:48:48.272] LAUNCH_MODE=background
[2026-04-17 15:48:49.312] launch command dispatched
[2026-04-17 15:48:50.423] running autostart script: C:\Users\szymo\source\repos\torcs\gym_torcs\autostart_windows.bat
[2026-04-17 15:48:54.775] autostart script finished
[2026-04-17 15:48:54.776] launcher completed
[2026-04-17 15:48:57.647] begin launcher
[2026-04-17 15:48:57.651] TORCS_EXE=C:\Users\szymo\source\repos\torcs\torcs\wtorcs.exe
[2026-04-17 15:48:57.652] VISION_FLAG=novision
[2026-04-17 15:48:57.652] LAUNCH_MODE=background
[2026-04-17 15:48:58.696] launch command dispatched
[2026-04-17 15:48:59.817] running autostart script: C:\Users\szymo\source\repos\torcs\gym_torcs\autostart_windows.bat
[2026-04-17 15:49:04.066] autostart script finished
[2026-04-17 15:49:04.067] launcher completed
[2026-04-17 15:49:07.985] begin launcher
[2026-04-17 15:49:07.989] TORCS_EXE=C:\Users\szymo\source\repos\torcs\torcs\wtorcs.exe
[2026-04-17 15:49:07.990] VISION_FLAG=novision
[2026-04-17 15:49:07.992] LAUNCH_MODE=background
[2026-04-17 15:49:09.038] launch command dispatched
[2026-04-17 15:49:10.153] running autostart script: C:\Users\szymo\source\repos\torcs\gym_torcs\autostart_windows.bat
[2026-04-17 15:49:23.931] autostart script finished
[2026-04-17 15:49:23.932] launcher completed
[2026-04-17 15:49:33.908] begin launcher
[2026-04-17 15:49:33.912] TORCS_EXE=C:\Users\szymo\source\repos\torcs\torcs\wtorcs.exe
[2026-04-17 15:49:33.913] VISION_FLAG=novision
[2026-04-17 15:49:33.914] LAUNCH_MODE=background
[2026-04-17 15:49:34.937] launch command dispatched
[2026-04-17 15:49:36.053] running autostart script: C:\Users\szymo\source\repos\torcs\gym_torcs\autostart_windows.bat
[2026-04-17 15:49:40.334] autostart script finished
[2026-04-17 15:49:40.335] launcher completed
[2026-04-17 15:49:50.765] begin launcher
[2026-04-17 15:49:50.769] TORCS_EXE=C:\Users\szymo\source\repos\torcs\torcs\wtorcs.exe
[2026-04-17 15:49:50.770] VISION_FLAG=novision
[2026-04-17 15:49:50.770] LAUNCH_MODE=background
[2026-04-17 15:49:51.791] launch command dispatched
[2026-04-17 15:49:52.902] running autostart script: C:\Users\szymo\source\repos\torcs\gym_torcs\autostart_windows.bat
[2026-04-17 15:49:57.092] autostart script finished
[2026-04-17 15:49:57.093] launcher completed
[2026-04-17 15:50:44.420] begin launcher
[2026-04-17 15:50:44.424] TORCS_EXE=C:\Users\szymo\source\repos\torcs\torcs\wtorcs.exe
[2026-04-17 15:50:44.424] VISION_FLAG=novision
[2026-04-17 15:50:44.425] LAUNCH_MODE=background
[2026-04-17 15:50:45.452] launch command dispatched
[2026-04-17 15:50:46.565] running autostart script: C:\Users\szymo\source\repos\torcs\gym_torcs\autostart_windows.bat
[2026-04-17 15:50:50.816] autostart script finished
[2026-04-17 15:50:50.818] launcher completed
[2026-04-17 15:51:01.644] begin launcher
[2026-04-17 15:51:01.648] TORCS_EXE=C:\Users\szymo\source\repos\torcs\torcs\wtorcs.exe
[2026-04-17 15:51:01.649] VISION_FLAG=novision
[2026-04-17 15:51:01.650] LAUNCH_MODE=background
[2026-04-17 15:51:02.682] launch command dispatched
[2026-04-17 15:51:03.801] running autostart script: C:\Users\szymo\source\repos\torcs\gym_torcs\autostart_windows.bat
[2026-04-17 15:51:08.019] autostart script finished
[2026-04-17 15:51:08.020] launcher completed
[2026-04-17 15:51:17.889] begin launcher
[2026-04-17 15:51:17.893] TORCS_EXE=C:\Users\szymo\source\repos\torcs\torcs\wtorcs.exe
[2026-04-17 15:51:17.894] VISION_FLAG=novision
[2026-04-17 15:51:17.894] LAUNCH_MODE=background
[2026-04-17 15:51:18.904] launch command dispatched
[2026-04-17 15:51:20.019] running autostart script: C:\Users\szymo\source\repos\torcs\gym_torcs\autostart_windows.bat
[2026-04-17 15:51:24.228] autostart script finished
[2026-04-17 15:51:24.229] launcher completed
[2026-04-17 15:51:34.588] begin launcher
[2026-04-17 15:51:34.592] TORCS_EXE=C:\Users\szymo\source\repos\torcs\torcs\wtorcs.exe
[2026-04-17 15:51:34.593] VISION_FLAG=novision
[2026-04-17 15:51:34.593] LAUNCH_MODE=background
[2026-04-17 15:51:35.603] launch command dispatched
[2026-04-17 15:51:36.717] running autostart script: C:\Users\szymo\source\repos\torcs\gym_torcs\autostart_windows.bat
[2026-04-17 15:51:40.948] autostart script finished
[2026-04-17 15:51:40.949] launcher completed
[2026-04-17 15:51:58.473] begin launcher
[2026-04-17 15:51:58.477] TORCS_EXE=C:\Users\szymo\source\repos\torcs\torcs\wtorcs.exe
[2026-04-17 15:51:58.477] VISION_FLAG=novision
[2026-04-17 15:51:58.478] LAUNCH_MODE=background
[2026-04-17 15:51:59.498] launch command dispatched
[2026-04-17 15:52:00.604] running autostart script: C:\Users\szymo\source\repos\torcs\gym_torcs\autostart_windows.bat
[2026-04-17 15:52:06.297] autostart script finished
[2026-04-17 15:52:06.298] launcher completed
[2026-04-17 15:52:23.398] begin launcher
[2026-04-17 15:52:23.402] TORCS_EXE=C:\Users\szymo\source\repos\torcs\torcs\wtorcs.exe
[2026-04-17 15:52:23.403] VISION_FLAG=novision
[2026-04-17 15:52:23.404] LAUNCH_MODE=background
[2026-04-17 15:52:24.419] launch command dispatched
[2026-04-17 15:52:25.532] running autostart script: C:\Users\szymo\source\repos\torcs\gym_torcs\autostart_windows.bat
[2026-04-17 15:52:29.767] autostart script finished
[2026-04-17 15:52:29.768] launcher completed
[2026-04-17 15:52:45.974] begin launcher
[2026-04-17 15:52:45.978] TORCS_EXE=C:\Users\szymo\source\repos\torcs\torcs\wtorcs.exe
[2026-04-17 15:52:45.978] VISION_FLAG=novision
[2026-04-17 15:52:45.979] LAUNCH_MODE=background
[2026-04-17 15:52:46.994] launch command dispatched
[2026-04-17 15:52:48.112] running autostart script: C:\Users\szymo\source\repos\torcs\gym_torcs\autostart_windows.bat
[2026-04-17 15:52:52.326] autostart script finished
[2026-04-17 15:52:52.327] launcher completed
[2026-04-17 15:53:18.761] begin launcher
[2026-04-17 15:53:18.765] TORCS_EXE=C:\Users\szymo\source\repos\torcs\torcs\wtorcs.exe
[2026-04-17 15:53:18.766] VISION_FLAG=novision
[2026-04-17 15:53:18.766] LAUNCH_MODE=background
[2026-04-17 15:53:19.775] launch command dispatched
[2026-04-17 15:53:20.891] running autostart script: C:\Users\szymo\source\repos\torcs\gym_torcs\autostart_windows.bat
[2026-04-17 15:53:25.184] autostart script finished
[2026-04-17 15:53:25.185] launcher completed
[2026-04-17 15:53:37.841] begin launcher
[2026-04-17 15:53:37.845] TORCS_EXE=C:\Users\szymo\source\repos\torcs\torcs\wtorcs.exe
[2026-04-17 15:53:37.846] VISION_FLAG=novision
[2026-04-17 15:53:37.847] LAUNCH_MODE=background
[2026-04-17 15:53:38.875] launch command dispatched
[2026-04-17 15:53:39.984] running autostart script: C:\Users\szymo\source\repos\torcs\gym_torcs\autostart_windows.bat
[2026-04-17 15:53:44.208] autostart script finished
[2026-04-17 15:53:44.209] launcher completed
[2026-04-17 15:53:56.350] begin launcher
[2026-04-17 15:53:56.354] TORCS_EXE=C:\Users\szymo\source\repos\torcs\torcs\wtorcs.exe
[2026-04-17 15:53:56.354] VISION_FLAG=novision
[2026-04-17 15:53:56.355] LAUNCH_MODE=background
[2026-04-17 15:53:57.357] launch command dispatched
[2026-04-17 15:53:58.474] running autostart script: C:\Users\szymo\source\repos\torcs\gym_torcs\autostart_windows.bat
[2026-04-17 15:54:02.719] autostart script finished
[2026-04-17 15:54:02.720] launcher completed
[2026-04-17 15:54:14.932] begin launcher
[2026-04-17 15:54:14.936] TORCS_EXE=C:\Users\szymo\source\repos\torcs\torcs\wtorcs.exe
[2026-04-17 15:54:14.937] VISION_FLAG=novision
[2026-04-17 15:54:14.937] LAUNCH_MODE=background
[2026-04-17 15:54:15.975] launch command dispatched
[2026-04-17 15:54:17.099] running autostart script: C:\Users\szymo\source\repos\torcs\gym_torcs\autostart_windows.bat
[2026-04-17 15:54:21.319] autostart script finished
[2026-04-17 15:54:21.320] launcher completed
[2026-04-17 15:54:37.943] begin launcher
[2026-04-17 15:54:37.951] TORCS_EXE=C:\Users\szymo\source\repos\torcs\torcs\wtorcs.exe
[2026-04-17 15:54:37.952] VISION_FLAG=novision
[2026-04-17 15:54:37.952] LAUNCH_MODE=background
[2026-04-17 15:54:39.012] launch command dispatched
[2026-04-17 15:54:40.123] running autostart script: C:\Users\szymo\source\repos\torcs\gym_torcs\autostart_windows.bat
[2026-04-17 15:54:44.370] autostart script finished
[2026-04-17 15:54:44.371] launcher completed
[2026-04-17 15:54:55.223] begin launcher
[2026-04-17 15:54:55.227] TORCS_EXE=C:\Users\szymo\source\repos\torcs\torcs\wtorcs.exe
[2026-04-17 15:54:55.227] VISION_FLAG=novision
[2026-04-17 15:54:55.228] LAUNCH_MODE=background
[2026-04-17 15:54:56.231] launch command dispatched
[2026-04-17 15:54:57.337] running autostart script: C:\Users\szymo\source\repos\torcs\gym_torcs\autostart_windows.bat
[2026-04-17 15:55:01.578] autostart script finished
[2026-04-17 15:55:01.579] launcher completed
[2026-04-17 15:55:16.350] begin launcher
[2026-04-17 15:55:16.354] TORCS_EXE=C:\Users\szymo\source\repos\torcs\torcs\wtorcs.exe
[2026-04-17 15:55:16.355] VISION_FLAG=novision
[2026-04-17 15:55:16.356] LAUNCH_MODE=background
[2026-04-17 15:55:17.366] launch command dispatched
[2026-04-17 15:55:18.485] running autostart script: C:\Users\szymo\source\repos\torcs\gym_torcs\autostart_windows.bat
[2026-04-17 15:55:22.649] autostart script finished
[2026-04-17 15:55:22.650] launcher completed
[2026-04-17 15:55:38.193] begin launcher
[2026-04-17 15:55:38.197] TORCS_EXE=C:\Users\szymo\source\repos\torcs\torcs\wtorcs.exe
[2026-04-17 15:55:38.198] VISION_FLAG=novision
[2026-04-17 15:55:38.198] LAUNCH_MODE=background
[2026-04-17 15:55:39.212] launch command dispatched
[2026-04-17 15:55:40.318] running autostart script: C:\Users\szymo\source\repos\torcs\gym_torcs\autostart_windows.bat
[2026-04-17 15:55:44.567] autostart script finished
[2026-04-17 15:55:44.568] launcher completed
[2026-04-17 15:56:00.609] begin launcher
[2026-04-17 15:56:00.613] TORCS_EXE=C:\Users\szymo\source\repos\torcs\torcs\wtorcs.exe
[2026-04-17 15:56:00.614] VISION_FLAG=novision
[2026-04-17 15:56:00.615] LAUNCH_MODE=background
[2026-04-17 15:56:01.666] launch command dispatched
[2026-04-17 15:56:02.781] running autostart script: C:\Users\szymo\source\repos\torcs\gym_torcs\autostart_windows.bat
[2026-04-17 15:56:07.328] autostart script finished
[2026-04-17 15:56:07.329] launcher completed
[2026-04-18 14:10:47.809] begin launcher
[2026-04-18 14:10:47.816] TORCS_EXE=C:\Users\szymo\source\repos\torcs\torcs\wtorcs.exe
[2026-04-18 14:10:47.816] VISION_FLAG=novision
[2026-04-18 14:10:47.817] LAUNCH_MODE=background
[2026-04-18 14:10:48.942] launch command dispatched
[2026-04-18 14:10:50.065] running autostart script: C:\Users\szymo\source\repos\torcs\gym_torcs\autostart_windows.bat
[2026-04-18 14:10:54.398] autostart script finished
[2026-04-18 14:10:54.399] launcher completed
[2026-04-18 14:10:57.214] begin launcher
[2026-04-18 14:10:57.218] TORCS_EXE=C:\Users\szymo\source\repos\torcs\torcs\wtorcs.exe
[2026-04-18 14:10:57.218] VISION_FLAG=novision
[2026-04-18 14:10:57.219] LAUNCH_MODE=background
[2026-04-18 14:10:58.381] launch command dispatched
[2026-04-18 14:10:59.497] running autostart script: C:\Users\szymo\source\repos\torcs\gym_torcs\autostart_windows.bat
[2026-04-18 14:11:03.777] autostart script finished
[2026-04-18 14:11:03.778] launcher completed
[2026-04-18 14:11:07.731] begin launcher
[2026-04-18 14:11:07.735] TORCS_EXE=C:\Users\szymo\source\repos\torcs\torcs\wtorcs.exe
[2026-04-18 14:11:07.736] VISION_FLAG=novision
[2026-04-18 14:11:07.737] LAUNCH_MODE=background
[2026-04-18 14:11:08.960] launch command dispatched
[2026-04-18 14:11:10.074] running autostart script: C:\Users\szymo\source\repos\torcs\gym_torcs\autostart_windows.bat
[2026-04-18 14:11:14.339] autostart script finished
[2026-04-18 14:11:14.340] launcher completed
[2026-04-18 14:11:25.405] begin launcher
[2026-04-18 14:11:25.409] TORCS_EXE=C:\Users\szymo\source\repos\torcs\torcs\wtorcs.exe
[2026-04-18 14:11:25.410] VISION_FLAG=novision
[2026-04-18 14:11:25.410] LAUNCH_MODE=background
[2026-04-18 14:11:26.568] launch command dispatched
[2026-04-18 14:11:27.678] running autostart script: C:\Users\szymo\source\repos\torcs\gym_torcs\autostart_windows.bat
[2026-04-18 14:11:31.944] autostart script finished
[2026-04-18 14:11:31.945] launcher completed
[2026-04-18 14:33:28.786] begin launcher
[2026-04-18 14:33:28.790] TORCS_EXE=C:\Users\szymo\source\repos\torcs\torcs\wtorcs.exe
[2026-04-18 14:33:28.791] VISION_FLAG=novision
[2026-04-18 14:33:28.791] LAUNCH_MODE=foreground
[2026-04-18 14:33:28.792] RACE_CONFIG=C:\Users\szymo\source\repos\torcs\torcs\config\raceman\practice.xml
[2026-04-18 14:33:29.885] launch command dispatched
[2026-04-18 14:33:30.990] running autostart script: C:\Users\szymo\source\repos\torcs\gym_torcs\autostart_windows.bat
[2026-04-18 14:33:42.307] autostart script finished
[2026-04-18 14:33:42.309] launcher completed
[2026-04-18 14:33:42.565] begin launcher
[2026-04-18 14:33:42.569] TORCS_EXE=C:\Users\szymo\source\repos\torcs\torcs\wtorcs.exe
[2026-04-18 14:33:42.570] VISION_FLAG=novision
[2026-04-18 14:33:42.570] LAUNCH_MODE=foreground
[2026-04-18 14:33:42.570] RACE_CONFIG=C:\Users\szymo\source\repos\torcs\torcs\config\raceman\practice.xml
[2026-04-18 14:33:43.752] launch command dispatched
[2026-04-18 14:33:44.871] running autostart script: C:\Users\szymo\source\repos\torcs\gym_torcs\autostart_windows.bat
[2026-04-18 14:33:56.167] autostart script finished
[2026-04-18 14:33:56.168] launcher completed
[2026-04-18 14:33:57.372] begin launcher
[2026-04-18 14:33:57.376] TORCS_EXE=C:\Users\szymo\source\repos\torcs\torcs\wtorcs.exe
[2026-04-18 14:33:57.376] VISION_FLAG=novision
[2026-04-18 14:33:57.377] LAUNCH_MODE=foreground
[2026-04-18 14:33:57.378] RACE_CONFIG=C:\Users\szymo\source\repos\torcs\torcs\config\raceman\practice.xml
[2026-04-18 14:33:58.506] launch command dispatched
[2026-04-18 14:33:59.621] running autostart script: C:\Users\szymo\source\repos\torcs\gym_torcs\autostart_windows.bat
[2026-04-18 14:34:10.918] autostart script finished
[2026-04-18 14:34:10.919] launcher completed
[2026-04-18 14:34:11.426] begin launcher
[2026-04-18 14:34:11.430] TORCS_EXE=C:\Users\szymo\source\repos\torcs\torcs\wtorcs.exe
[2026-04-18 14:34:11.430] VISION_FLAG=novision
[2026-04-18 14:34:11.431] LAUNCH_MODE=foreground
[2026-04-18 14:34:11.431] RACE_CONFIG=C:\Users\szymo\source\repos\torcs\torcs\config\raceman\practice.xml
[2026-04-18 14:34:12.599] launch command dispatched
[2026-04-18 14:34:13.717] running autostart script: C:\Users\szymo\source\repos\torcs\gym_torcs\autostart_windows.bat
[2026-04-18 14:34:25.018] autostart script finished
[2026-04-18 14:34:25.019] launcher completed
[2026-04-18 14:34:25.538] begin launcher
[2026-04-18 14:34:25.542] TORCS_EXE=C:\Users\szymo\source\repos\torcs\torcs\wtorcs.exe
[2026-04-18 14:34:25.543] VISION_FLAG=novision
[2026-04-18 14:34:25.543] LAUNCH_MODE=foreground
[2026-04-18 14:34:25.544] RACE_CONFIG=C:\Users\szymo\source\repos\torcs\torcs\config\raceman\practice.xml
[2026-04-18 14:34:26.695] launch command dispatched
[2026-04-18 14:34:27.798] running autostart script: C:\Users\szymo\source\repos\torcs\gym_torcs\autostart_windows.bat
[2026-04-18 14:34:39.101] autostart script finished
[2026-04-18 14:34:39.103] launcher completed
[2026-04-18 14:34:39.690] begin launcher
[2026-04-18 14:34:39.693] TORCS_EXE=C:\Users\szymo\source\repos\torcs\torcs\wtorcs.exe
[2026-04-18 14:34:39.694] VISION_FLAG=novision
[2026-04-18 14:34:39.694] LAUNCH_MODE=foreground
[2026-04-18 14:34:39.695] RACE_CONFIG=C:\Users\szymo\source\repos\torcs\torcs\config\raceman\practice.xml
[2026-04-18 14:34:40.918] launch command dispatched
[2026-04-18 14:34:42.026] running autostart script: C:\Users\szymo\source\repos\torcs\gym_torcs\autostart_windows.bat
[2026-04-18 14:34:53.373] autostart script finished
[2026-04-18 14:34:53.374] launcher completed
[2026-04-18 14:34:53.921] begin launcher
[2026-04-18 14:34:53.925] TORCS_EXE=C:\Users\szymo\source\repos\torcs\torcs\wtorcs.exe
[2026-04-18 14:34:53.926] VISION_FLAG=novision
[2026-04-18 14:34:53.926] LAUNCH_MODE=foreground
[2026-04-18 14:34:53.927] RACE_CONFIG=C:\Users\szymo\source\repos\torcs\torcs\config\raceman\practice.xml
[2026-04-18 14:34:55.068] launch command dispatched
[2026-04-18 14:34:56.173] running autostart script: C:\Users\szymo\source\repos\torcs\gym_torcs\autostart_windows.bat
[2026-04-18 14:35:07.471] autostart script finished
[2026-04-18 14:35:07.473] launcher completed
[2026-04-18 14:35:07.998] begin launcher
[2026-04-18 14:35:08.002] TORCS_EXE=C:\Users\szymo\source\repos\torcs\torcs\wtorcs.exe
[2026-04-18 14:35:08.003] VISION_FLAG=novision
[2026-04-18 14:35:08.003] LAUNCH_MODE=foreground
[2026-04-18 14:35:08.004] RACE_CONFIG=C:\Users\szymo\source\repos\torcs\torcs\config\raceman\practice.xml
[2026-04-18 14:35:09.150] launch command dispatched
[2026-04-18 14:35:10.258] running autostart script: C:\Users\szymo\source\repos\torcs\gym_torcs\autostart_windows.bat
[2026-04-18 14:35:21.551] autostart script finished
[2026-04-18 14:35:21.553] launcher completed
[2026-04-18 14:35:22.552] begin launcher
[2026-04-18 14:35:22.556] TORCS_EXE=C:\Users\szymo\source\repos\torcs\torcs\wtorcs.exe
[2026-04-18 14:35:22.557] VISION_FLAG=novision
[2026-04-18 14:35:22.557] LAUNCH_MODE=foreground
[2026-04-18 14:35:22.558] RACE_CONFIG=C:\Users\szymo\source\repos\torcs\torcs\config\raceman\practice.xml
[2026-04-18 14:35:23.725] launch command dispatched
[2026-04-18 14:35:24.834] running autostart script: C:\Users\szymo\source\repos\torcs\gym_torcs\autostart_windows.bat
[2026-04-18 14:35:36.099] autostart script finished
[2026-04-18 14:35:36.100] launcher completed
[2026-04-18 14:35:36.871] begin launcher
[2026-04-18 14:35:36.875] TORCS_EXE=C:\Users\szymo\source\repos\torcs\torcs\wtorcs.exe
[2026-04-18 14:35:36.875] VISION_FLAG=novision
[2026-04-18 14:35:36.876] LAUNCH_MODE=foreground
[2026-04-18 14:35:36.876] RACE_CONFIG=C:\Users\szymo\source\repos\torcs\torcs\config\raceman\practice.xml
[2026-04-18 14:35:38.052] launch command dispatched
[2026-04-18 14:35:39.171] running autostart script: C:\Users\szymo\source\repos\torcs\gym_torcs\autostart_windows.bat
[2026-04-18 14:35:50.487] autostart script finished
[2026-04-18 14:35:50.489] launcher completed
[2026-04-18 14:35:51.256] begin launcher
[2026-04-18 14:35:51.261] TORCS_EXE=C:\Users\szymo\source\repos\torcs\torcs\wtorcs.exe
[2026-04-18 14:35:51.261] VISION_FLAG=novision
[2026-04-18 14:35:51.262] LAUNCH_MODE=foreground
[2026-04-18 14:35:51.262] RACE_CONFIG=C:\Users\szymo\source\repos\torcs\torcs\config\raceman\practice.xml
[2026-04-18 14:35:52.459] launch command dispatched
[2026-04-18 14:35:53.568] running autostart script: C:\Users\szymo\source\repos\torcs\gym_torcs\autostart_windows.bat
[2026-04-18 14:36:04.814] autostart script finished
[2026-04-18 14:36:04.816] launcher completed
[2026-04-18 14:36:06.114] begin launcher
[2026-04-18 14:36:06.118] TORCS_EXE=C:\Users\szymo\source\repos\torcs\torcs\wtorcs.exe
[2026-04-18 14:36:06.119] VISION_FLAG=novision
[2026-04-18 14:36:06.119] LAUNCH_MODE=foreground
[2026-04-18 14:36:06.120] RACE_CONFIG=C:\Users\szymo\source\repos\torcs\torcs\config\raceman\practice.xml
[2026-04-18 14:36:07.326] launch command dispatched
[2026-04-18 14:36:08.439] running autostart script: C:\Users\szymo\source\repos\torcs\gym_torcs\autostart_windows.bat
[2026-04-18 14:36:19.662] autostart script finished
[2026-04-18 14:36:19.664] launcher completed
[2026-04-18 14:36:21.019] begin launcher
[2026-04-18 14:36:21.023] TORCS_EXE=C:\Users\szymo\source\repos\torcs\torcs\wtorcs.exe
[2026-04-18 14:36:21.024] VISION_FLAG=novision
[2026-04-18 14:36:21.024] LAUNCH_MODE=foreground
[2026-04-18 14:36:21.025] RACE_CONFIG=C:\Users\szymo\source\repos\torcs\torcs\config\raceman\practice.xml
[2026-04-18 14:36:22.209] launch command dispatched
[2026-04-18 14:36:23.318] running autostart script: C:\Users\szymo\source\repos\torcs\gym_torcs\autostart_windows.bat
[2026-04-18 14:36:34.570] autostart script finished
[2026-04-18 14:36:34.573] launcher completed
[2026-04-18 14:36:35.218] begin launcher
[2026-04-18 14:36:35.221] TORCS_EXE=C:\Users\szymo\source\repos\torcs\torcs\wtorcs.exe
[2026-04-18 14:36:35.222] VISION_FLAG=novision
[2026-04-18 14:36:35.223] LAUNCH_MODE=foreground
[2026-04-18 14:36:35.223] RACE_CONFIG=C:\Users\szymo\source\repos\torcs\torcs\config\raceman\practice.xml
[2026-04-18 14:36:36.478] launch command dispatched
[2026-04-18 14:36:37.591] running autostart script: C:\Users\szymo\source\repos\torcs\gym_torcs\autostart_windows.bat
[2026-04-18 14:36:48.855] autostart script finished
[2026-04-18 14:36:48.857] launcher completed
[2026-04-18 14:43:08.772] begin launcher
[2026-04-18 14:43:08.776] TORCS_EXE=C:\Users\szymo\source\repos\torcs\torcs\wtorcs.exe
[2026-04-18 14:43:08.776] VISION_FLAG=novision
[2026-04-18 14:43:08.777] LAUNCH_MODE=foreground
[2026-04-18 14:43:08.777] RACE_CONFIG=C:\Users\szymo\source\repos\torcs\torcs\config\raceman\practice.xml
[2026-04-18 14:43:08.778] AUTOSTART_SCRIPT=C:\Users\szymo\source\repos\torcs\gym_torcs\autostart_windows.bat
[2026-04-18 14:43:09.260] launch command dispatched
[2026-04-18 14:43:09.261] race config specified: skipping autostart, focus, and waits
[2026-04-18 14:43:09.262] launcher completed
[2026-04-18 14:43:10.544] begin launcher
[2026-04-18 14:43:10.548] TORCS_EXE=C:\Users\szymo\source\repos\torcs\torcs\wtorcs.exe
[2026-04-18 14:43:10.548] VISION_FLAG=novision
[2026-04-18 14:43:10.549] LAUNCH_MODE=foreground
[2026-04-18 14:43:10.549] RACE_CONFIG=C:\Users\szymo\source\repos\torcs\torcs\config\raceman\practice.xml
[2026-04-18 14:43:10.550] AUTOSTART_SCRIPT=C:\Users\szymo\source\repos\torcs\gym_torcs\autostart_windows.bat
[2026-04-18 14:43:11.030] launch command dispatched
[2026-04-18 14:43:11.031] race config specified: skipping autostart, focus, and waits
[2026-04-18 14:43:11.032] launcher completed
[2026-04-18 14:43:13.296] begin launcher
[2026-04-18 14:43:13.300] TORCS_EXE=C:\Users\szymo\source\repos\torcs\torcs\wtorcs.exe
[2026-04-18 14:43:13.301] VISION_FLAG=novision
[2026-04-18 14:43:13.301] LAUNCH_MODE=foreground
[2026-04-18 14:43:13.302] RACE_CONFIG=C:\Users\szymo\source\repos\torcs\torcs\config\raceman\practice.xml
[2026-04-18 14:43:13.302] AUTOSTART_SCRIPT=C:\Users\szymo\source\repos\torcs\gym_torcs\autostart_windows.bat
[2026-04-18 14:43:13.880] launch command dispatched
[2026-04-18 14:43:13.881] race config specified: skipping autostart, focus, and waits
[2026-04-18 14:43:13.882] launcher completed
[2026-04-18 14:43:15.715] begin launcher
[2026-04-18 14:43:15.719] TORCS_EXE=C:\Users\szymo\source\repos\torcs\torcs\wtorcs.exe
[2026-04-18 14:43:15.719] VISION_FLAG=novision
[2026-04-18 14:43:15.720] LAUNCH_MODE=foreground
[2026-04-18 14:43:15.720] RACE_CONFIG=C:\Users\szymo\source\repos\torcs\torcs\config\raceman\practice.xml
[2026-04-18 14:43:15.721] AUTOSTART_SCRIPT=C:\Users\szymo\source\repos\torcs\gym_torcs\autostart_windows.bat
[2026-04-18 14:43:16.216] launch command dispatched
[2026-04-18 14:43:16.217] race config specified: skipping autostart, focus, and waits
[2026-04-18 14:43:16.218] launcher completed
[2026-04-18 14:43:17.952] begin launcher
[2026-04-18 14:43:17.956] TORCS_EXE=C:\Users\szymo\source\repos\torcs\torcs\wtorcs.exe
[2026-04-18 14:43:17.957] VISION_FLAG=novision
[2026-04-18 14:43:17.957] LAUNCH_MODE=foreground
[2026-04-18 14:43:17.958] RACE_CONFIG=C:\Users\szymo\source\repos\torcs\torcs\config\raceman\practice.xml
[2026-04-18 14:43:17.958] AUTOSTART_SCRIPT=C:\Users\szymo\source\repos\torcs\gym_torcs\autostart_windows.bat
[2026-04-18 14:43:18.415] launch command dispatched
[2026-04-18 14:43:18.416] race config specified: skipping autostart, focus, and waits
[2026-04-18 14:43:18.417] launcher completed
[2026-04-18 14:43:20.092] begin launcher
[2026-04-18 14:43:20.096] TORCS_EXE=C:\Users\szymo\source\repos\torcs\torcs\wtorcs.exe
[2026-04-18 14:43:20.096] VISION_FLAG=novision
[2026-04-18 14:43:20.097] LAUNCH_MODE=foreground
[2026-04-18 14:43:20.097] RACE_CONFIG=C:\Users\szymo\source\repos\torcs\torcs\config\raceman\practice.xml
[2026-04-18 14:43:20.098] AUTOSTART_SCRIPT=C:\Users\szymo\source\repos\torcs\gym_torcs\autostart_windows.bat
[2026-04-18 14:43:20.595] launch command dispatched
[2026-04-18 14:43:20.596] race config specified: skipping autostart, focus, and waits
[2026-04-18 14:43:20.597] launcher completed
[2026-04-18 14:43:22.678] begin launcher
[2026-04-18 14:43:22.682] TORCS_EXE=C:\Users\szymo\source\repos\torcs\torcs\wtorcs.exe
[2026-04-18 14:43:22.683] VISION_FLAG=novision
[2026-04-18 14:43:22.684] LAUNCH_MODE=foreground
[2026-04-18 14:43:22.684] RACE_CONFIG=C:\Users\szymo\source\repos\torcs\torcs\config\raceman\practice.xml
[2026-04-18 14:43:22.685] AUTOSTART_SCRIPT=C:\Users\szymo\source\repos\torcs\gym_torcs\autostart_windows.bat
[2026-04-18 14:43:23.137] launch command dispatched
[2026-04-18 14:43:23.137] race config specified: skipping autostart, focus, and waits
[2026-04-18 14:43:23.138] launcher completed
[2026-04-18 14:43:24.879] begin launcher
[2026-04-18 14:43:24.883] TORCS_EXE=C:\Users\szymo\source\repos\torcs\torcs\wtorcs.exe
[2026-04-18 14:43:24.883] VISION_FLAG=novision
[2026-04-18 14:43:24.884] LAUNCH_MODE=foreground
[2026-04-18 14:43:24.884] RACE_CONFIG=C:\Users\szymo\source\repos\torcs\torcs\config\raceman\practice.xml
[2026-04-18 14:43:24.885] AUTOSTART_SCRIPT=C:\Users\szymo\source\repos\torcs\gym_torcs\autostart_windows.bat
[2026-04-18 14:43:25.346] launch command dispatched
[2026-04-18 14:43:25.347] race config specified: skipping autostart, focus, and waits
[2026-04-18 14:43:25.348] launcher completed
[2026-04-18 14:43:27.111] begin launcher
[2026-04-18 14:43:27.114] TORCS_EXE=C:\Users\szymo\source\repos\torcs\torcs\wtorcs.exe
[2026-04-18 14:43:27.115] VISION_FLAG=novision
[2026-04-18 14:43:27.115] LAUNCH_MODE=foreground
[2026-04-18 14:43:27.116] RACE_CONFIG=C:\Users\szymo\source\repos\torcs\torcs\config\raceman\practice.xml
[2026-04-18 14:43:27.117] AUTOSTART_SCRIPT=C:\Users\szymo\source\repos\torcs\gym_torcs\autostart_windows.bat
[2026-04-18 14:43:27.597] launch command dispatched
[2026-04-18 14:43:27.597] race config specified: skipping autostart, focus, and waits
[2026-04-18 14:43:27.598] launcher completed
[2026-04-18 14:43:29.900] begin launcher
[2026-04-18 14:43:29.904] TORCS_EXE=C:\Users\szymo\source\repos\torcs\torcs\wtorcs.exe
[2026-04-18 14:43:29.905] VISION_FLAG=novision
[2026-04-18 14:43:29.905] LAUNCH_MODE=foreground
[2026-04-18 14:43:29.906] RACE_CONFIG=C:\Users\szymo\source\repos\torcs\torcs\config\raceman\practice.xml
[2026-04-18 14:43:29.906] AUTOSTART_SCRIPT=C:\Users\szymo\source\repos\torcs\gym_torcs\autostart_windows.bat
[2026-04-18 14:43:30.361] launch command dispatched
[2026-04-18 14:43:30.361] race config specified: skipping autostart, focus, and waits
[2026-04-18 14:43:30.363] launcher completed
[2026-04-18 14:43:31.890] begin launcher
[2026-04-18 14:43:31.894] TORCS_EXE=C:\Users\szymo\source\repos\torcs\torcs\wtorcs.exe
[2026-04-18 14:43:31.895] VISION_FLAG=novision
[2026-04-18 14:43:31.895] LAUNCH_MODE=foreground
[2026-04-18 14:43:31.896] RACE_CONFIG=C:\Users\szymo\source\repos\torcs\torcs\config\raceman\practice.xml
[2026-04-18 14:43:31.896] AUTOSTART_SCRIPT=C:\Users\szymo\source\repos\torcs\gym_torcs\autostart_windows.bat
[2026-04-18 14:43:32.349] launch command dispatched
[2026-04-18 14:43:32.350] race config specified: skipping autostart, focus, and waits
[2026-04-18 14:43:32.351] launcher completed
[2026-04-18 14:43:33.935] begin launcher
[2026-04-18 14:43:33.939] TORCS_EXE=C:\Users\szymo\source\repos\torcs\torcs\wtorcs.exe
[2026-04-18 14:43:33.939] VISION_FLAG=novision
[2026-04-18 14:43:33.940] LAUNCH_MODE=foreground
[2026-04-18 14:43:33.941] RACE_CONFIG=C:\Users\szymo\source\repos\torcs\torcs\config\raceman\practice.xml
[2026-04-18 14:43:33.941] AUTOSTART_SCRIPT=C:\Users\szymo\source\repos\torcs\gym_torcs\autostart_windows.bat
[2026-04-18 14:43:34.412] launch command dispatched
[2026-04-18 14:43:34.413] race config specified: skipping autostart, focus, and waits
[2026-04-18 14:43:34.414] launcher completed
[2026-04-18 14:43:36.258] begin launcher
[2026-04-18 14:43:36.262] TORCS_EXE=C:\Users\szymo\source\repos\torcs\torcs\wtorcs.exe
[2026-04-18 14:43:36.263] VISION_FLAG=novision
[2026-04-18 14:43:36.263] LAUNCH_MODE=foreground
[2026-04-18 14:43:36.264] RACE_CONFIG=C:\Users\szymo\source\repos\torcs\torcs\config\raceman\practice.xml
[2026-04-18 14:43:36.264] AUTOSTART_SCRIPT=C:\Users\szymo\source\repos\torcs\gym_torcs\autostart_windows.bat
[2026-04-18 14:43:36.736] launch command dispatched
[2026-04-18 14:43:36.736] race config specified: skipping autostart, focus, and waits
[2026-04-18 14:43:36.738] launcher completed
[2026-04-18 14:43:38.878] begin launcher
[2026-04-18 14:43:38.882] TORCS_EXE=C:\Users\szymo\source\repos\torcs\torcs\wtorcs.exe
[2026-04-18 14:43:38.882] VISION_FLAG=novision
[2026-04-18 14:43:38.883] LAUNCH_MODE=foreground
[2026-04-18 14:43:38.883] RACE_CONFIG=C:\Users\szymo\source\repos\torcs\torcs\config\raceman\practice.xml
[2026-04-18 14:43:38.884] AUTOSTART_SCRIPT=C:\Users\szymo\source\repos\torcs\gym_torcs\autostart_windows.bat
[2026-04-18 14:43:39.359] launch command dispatched
[2026-04-18 14:43:39.360] race config specified: skipping autostart, focus, and waits
[2026-04-18 14:43:39.361] launcher completed
[2026-04-18 14:43:41.500] begin launcher
[2026-04-18 14:43:41.504] TORCS_EXE=C:\Users\szymo\source\repos\torcs\torcs\wtorcs.exe
[2026-04-18 14:43:41.505] VISION_FLAG=novision
[2026-04-18 14:43:41.505] LAUNCH_MODE=foreground
[2026-04-18 14:43:41.506] RACE_CONFIG=C:\Users\szymo\source\repos\torcs\torcs\config\raceman\practice.xml
[2026-04-18 14:43:41.506] AUTOSTART_SCRIPT=C:\Users\szymo\source\repos\torcs\gym_torcs\autostart_windows.bat
[2026-04-18 14:43:41.971] launch command dispatched
[2026-04-18 14:43:41.972] race config specified: skipping autostart, focus, and waits
[2026-04-18 14:43:41.973] launcher completed
[2026-04-18 14:43:44.520] begin launcher
[2026-04-18 14:43:44.524] TORCS_EXE=C:\Users\szymo\source\repos\torcs\torcs\wtorcs.exe
[2026-04-18 14:43:44.525] VISION_FLAG=novision
[2026-04-18 14:43:44.525] LAUNCH_MODE=foreground
[2026-04-18 14:43:44.526] RACE_CONFIG=C:\Users\szymo\source\repos\torcs\torcs\config\raceman\practice.xml
[2026-04-18 14:43:44.526] AUTOSTART_SCRIPT=C:\Users\szymo\source\repos\torcs\gym_torcs\autostart_windows.bat
[2026-04-18 14:43:44.987] launch command dispatched
[2026-04-18 14:43:44.988] race config specified: skipping autostart, focus, and waits
[2026-04-18 14:43:44.989] launcher completed
[2026-04-18 14:43:47.402] begin launcher
[2026-04-18 14:43:47.406] TORCS_EXE=C:\Users\szymo\source\repos\torcs\torcs\wtorcs.exe
[2026-04-18 14:43:47.407] VISION_FLAG=novision
[2026-04-18 14:43:47.407] LAUNCH_MODE=foreground
[2026-04-18 14:43:47.408] RACE_CONFIG=C:\Users\szymo\source\repos\torcs\torcs\config\raceman\practice.xml
[2026-04-18 14:43:47.408] AUTOSTART_SCRIPT=C:\Users\szymo\source\repos\torcs\gym_torcs\autostart_windows.bat
[2026-04-18 14:43:47.856] launch command dispatched
[2026-04-18 14:43:47.857] race config specified: skipping autostart, focus, and waits
[2026-04-18 14:43:47.858] launcher completed
[2026-04-18 14:43:49.378] begin launcher
[2026-04-18 14:43:49.382] TORCS_EXE=C:\Users\szymo\source\repos\torcs\torcs\wtorcs.exe
[2026-04-18 14:43:49.382] VISION_FLAG=novision
[2026-04-18 14:43:49.383] LAUNCH_MODE=foreground
[2026-04-18 14:43:49.383] RACE_CONFIG=C:\Users\szymo\source\repos\torcs\torcs\config\raceman\practice.xml
[2026-04-18 14:43:49.384] AUTOSTART_SCRIPT=C:\Users\szymo\source\repos\torcs\gym_torcs\autostart_windows.bat
[2026-04-18 14:43:49.841] launch command dispatched
[2026-04-18 14:43:49.841] race config specified: skipping autostart, focus, and waits
[2026-04-18 14:43:49.844] launcher completed
[2026-04-18 14:43:56.112] begin launcher
[2026-04-18 14:43:56.116] TORCS_EXE=C:\Users\szymo\source\repos\torcs\torcs\wtorcs.exe
[2026-04-18 14:43:56.116] VISION_FLAG=novision
[2026-04-18 14:43:56.117] LAUNCH_MODE=foreground
[2026-04-18 14:43:56.117] RACE_CONFIG=C:\Users\szymo\source\repos\torcs\torcs\config\raceman\practice.xml
[2026-04-18 14:43:56.118] AUTOSTART_SCRIPT=C:\Users\szymo\source\repos\torcs\gym_torcs\autostart_windows.bat
[2026-04-18 14:43:56.627] launch command dispatched
[2026-04-18 14:43:56.628] race config specified: skipping autostart, focus, and waits
[2026-04-18 14:43:56.629] launcher completed
[2026-04-18 14:44:02.999] begin launcher
[2026-04-18 14:44:03.003] TORCS_EXE=C:\Users\szymo\source\repos\torcs\torcs\wtorcs.exe
[2026-04-18 14:44:03.004] VISION_FLAG=novision
[2026-04-18 14:44:03.005] LAUNCH_MODE=foreground
[2026-04-18 14:44:03.005] RACE_CONFIG=C:\Users\szymo\source\repos\torcs\torcs\config\raceman\practice.xml
[2026-04-18 14:44:03.005] AUTOSTART_SCRIPT=C:\Users\szymo\source\repos\torcs\gym_torcs\autostart_windows.bat
[2026-04-18 14:44:03.465] launch command dispatched
[2026-04-18 14:44:03.466] race config specified: skipping autostart, focus, and waits
[2026-04-18 14:44:03.467] launcher completed
[2026-04-18 14:44:10.292] begin launcher
[2026-04-18 14:44:10.296] TORCS_EXE=C:\Users\szymo\source\repos\torcs\torcs\wtorcs.exe
[2026-04-18 14:44:10.296] VISION_FLAG=novision
[2026-04-18 14:44:10.297] LAUNCH_MODE=foreground
[2026-04-18 14:44:10.298] RACE_CONFIG=C:\Users\szymo\source\repos\torcs\torcs\config\raceman\practice.xml
[2026-04-18 14:44:10.298] AUTOSTART_SCRIPT=C:\Users\szymo\source\repos\torcs\gym_torcs\autostart_windows.bat
[2026-04-18 14:44:10.787] launch command dispatched
[2026-04-18 14:44:10.788] race config specified: skipping autostart, focus, and waits
[2026-04-18 14:44:10.789] launcher completed
[2026-04-18 14:44:17.462] begin launcher
[2026-04-18 14:44:17.466] TORCS_EXE=C:\Users\szymo\source\repos\torcs\torcs\wtorcs.exe
[2026-04-18 14:44:17.466] VISION_FLAG=novision
[2026-04-18 14:44:17.467] LAUNCH_MODE=foreground
[2026-04-18 14:44:17.467] RACE_CONFIG=C:\Users\szymo\source\repos\torcs\torcs\config\raceman\practice.xml
[2026-04-18 14:44:17.468] AUTOSTART_SCRIPT=C:\Users\szymo\source\repos\torcs\gym_torcs\autostart_windows.bat
[2026-04-18 14:44:17.914] launch command dispatched
[2026-04-18 14:44:17.915] race config specified: skipping autostart, focus, and waits
[2026-04-18 14:44:17.916] launcher completed
[2026-04-18 14:44:24.432] begin launcher
[2026-04-18 14:44:24.436] TORCS_EXE=C:\Users\szymo\source\repos\torcs\torcs\wtorcs.exe
[2026-04-18 14:44:24.436] VISION_FLAG=novision
[2026-04-18 14:44:24.437] LAUNCH_MODE=foreground
[2026-04-18 14:44:24.437] RACE_CONFIG=C:\Users\szymo\source\repos\torcs\torcs\config\raceman\practice.xml
[2026-04-18 14:44:24.438] AUTOSTART_SCRIPT=C:\Users\szymo\source\repos\torcs\gym_torcs\autostart_windows.bat
[2026-04-18 14:44:24.917] launch command dispatched
[2026-04-18 14:44:24.918] race config specified: skipping autostart, focus, and waits
[2026-04-18 14:44:24.919] launcher completed
[2026-04-18 14:45:13.585] begin launcher
[2026-04-18 14:45:13.589] TORCS_EXE=C:\Users\szymo\source\repos\torcs\torcs\wtorcs.exe
[2026-04-18 14:45:13.589] VISION_FLAG=novision
[2026-04-18 14:45:13.590] LAUNCH_MODE=foreground
[2026-04-18 14:45:13.591] RACE_CONFIG=C:\Users\szymo\source\repos\torcs\torcs\config\raceman\practice.xml
[2026-04-18 14:45:13.591] AUTOSTART_SCRIPT=C:\Users\szymo\source\repos\torcs\gym_torcs\autostart_windows.bat
[2026-04-18 14:45:14.001] launch command dispatched
[2026-04-18 14:45:14.002] race config specified: skipping autostart, focus, and waits
[2026-04-18 14:45:14.004] launcher completed
[2026-04-18 14:45:15.277] begin launcher
[2026-04-18 14:45:15.281] TORCS_EXE=C:\Users\szymo\source\repos\torcs\torcs\wtorcs.exe
[2026-04-18 14:45:15.282] VISION_FLAG=novision
[2026-04-18 14:45:15.282] LAUNCH_MODE=foreground
[2026-04-18 14:45:15.283] RACE_CONFIG=C:\Users\szymo\source\repos\torcs\torcs\config\raceman\practice.xml
[2026-04-18 14:45:15.283] AUTOSTART_SCRIPT=C:\Users\szymo\source\repos\torcs\gym_torcs\autostart_windows.bat
[2026-04-18 14:45:15.720] launch command dispatched
[2026-04-18 14:45:15.721] race config specified: skipping autostart, focus, and waits
[2026-04-18 14:45:15.722] launcher completed
[2026-04-18 14:45:17.943] begin launcher
[2026-04-18 14:45:17.947] TORCS_EXE=C:\Users\szymo\source\repos\torcs\torcs\wtorcs.exe
[2026-04-18 14:45:17.947] VISION_FLAG=novision
[2026-04-18 14:45:17.948] LAUNCH_MODE=foreground
[2026-04-18 14:45:17.948] RACE_CONFIG=C:\Users\szymo\source\repos\torcs\torcs\config\raceman\practice.xml
[2026-04-18 14:45:17.949] AUTOSTART_SCRIPT=C:\Users\szymo\source\repos\torcs\gym_torcs\autostart_windows.bat
[2026-04-18 14:45:18.399] launch command dispatched
[2026-04-18 14:45:18.400] race config specified: skipping autostart, focus, and waits
[2026-04-18 14:45:18.401] launcher completed
[2026-04-18 14:45:20.932] begin launcher
[2026-04-18 14:45:20.936] TORCS_EXE=C:\Users\szymo\source\repos\torcs\torcs\wtorcs.exe
[2026-04-18 14:45:20.937] VISION_FLAG=novision
[2026-04-18 14:45:20.937] LAUNCH_MODE=foreground
[2026-04-18 14:45:20.938] RACE_CONFIG=C:\Users\szymo\source\repos\torcs\torcs\config\raceman\practice.xml
[2026-04-18 14:45:20.939] AUTOSTART_SCRIPT=C:\Users\szymo\source\repos\torcs\gym_torcs\autostart_windows.bat
[2026-04-18 14:45:21.403] launch command dispatched
[2026-04-18 14:45:21.404] race config specified: skipping autostart, focus, and waits
[2026-04-18 14:45:21.405] launcher completed
[2026-04-18 14:45:23.066] begin launcher
[2026-04-18 14:45:23.070] TORCS_EXE=C:\Users\szymo\source\repos\torcs\torcs\wtorcs.exe
[2026-04-18 14:45:23.071] VISION_FLAG=novision
[2026-04-18 14:45:23.071] LAUNCH_MODE=foreground
[2026-04-18 14:45:23.072] RACE_CONFIG=C:\Users\szymo\source\repos\torcs\torcs\config\raceman\practice.xml
[2026-04-18 14:45:23.072] AUTOSTART_SCRIPT=C:\Users\szymo\source\repos\torcs\gym_torcs\autostart_windows.bat
[2026-04-18 14:45:23.578] launch command dispatched
[2026-04-18 14:45:23.579] race config specified: skipping autostart, focus, and waits
[2026-04-18 14:45:23.580] launcher completed
[2026-04-18 14:45:25.611] begin launcher
[2026-04-18 14:45:25.615] TORCS_EXE=C:\Users\szymo\source\repos\torcs\torcs\wtorcs.exe
[2026-04-18 14:45:25.616] VISION_FLAG=novision
[2026-04-18 14:45:25.616] LAUNCH_MODE=foreground
[2026-04-18 14:45:25.617] RACE_CONFIG=C:\Users\szymo\source\repos\torcs\torcs\config\raceman\practice.xml
[2026-04-18 14:45:25.617] AUTOSTART_SCRIPT=C:\Users\szymo\source\repos\torcs\gym_torcs\autostart_windows.bat
[2026-04-18 14:45:26.148] launch command dispatched
[2026-04-18 14:45:26.149] race config specified: skipping autostart, focus, and waits
[2026-04-18 14:45:26.150] launcher completed
[2026-04-18 14:45:27.840] begin launcher
[2026-04-18 14:45:27.844] TORCS_EXE=C:\Users\szymo\source\repos\torcs\torcs\wtorcs.exe
[2026-04-18 14:45:27.845] VISION_FLAG=novision
[2026-04-18 14:45:27.845] LAUNCH_MODE=foreground
[2026-04-18 14:45:27.846] RACE_CONFIG=C:\Users\szymo\source\repos\torcs\torcs\config\raceman\practice.xml
[2026-04-18 14:45:27.846] AUTOSTART_SCRIPT=C:\Users\szymo\source\repos\torcs\gym_torcs\autostart_windows.bat
[2026-04-18 14:45:28.313] launch command dispatched
[2026-04-18 14:45:28.314] race config specified: skipping autostart, focus, and waits
[2026-04-18 14:45:28.316] launcher completed
[2026-04-18 14:45:30.185] begin launcher
[2026-04-18 14:45:30.189] TORCS_EXE=C:\Users\szymo\source\repos\torcs\torcs\wtorcs.exe
[2026-04-18 14:45:30.189] VISION_FLAG=novision
[2026-04-18 14:45:30.190] LAUNCH_MODE=foreground
[2026-04-18 14:45:30.191] RACE_CONFIG=C:\Users\szymo\source\repos\torcs\torcs\config\raceman\practice.xml
[2026-04-18 14:45:30.191] AUTOSTART_SCRIPT=C:\Users\szymo\source\repos\torcs\gym_torcs\autostart_windows.bat
[2026-04-18 14:45:30.655] launch command dispatched
[2026-04-18 14:45:30.656] race config specified: skipping autostart, focus, and waits
[2026-04-18 14:45:30.657] launcher completed
[2026-04-18 14:45:48.457] begin launcher
[2026-04-18 14:45:48.461] TORCS_EXE=C:\Users\szymo\source\repos\torcs\torcs\wtorcs.exe
[2026-04-18 14:45:48.461] VISION_FLAG=novision
[2026-04-18 14:45:48.462] LAUNCH_MODE=foreground
[2026-04-18 14:45:48.462] RACE_CONFIG=C:\Users\szymo\source\repos\torcs\torcs\config\raceman\practice.xml
[2026-04-18 14:45:48.463] AUTOSTART_SCRIPT=C:\Users\szymo\source\repos\torcs\gym_torcs\autostart_windows.bat
[2026-04-18 14:45:48.901] launch command dispatched
[2026-04-18 14:45:48.901] race config specified: skipping autostart, focus, and waits
[2026-04-18 14:45:48.902] launcher completed
[2026-04-18 14:45:50.169] begin launcher
[2026-04-18 14:45:50.173] TORCS_EXE=C:\Users\szymo\source\repos\torcs\torcs\wtorcs.exe
[2026-04-18 14:45:50.173] VISION_FLAG=novision
[2026-04-18 14:45:50.174] LAUNCH_MODE=foreground
[2026-04-18 14:45:50.174] RACE_CONFIG=C:\Users\szymo\source\repos\torcs\torcs\config\raceman\practice.xml
[2026-04-18 14:45:50.175] AUTOSTART_SCRIPT=C:\Users\szymo\source\repos\torcs\gym_torcs\autostart_windows.bat
[2026-04-18 14:45:50.583] launch command dispatched
[2026-04-18 14:45:50.584] race config specified: skipping autostart, focus, and waits
[2026-04-18 14:45:50.585] launcher completed
[2026-04-18 14:45:52.768] begin launcher
[2026-04-18 14:45:52.772] TORCS_EXE=C:\Users\szymo\source\repos\torcs\torcs\wtorcs.exe
[2026-04-18 14:45:52.773] VISION_FLAG=novision
[2026-04-18 14:45:52.773] LAUNCH_MODE=foreground
[2026-04-18 14:45:52.774] RACE_CONFIG=C:\Users\szymo\source\repos\torcs\torcs\config\raceman\practice.xml
[2026-04-18 14:45:52.775] AUTOSTART_SCRIPT=C:\Users\szymo\source\repos\torcs\gym_torcs\autostart_windows.bat
[2026-04-18 14:45:53.281] launch command dispatched
[2026-04-18 14:45:53.281] race config specified: skipping autostart, focus, and waits
[2026-04-18 14:45:53.282] launcher completed
[2026-04-18 14:45:55.191] begin launcher
[2026-04-18 14:45:55.195] TORCS_EXE=C:\Users\szymo\source\repos\torcs\torcs\wtorcs.exe
[2026-04-18 14:45:55.195] VISION_FLAG=novision
[2026-04-18 14:45:55.196] LAUNCH_MODE=foreground
[2026-04-18 14:45:55.197] RACE_CONFIG=C:\Users\szymo\source\repos\torcs\torcs\config\raceman\practice.xml
[2026-04-18 14:45:55.197] AUTOSTART_SCRIPT=C:\Users\szymo\source\repos\torcs\gym_torcs\autostart_windows.bat
[2026-04-18 14:45:55.667] launch command dispatched
[2026-04-18 14:45:55.668] race config specified: skipping autostart, focus, and waits
[2026-04-18 14:45:55.669] launcher completed
[2026-04-18 14:46:47.764] begin launcher
[2026-04-18 14:46:47.768] TORCS_EXE=C:\Users\szymo\source\repos\torcs\torcs\wtorcs.exe
[2026-04-18 14:46:47.769] VISION_FLAG=novision
[2026-04-18 14:46:47.769] LAUNCH_MODE=foreground
[2026-04-18 14:46:47.770] RACE_CONFIG=
[2026-04-18 14:46:47.771] AUTOSTART_SCRIPT=C:\Users\szymo\source\repos\torcs\gym_torcs\autostart_windows.bat
[2026-04-18 14:46:48.879] launch command dispatched
[2026-04-18 14:46:49.992] running autostart script: C:\Users\szymo\source\repos\torcs\gym_torcs\autostart_windows.bat
[2026-04-18 14:46:54.280] autostart script finished
[2026-04-18 14:46:54.281] launcher completed
[2026-04-18 14:46:56.879] begin launcher
[2026-04-18 14:46:56.883] TORCS_EXE=C:\Users\szymo\source\repos\torcs\torcs\wtorcs.exe
[2026-04-18 14:46:56.883] VISION_FLAG=novision
[2026-04-18 14:46:56.884] LAUNCH_MODE=foreground
[2026-04-18 14:46:56.885] RACE_CONFIG=
[2026-04-18 14:46:56.885] AUTOSTART_SCRIPT=C:\Users\szymo\source\repos\torcs\gym_torcs\autostart_windows.bat
[2026-04-18 14:46:58.062] launch command dispatched
[2026-04-18 14:46:59.183] running autostart script: C:\Users\szymo\source\repos\torcs\gym_torcs\autostart_windows.bat
[2026-04-18 14:47:03.453] autostart script finished
[2026-04-18 14:47:03.454] launcher completed
[2026-04-18 14:47:06.939] begin launcher
[2026-04-18 14:47:06.943] TORCS_EXE=C:\Users\szymo\source\repos\torcs\torcs\wtorcs.exe
[2026-04-18 14:47:06.943] VISION_FLAG=novision
[2026-04-18 14:47:06.944] LAUNCH_MODE=foreground
[2026-04-18 14:47:06.945] RACE_CONFIG=
[2026-04-18 14:47:06.945] AUTOSTART_SCRIPT=C:\Users\szymo\source\repos\torcs\gym_torcs\autostart_windows.bat
[2026-04-18 14:47:08.116] launch command dispatched
[2026-04-18 14:47:09.229] running autostart script: C:\Users\szymo\source\repos\torcs\gym_torcs\autostart_windows.bat
[2026-04-18 14:47:13.476] autostart script finished
[2026-04-18 14:47:13.477] launcher completed
[2026-04-18 14:47:42.049] begin launcher
[2026-04-18 14:47:42.053] TORCS_EXE=C:\Users\szymo\source\repos\torcs\torcs\wtorcs.exe
[2026-04-18 14:47:42.054] VISION_FLAG=novision
[2026-04-18 14:47:42.054] LAUNCH_MODE=foreground
[2026-04-18 14:47:42.055] RACE_CONFIG=
[2026-04-18 14:47:42.055] AUTOSTART_SCRIPT=C:\Users\szymo\source\repos\torcs\gym_torcs\autostart_windows.bat
[2026-04-18 14:47:43.242] launch command dispatched
[2026-04-18 14:47:44.354] running autostart script: C:\Users\szymo\source\repos\torcs\gym_torcs\autostart_windows.bat
[2026-04-18 14:47:48.618] autostart script finished
[2026-04-18 14:47:48.620] launcher completed
[2026-04-18 14:48:05.584] begin launcher
[2026-04-18 14:48:05.588] TORCS_EXE=C:\Users\szymo\source\repos\torcs\torcs\wtorcs.exe
[2026-04-18 14:48:05.589] VISION_FLAG=novision
[2026-04-18 14:48:05.589] LAUNCH_MODE=foreground
[2026-04-18 14:48:05.590] RACE_CONFIG=
[2026-04-18 14:48:05.591] AUTOSTART_SCRIPT=C:\Users\szymo\source\repos\torcs\gym_torcs\autostart_windows.bat
[2026-04-18 14:48:06.746] launch command dispatched
[2026-04-18 14:48:07.862] running autostart script: C:\Users\szymo\source\repos\torcs\gym_torcs\autostart_windows.bat
[2026-04-18 14:48:40.188] autostart script finished
[2026-04-18 14:48:40.189] launcher completed
[2026-04-18 14:49:04.931] begin launcher
[2026-04-18 14:49:04.935] TORCS_EXE=C:\Users\szymo\source\repos\torcs\torcs\wtorcs.exe
[2026-04-18 14:49:04.936] VISION_FLAG=novision
[2026-04-18 14:49:04.937] LAUNCH_MODE=foreground
[2026-04-18 14:49:04.937] RACE_CONFIG=C:\Users\szymo\source\repos\torcs\torcs\config\raceman\practice.xml
[2026-04-18 14:49:04.938] AUTOSTART_SCRIPT=C:\Users\szymo\source\repos\torcs\gym_torcs\autostart_windows.bat
[2026-04-18 14:49:05.548] launch command dispatched
[2026-04-18 14:49:05.549] race config specified: skipping autostart, focus, and waits
[2026-04-18 14:49:05.550] launcher completed
[2026-04-18 14:49:06.812] begin launcher
[2026-04-18 14:49:06.816] TORCS_EXE=C:\Users\szymo\source\repos\torcs\torcs\wtorcs.exe
[2026-04-18 14:49:06.817] VISION_FLAG=novision
[2026-04-18 14:49:06.817] LAUNCH_MODE=foreground
[2026-04-18 14:49:06.818] RACE_CONFIG=C:\Users\szymo\source\repos\torcs\torcs\config\raceman\practice.xml
[2026-04-18 14:49:06.818] AUTOSTART_SCRIPT=C:\Users\szymo\source\repos\torcs\gym_torcs\autostart_windows.bat
[2026-04-18 14:49:07.307] launch command dispatched
[2026-04-18 14:49:07.307] race config specified: skipping autostart, focus, and waits
[2026-04-18 14:49:07.308] launcher completed
[2026-04-18 14:49:09.518] begin launcher
[2026-04-18 14:49:09.522] TORCS_EXE=C:\Users\szymo\source\repos\torcs\torcs\wtorcs.exe
[2026-04-18 14:49:09.523] VISION_FLAG=novision
[2026-04-18 14:49:09.523] LAUNCH_MODE=foreground
[2026-04-18 14:49:09.525] RACE_CONFIG=C:\Users\szymo\source\repos\torcs\torcs\config\raceman\practice.xml
[2026-04-18 14:49:09.526] AUTOSTART_SCRIPT=C:\Users\szymo\source\repos\torcs\gym_torcs\autostart_windows.bat
[2026-04-18 14:49:09.976] launch command dispatched
[2026-04-18 14:49:09.977] race config specified: skipping autostart, focus, and waits
[2026-04-18 14:49:09.978] launcher completed
[2026-04-18 14:49:12.226] begin launcher
[2026-04-18 14:49:12.230] TORCS_EXE=C:\Users\szymo\source\repos\torcs\torcs\wtorcs.exe
[2026-04-18 14:49:12.231] VISION_FLAG=novision
[2026-04-18 14:49:12.231] LAUNCH_MODE=foreground
[2026-04-18 14:49:12.232] RACE_CONFIG=C:\Users\szymo\source\repos\torcs\torcs\config\raceman\practice.xml
[2026-04-18 14:49:12.232] AUTOSTART_SCRIPT=C:\Users\szymo\source\repos\torcs\gym_torcs\autostart_windows.bat
[2026-04-18 14:49:12.754] launch command dispatched
[2026-04-18 14:49:12.755] race config specified: skipping autostart, focus, and waits
[2026-04-18 14:49:12.756] launcher completed
[2026-04-18 14:49:14.549] begin launcher
[2026-04-18 14:49:14.553] TORCS_EXE=C:\Users\szymo\source\repos\torcs\torcs\wtorcs.exe
[2026-04-18 14:49:14.554] VISION_FLAG=novision
[2026-04-18 14:49:14.554] LAUNCH_MODE=foreground
[2026-04-18 14:49:14.555] RACE_CONFIG=C:\Users\szymo\source\repos\torcs\torcs\config\raceman\practice.xml
[2026-04-18 14:49:14.555] AUTOSTART_SCRIPT=C:\Users\szymo\source\repos\torcs\gym_torcs\autostart_windows.bat
[2026-04-18 14:49:15.029] launch command dispatched
[2026-04-18 14:49:15.030] race config specified: skipping autostart, focus, and waits
[2026-04-18 14:49:15.031] launcher completed
[2026-04-18 14:49:17.028] begin launcher
[2026-04-18 14:49:17.032] TORCS_EXE=C:\Users\szymo\source\repos\torcs\torcs\wtorcs.exe
[2026-04-18 14:49:17.033] VISION_FLAG=novision
[2026-04-18 14:49:17.033] LAUNCH_MODE=foreground
[2026-04-18 14:49:17.034] RACE_CONFIG=C:\Users\szymo\source\repos\torcs\torcs\config\raceman\practice.xml
[2026-04-18 14:49:17.034] AUTOSTART_SCRIPT=C:\Users\szymo\source\repos\torcs\gym_torcs\autostart_windows.bat
[2026-04-18 14:49:17.511] launch command dispatched
[2026-04-18 14:49:17.511] race config specified: skipping autostart, focus, and waits
[2026-04-18 14:49:17.512] launcher completed
[2026-04-18 14:49:19.309] begin launcher
[2026-04-18 14:49:19.313] TORCS_EXE=C:\Users\szymo\source\repos\torcs\torcs\wtorcs.exe
[2026-04-18 14:49:19.313] VISION_FLAG=novision
[2026-04-18 14:49:19.314] LAUNCH_MODE=foreground
[2026-04-18 14:49:19.314] RACE_CONFIG=C:\Users\szymo\source\repos\torcs\torcs\config\raceman\practice.xml
[2026-04-18 14:49:19.315] AUTOSTART_SCRIPT=C:\Users\szymo\source\repos\torcs\gym_torcs\autostart_windows.bat
[2026-04-18 14:49:19.787] launch command dispatched
[2026-04-18 14:49:19.788] race config specified: skipping autostart, focus, and waits
[2026-04-18 14:49:19.789] launcher completed
[2026-04-18 14:49:21.511] begin launcher
[2026-04-18 14:49:21.515] TORCS_EXE=C:\Users\szymo\source\repos\torcs\torcs\wtorcs.exe
[2026-04-18 14:49:21.516] VISION_FLAG=novision
[2026-04-18 14:49:21.516] LAUNCH_MODE=foreground
[2026-04-18 14:49:21.517] RACE_CONFIG=C:\Users\szymo\source\repos\torcs\torcs\config\raceman\practice.xml
[2026-04-18 14:49:21.517] AUTOSTART_SCRIPT=C:\Users\szymo\source\repos\torcs\gym_torcs\autostart_windows.bat
[2026-04-18 14:49:22.004] launch command dispatched
[2026-04-18 14:49:22.004] race config specified: skipping autostart, focus, and waits
[2026-04-18 14:49:22.005] launcher completed
[2026-04-18 14:49:24.365] begin launcher
[2026-04-18 14:49:24.369] TORCS_EXE=C:\Users\szymo\source\repos\torcs\torcs\wtorcs.exe
[2026-04-18 14:49:24.370] VISION_FLAG=novision
[2026-04-18 14:49:24.370] LAUNCH_MODE=foreground
[2026-04-18 14:49:24.371] RACE_CONFIG=C:\Users\szymo\source\repos\torcs\torcs\config\raceman\practice.xml
[2026-04-18 14:49:24.371] AUTOSTART_SCRIPT=C:\Users\szymo\source\repos\torcs\gym_torcs\autostart_windows.bat
[2026-04-18 14:49:24.872] launch command dispatched
[2026-04-18 14:49:24.873] race config specified: skipping autostart, focus, and waits
[2026-04-18 14:49:24.874] launcher completed
[2026-04-18 14:49:26.727] begin launcher
[2026-04-18 14:49:26.731] TORCS_EXE=C:\Users\szymo\source\repos\torcs\torcs\wtorcs.exe
[2026-04-18 14:49:26.732] VISION_FLAG=novision
[2026-04-18 14:49:26.732] LAUNCH_MODE=foreground
[2026-04-18 14:49:26.733] RACE_CONFIG=C:\Users\szymo\source\repos\torcs\torcs\config\raceman\practice.xml
[2026-04-18 14:49:26.734] AUTOSTART_SCRIPT=C:\Users\szymo\source\repos\torcs\gym_torcs\autostart_windows.bat
[2026-04-18 14:49:27.230] launch command dispatched
[2026-04-18 14:49:27.231] race config specified: skipping autostart, focus, and waits
[2026-04-18 14:49:27.232] launcher completed
[2026-04-18 14:49:28.816] begin launcher
[2026-04-18 14:49:28.820] TORCS_EXE=C:\Users\szymo\source\repos\torcs\torcs\wtorcs.exe
[2026-04-18 14:49:28.821] VISION_FLAG=novision
[2026-04-18 14:49:28.821] LAUNCH_MODE=foreground
[2026-04-18 14:49:28.822] RACE_CONFIG=C:\Users\szymo\source\repos\torcs\torcs\config\raceman\practice.xml
[2026-04-18 14:49:28.822] AUTOSTART_SCRIPT=C:\Users\szymo\source\repos\torcs\gym_torcs\autostart_windows.bat
[2026-04-18 14:49:29.321] launch command dispatched
[2026-04-18 14:49:29.322] race config specified: skipping autostart, focus, and waits
[2026-04-18 14:49:29.323] launcher completed
[2026-04-18 14:49:30.997] begin launcher
[2026-04-18 14:49:31.002] TORCS_EXE=C:\Users\szymo\source\repos\torcs\torcs\wtorcs.exe
[2026-04-18 14:49:31.002] VISION_FLAG=novision
[2026-04-18 14:49:31.003] LAUNCH_MODE=foreground
[2026-04-18 14:49:31.003] RACE_CONFIG=C:\Users\szymo\source\repos\torcs\torcs\config\raceman\practice.xml
[2026-04-18 14:49:31.004] AUTOSTART_SCRIPT=C:\Users\szymo\source\repos\torcs\gym_torcs\autostart_windows.bat
[2026-04-18 14:49:31.501] launch command dispatched
[2026-04-18 14:49:31.501] race config specified: skipping autostart, focus, and waits
[2026-04-18 14:49:31.503] launcher completed
[2026-04-18 14:49:33.600] begin launcher
[2026-04-18 14:49:33.603] TORCS_EXE=C:\Users\szymo\source\repos\torcs\torcs\wtorcs.exe
[2026-04-18 14:49:33.604] VISION_FLAG=novision
[2026-04-18 14:49:33.604] LAUNCH_MODE=foreground
[2026-04-18 14:49:33.605] RACE_CONFIG=C:\Users\szymo\source\repos\torcs\torcs\config\raceman\practice.xml
[2026-04-18 14:49:33.605] AUTOSTART_SCRIPT=C:\Users\szymo\source\repos\torcs\gym_torcs\autostart_windows.bat
[2026-04-18 14:49:34.104] launch command dispatched
[2026-04-18 14:49:34.105] race config specified: skipping autostart, focus, and waits
[2026-04-18 14:49:34.106] launcher completed
[2026-04-18 14:49:35.975] begin launcher
[2026-04-18 14:49:35.979] TORCS_EXE=C:\Users\szymo\source\repos\torcs\torcs\wtorcs.exe
[2026-04-18 14:49:35.980] VISION_FLAG=novision
[2026-04-18 14:49:35.980] LAUNCH_MODE=foreground
[2026-04-18 14:49:35.981] RACE_CONFIG=C:\Users\szymo\source\repos\torcs\torcs\config\raceman\practice.xml
[2026-04-18 14:49:35.981] AUTOSTART_SCRIPT=C:\Users\szymo\source\repos\torcs\gym_torcs\autostart_windows.bat
[2026-04-18 14:49:36.486] launch command dispatched
[2026-04-18 14:49:36.487] race config specified: skipping autostart, focus, and waits
[2026-04-18 14:49:36.488] launcher completed
[2026-04-18 14:49:38.059] begin launcher
[2026-04-18 14:49:38.063] TORCS_EXE=C:\Users\szymo\source\repos\torcs\torcs\wtorcs.exe
[2026-04-18 14:49:38.063] VISION_FLAG=novision
[2026-04-18 14:49:38.064] LAUNCH_MODE=foreground
[2026-04-18 14:49:38.065] RACE_CONFIG=C:\Users\szymo\source\repos\torcs\torcs\config\raceman\practice.xml
[2026-04-18 14:49:38.065] AUTOSTART_SCRIPT=C:\Users\szymo\source\repos\torcs\gym_torcs\autostart_windows.bat
[2026-04-18 14:49:38.545] launch command dispatched
[2026-04-18 14:49:38.545] race config specified: skipping autostart, focus, and waits
[2026-04-18 14:49:38.547] launcher completed
[2026-04-18 14:49:40.753] begin launcher
[2026-04-18 14:49:40.757] TORCS_EXE=C:\Users\szymo\source\repos\torcs\torcs\wtorcs.exe
[2026-04-18 14:49:40.757] VISION_FLAG=novision
[2026-04-18 14:49:40.758] LAUNCH_MODE=foreground
[2026-04-18 14:49:40.758] RACE_CONFIG=C:\Users\szymo\source\repos\torcs\torcs\config\raceman\practice.xml
[2026-04-18 14:49:40.759] AUTOSTART_SCRIPT=C:\Users\szymo\source\repos\torcs\gym_torcs\autostart_windows.bat
[2026-04-18 14:49:41.331] launch command dispatched
[2026-04-18 14:49:41.332] race config specified: skipping autostart, focus, and waits
[2026-04-18 14:49:41.333] launcher completed
[2026-04-18 14:49:43.074] begin launcher
[2026-04-18 14:49:43.079] TORCS_EXE=C:\Users\szymo\source\repos\torcs\torcs\wtorcs.exe
[2026-04-18 14:49:43.079] VISION_FLAG=novision
[2026-04-18 14:49:43.080] LAUNCH_MODE=foreground
[2026-04-18 14:49:43.080] RACE_CONFIG=C:\Users\szymo\source\repos\torcs\torcs\config\raceman\practice.xml
[2026-04-18 14:49:43.081] AUTOSTART_SCRIPT=C:\Users\szymo\source\repos\torcs\gym_torcs\autostart_windows.bat
[2026-04-18 14:49:43.566] launch command dispatched
[2026-04-18 14:49:43.567] race config specified: skipping autostart, focus, and waits
[2026-04-18 14:49:43.568] launcher completed
[2026-04-18 14:49:45.840] begin launcher
[2026-04-18 14:49:45.844] TORCS_EXE=C:\Users\szymo\source\repos\torcs\torcs\wtorcs.exe
[2026-04-18 14:49:45.845] VISION_FLAG=novision
[2026-04-18 14:49:45.845] LAUNCH_MODE=foreground
[2026-04-18 14:49:45.846] RACE_CONFIG=C:\Users\szymo\source\repos\torcs\torcs\config\raceman\practice.xml
[2026-04-18 14:49:45.846] AUTOSTART_SCRIPT=C:\Users\szymo\source\repos\torcs\gym_torcs\autostart_windows.bat
[2026-04-18 14:49:46.409] launch command dispatched
[2026-04-18 14:49:46.409] race config specified: skipping autostart, focus, and waits
[2026-04-18 14:49:46.411] launcher completed
[2026-04-18 14:49:52.751] begin launcher
[2026-04-18 14:49:52.755] TORCS_EXE=C:\Users\szymo\source\repos\torcs\torcs\wtorcs.exe
[2026-04-18 14:49:52.756] VISION_FLAG=novision
[2026-04-18 14:49:52.757] LAUNCH_MODE=foreground
[2026-04-18 14:49:52.757] RACE_CONFIG=C:\Users\szymo\source\repos\torcs\torcs\config\raceman\practice.xml
[2026-04-18 14:49:52.757] AUTOSTART_SCRIPT=C:\Users\szymo\source\repos\torcs\gym_torcs\autostart_windows.bat
[2026-04-18 14:49:53.315] launch command dispatched
[2026-04-18 14:49:53.316] race config specified: skipping autostart, focus, and waits
[2026-04-18 14:49:53.317] launcher completed
[2026-04-18 14:50:07.955] begin launcher
[2026-04-18 14:50:07.959] TORCS_EXE=C:\Users\szymo\source\repos\torcs\torcs\wtorcs.exe
[2026-04-18 14:50:07.960] VISION_FLAG=novision
[2026-04-18 14:50:07.960] LAUNCH_MODE=background
[2026-04-18 14:50:07.961] RACE_CONFIG=C:\Users\szymo\source\repos\torcs\torcs\config\raceman\practice.xml
[2026-04-18 14:50:07.961] AUTOSTART_SCRIPT=C:\Users\szymo\source\repos\torcs\gym_torcs\autostart_windows.bat
[2026-04-18 14:50:08.423] launch command dispatched
[2026-04-18 14:50:08.424] race config specified: skipping autostart, focus, and waits
[2026-04-18 14:50:08.451] no TORCS window found to minimize
[2026-04-18 14:50:08.452] launcher completed
[2026-04-18 14:50:09.718] begin launcher
[2026-04-18 14:50:09.722] TORCS_EXE=C:\Users\szymo\source\repos\torcs\torcs\wtorcs.exe
[2026-04-18 14:50:09.722] VISION_FLAG=novision
[2026-04-18 14:50:09.723] LAUNCH_MODE=background
[2026-04-18 14:50:09.724] RACE_CONFIG=C:\Users\szymo\source\repos\torcs\torcs\config\raceman\practice.xml
[2026-04-18 14:50:09.724] AUTOSTART_SCRIPT=C:\Users\szymo\source\repos\torcs\gym_torcs\autostart_windows.bat
[2026-04-18 14:50:10.247] launch command dispatched
[2026-04-18 14:50:10.248] race config specified: skipping autostart, focus, and waits
[2026-04-18 14:50:10.270] no TORCS window found to minimize
[2026-04-18 14:50:10.271] launcher completed
[2026-04-18 14:50:12.626] begin launcher
[2026-04-18 14:50:12.631] TORCS_EXE=C:\Users\szymo\source\repos\torcs\torcs\wtorcs.exe
[2026-04-18 14:50:12.632] VISION_FLAG=novision
[2026-04-18 14:50:12.632] LAUNCH_MODE=background
[2026-04-18 14:50:12.633] RACE_CONFIG=C:\Users\szymo\source\repos\torcs\torcs\config\raceman\practice.xml
[2026-04-18 14:50:12.634] AUTOSTART_SCRIPT=C:\Users\szymo\source\repos\torcs\gym_torcs\autostart_windows.bat
[2026-04-18 14:50:13.135] launch command dispatched
[2026-04-18 14:50:13.136] race config specified: skipping autostart, focus, and waits
[2026-04-18 14:50:13.154] no TORCS window found to minimize
[2026-04-18 14:50:13.154] launcher completed
[2026-04-18 14:50:15.177] begin launcher
[2026-04-18 14:50:15.181] TORCS_EXE=C:\Users\szymo\source\repos\torcs\torcs\wtorcs.exe
[2026-04-18 14:50:15.182] VISION_FLAG=novision
[2026-04-18 14:50:15.182] LAUNCH_MODE=background
[2026-04-18 14:50:15.183] RACE_CONFIG=C:\Users\szymo\source\repos\torcs\torcs\config\raceman\practice.xml
[2026-04-18 14:50:15.183] AUTOSTART_SCRIPT=C:\Users\szymo\source\repos\torcs\gym_torcs\autostart_windows.bat
[2026-04-18 14:50:15.683] launch command dispatched
[2026-04-18 14:50:15.683] race config specified: skipping autostart, focus, and waits
[2026-04-18 14:50:15.709] no TORCS window found to minimize
[2026-04-18 14:50:15.709] launcher completed
[2026-04-18 14:50:17.757] begin launcher
[2026-04-18 14:50:17.761] TORCS_EXE=C:\Users\szymo\source\repos\torcs\torcs\wtorcs.exe
[2026-04-18 14:50:17.761] VISION_FLAG=novision
[2026-04-18 14:50:17.762] LAUNCH_MODE=background
[2026-04-18 14:50:17.762] RACE_CONFIG=C:\Users\szymo\source\repos\torcs\torcs\config\raceman\practice.xml
[2026-04-18 14:50:17.763] AUTOSTART_SCRIPT=C:\Users\szymo\source\repos\torcs\gym_torcs\autostart_windows.bat
[2026-04-18 14:50:18.297] launch command dispatched
[2026-04-18 14:50:18.298] race config specified: skipping autostart, focus, and waits
[2026-04-18 14:50:18.320] no TORCS window found to minimize
[2026-04-18 14:50:18.320] launcher completed
[2026-04-18 14:50:19.818] begin launcher
[2026-04-18 14:50:19.822] TORCS_EXE=C:\Users\szymo\source\repos\torcs\torcs\wtorcs.exe
[2026-04-18 14:50:19.823] VISION_FLAG=novision
[2026-04-18 14:50:19.823] LAUNCH_MODE=background
[2026-04-18 14:50:19.824] RACE_CONFIG=C:\Users\szymo\source\repos\torcs\torcs\config\raceman\practice.xml
[2026-04-18 14:50:19.824] AUTOSTART_SCRIPT=C:\Users\szymo\source\repos\torcs\gym_torcs\autostart_windows.bat
[2026-04-18 14:50:20.324] launch command dispatched
[2026-04-18 14:50:20.325] race config specified: skipping autostart, focus, and waits
[2026-04-18 14:50:20.348] no TORCS window found to minimize
[2026-04-18 14:50:20.348] launcher completed
[2026-04-18 14:50:22.354] begin launcher
[2026-04-18 14:50:22.359] TORCS_EXE=C:\Users\szymo\source\repos\torcs\torcs\wtorcs.exe
[2026-04-18 14:50:22.359] VISION_FLAG=novision
[2026-04-18 14:50:22.360] LAUNCH_MODE=background
[2026-04-18 14:50:22.360] RACE_CONFIG=C:\Users\szymo\source\repos\torcs\torcs\config\raceman\practice.xml
[2026-04-18 14:50:22.361] AUTOSTART_SCRIPT=C:\Users\szymo\source\repos\torcs\gym_torcs\autostart_windows.bat
[2026-04-18 14:50:22.863] launch command dispatched
[2026-04-18 14:50:22.863] race config specified: skipping autostart, focus, and waits
[2026-04-18 14:50:22.886] no TORCS window found to minimize
[2026-04-18 14:50:22.887] launcher completed
[2026-04-18 14:50:24.467] begin launcher
[2026-04-18 14:50:24.471] TORCS_EXE=C:\Users\szymo\source\repos\torcs\torcs\wtorcs.exe
[2026-04-18 14:50:24.472] VISION_FLAG=novision
[2026-04-18 14:50:24.472] LAUNCH_MODE=background
[2026-04-18 14:50:24.472] RACE_CONFIG=C:\Users\szymo\source\repos\torcs\torcs\config\raceman\practice.xml
[2026-04-18 14:50:24.473] AUTOSTART_SCRIPT=C:\Users\szymo\source\repos\torcs\gym_torcs\autostart_windows.bat
[2026-04-18 14:50:24.950] launch command dispatched
[2026-04-18 14:50:24.951] race config specified: skipping autostart, focus, and waits
[2026-04-18 14:50:24.973] no TORCS window found to minimize
[2026-04-18 14:50:24.974] launcher completed
[2026-04-18 14:50:26.449] begin launcher
[2026-04-18 14:50:26.452] TORCS_EXE=C:\Users\szymo\source\repos\torcs\torcs\wtorcs.exe
[2026-04-18 14:50:26.453] VISION_FLAG=novision
[2026-04-18 14:50:26.454] LAUNCH_MODE=background
[2026-04-18 14:50:26.455] RACE_CONFIG=C:\Users\szymo\source\repos\torcs\torcs\config\raceman\practice.xml
[2026-04-18 14:50:26.455] AUTOSTART_SCRIPT=C:\Users\szymo\source\repos\torcs\gym_torcs\autostart_windows.bat
[2026-04-18 14:50:26.954] launch command dispatched
[2026-04-18 14:50:26.954] race config specified: skipping autostart, focus, and waits
[2026-04-18 14:50:26.976] no TORCS window found to minimize
[2026-04-18 14:50:26.977] launcher completed
[2026-04-18 14:50:28.642] begin launcher
[2026-04-18 14:50:28.646] TORCS_EXE=C:\Users\szymo\source\repos\torcs\torcs\wtorcs.exe
[2026-04-18 14:50:28.647] VISION_FLAG=novision
[2026-04-18 14:50:28.647] LAUNCH_MODE=background
[2026-04-18 14:50:28.648] RACE_CONFIG=C:\Users\szymo\source\repos\torcs\torcs\config\raceman\practice.xml
[2026-04-18 14:50:28.648] AUTOSTART_SCRIPT=C:\Users\szymo\source\repos\torcs\gym_torcs\autostart_windows.bat
[2026-04-18 14:50:29.185] launch command dispatched
[2026-04-18 14:50:29.186] race config specified: skipping autostart, focus, and waits
[2026-04-18 14:50:29.203] no TORCS window found to minimize
[2026-04-18 14:50:29.204] launcher completed
[2026-04-18 14:50:31.518] begin launcher
[2026-04-18 14:50:31.522] TORCS_EXE=C:\Users\szymo\source\repos\torcs\torcs\wtorcs.exe
[2026-04-18 14:50:31.522] VISION_FLAG=novision
[2026-04-18 14:50:31.523] LAUNCH_MODE=background
[2026-04-18 14:50:31.523] RACE_CONFIG=C:\Users\szymo\source\repos\torcs\torcs\config\raceman\practice.xml
[2026-04-18 14:50:31.524] AUTOSTART_SCRIPT=C:\Users\szymo\source\repos\torcs\gym_torcs\autostart_windows.bat
[2026-04-18 14:50:31.997] launch command dispatched
[2026-04-18 14:50:31.998] race config specified: skipping autostart, focus, and waits
[2026-04-18 14:50:32.021] no TORCS window found to minimize
[2026-04-18 14:50:32.021] launcher completed
[2026-04-18 14:50:34.292] begin launcher
[2026-04-18 14:50:34.296] TORCS_EXE=C:\Users\szymo\source\repos\torcs\torcs\wtorcs.exe
[2026-04-18 14:50:34.297] VISION_FLAG=novision
[2026-04-18 14:50:34.298] LAUNCH_MODE=background
[2026-04-18 14:50:34.298] RACE_CONFIG=C:\Users\szymo\source\repos\torcs\torcs\config\raceman\practice.xml
[2026-04-18 14:50:34.299] AUTOSTART_SCRIPT=C:\Users\szymo\source\repos\torcs\gym_torcs\autostart_windows.bat
[2026-04-18 14:50:34.870] launch command dispatched
[2026-04-18 14:50:34.871] race config specified: skipping autostart, focus, and waits
[2026-04-18 14:50:34.893] no TORCS window found to minimize
[2026-04-18 14:50:34.894] launcher completed
[2026-04-18 14:50:36.604] begin launcher
[2026-04-18 14:50:36.608] TORCS_EXE=C:\Users\szymo\source\repos\torcs\torcs\wtorcs.exe
[2026-04-18 14:50:36.609] VISION_FLAG=novision
[2026-04-18 14:50:36.609] LAUNCH_MODE=background
[2026-04-18 14:50:36.610] RACE_CONFIG=C:\Users\szymo\source\repos\torcs\torcs\config\raceman\practice.xml
[2026-04-18 14:50:36.610] AUTOSTART_SCRIPT=C:\Users\szymo\source\repos\torcs\gym_torcs\autostart_windows.bat
[2026-04-18 14:50:37.103] launch command dispatched
[2026-04-18 14:50:37.104] race config specified: skipping autostart, focus, and waits
[2026-04-18 14:50:37.123] no TORCS window found to minimize
[2026-04-18 14:50:37.124] launcher completed
[2026-04-18 14:50:39.258] begin launcher
[2026-04-18 14:50:39.262] TORCS_EXE=C:\Users\szymo\source\repos\torcs\torcs\wtorcs.exe
[2026-04-18 14:50:39.263] VISION_FLAG=novision
[2026-04-18 14:50:39.263] LAUNCH_MODE=background
[2026-04-18 14:50:39.264] RACE_CONFIG=C:\Users\szymo\source\repos\torcs\torcs\config\raceman\practice.xml
[2026-04-18 14:50:39.264] AUTOSTART_SCRIPT=C:\Users\szymo\source\repos\torcs\gym_torcs\autostart_windows.bat
[2026-04-18 14:50:39.784] launch command dispatched
[2026-04-18 14:50:39.785] race config specified: skipping autostart, focus, and waits
[2026-04-18 14:50:39.808] no TORCS window found to minimize
[2026-04-18 14:50:39.809] launcher completed
[2026-04-18 14:50:41.461] begin launcher
[2026-04-18 14:50:41.466] TORCS_EXE=C:\Users\szymo\source\repos\torcs\torcs\wtorcs.exe
[2026-04-18 14:50:41.466] VISION_FLAG=novision
[2026-04-18 14:50:41.467] LAUNCH_MODE=background
[2026-04-18 14:50:41.468] RACE_CONFIG=C:\Users\szymo\source\repos\torcs\torcs\config\raceman\practice.xml
[2026-04-18 14:50:41.468] AUTOSTART_SCRIPT=C:\Users\szymo\source\repos\torcs\gym_torcs\autostart_windows.bat
[2026-04-18 14:50:41.960] launch command dispatched
[2026-04-18 14:50:41.961] race config specified: skipping autostart, focus, and waits
[2026-04-18 14:50:41.983] no TORCS window found to minimize
[2026-04-18 14:50:41.984] launcher completed
[2026-04-18 14:50:43.636] begin launcher
[2026-04-18 14:50:43.640] TORCS_EXE=C:\Users\szymo\source\repos\torcs\torcs\wtorcs.exe
[2026-04-18 14:50:43.641] VISION_FLAG=novision
[2026-04-18 14:50:43.641] LAUNCH_MODE=background
[2026-04-18 14:50:43.642] RACE_CONFIG=C:\Users\szymo\source\repos\torcs\torcs\config\raceman\practice.xml
[2026-04-18 14:50:43.642] AUTOSTART_SCRIPT=C:\Users\szymo\source\repos\torcs\gym_torcs\autostart_windows.bat
[2026-04-18 14:50:44.144] launch command dispatched
[2026-04-18 14:50:44.145] race config specified: skipping autostart, focus, and waits
[2026-04-18 14:50:44.167] no TORCS window found to minimize
[2026-04-18 14:50:44.167] launcher completed
[2026-04-18 14:50:46.817] begin launcher
[2026-04-18 14:50:46.821] TORCS_EXE=C:\Users\szymo\source\repos\torcs\torcs\wtorcs.exe
[2026-04-18 14:50:46.821] VISION_FLAG=novision
[2026-04-18 14:50:46.822] LAUNCH_MODE=background
[2026-04-18 14:50:46.823] RACE_CONFIG=C:\Users\szymo\source\repos\torcs\torcs\config\raceman\practice.xml
[2026-04-18 14:50:46.823] AUTOSTART_SCRIPT=C:\Users\szymo\source\repos\torcs\gym_torcs\autostart_windows.bat
[2026-04-18 14:50:47.336] launch command dispatched
[2026-04-18 14:50:47.337] race config specified: skipping autostart, focus, and waits
[2026-04-18 14:50:47.360] no TORCS window found to minimize
[2026-04-18 14:50:47.360] launcher completed
[2026-04-18 14:50:50.084] begin launcher
[2026-04-18 14:50:50.088] TORCS_EXE=C:\Users\szymo\source\repos\torcs\torcs\wtorcs.exe
[2026-04-18 14:50:50.088] VISION_FLAG=novision
[2026-04-18 14:50:50.088] LAUNCH_MODE=background
[2026-04-18 14:50:50.089] RACE_CONFIG=C:\Users\szymo\source\repos\torcs\torcs\config\raceman\practice.xml
[2026-04-18 14:50:50.090] AUTOSTART_SCRIPT=C:\Users\szymo\source\repos\torcs\gym_torcs\autostart_windows.bat
[2026-04-18 14:50:50.542] launch command dispatched
[2026-04-18 14:50:50.544] race config specified: skipping autostart, focus, and waits
[2026-04-18 14:50:50.565] no TORCS window found to minimize
[2026-04-18 14:50:50.565] launcher completed
[2026-04-18 14:51:04.751] begin launcher
[2026-04-18 14:51:04.755] TORCS_EXE=C:\Users\szymo\source\repos\torcs\torcs\wtorcs.exe
[2026-04-18 14:51:04.755] VISION_FLAG=novision
[2026-04-18 14:51:04.756] LAUNCH_MODE=background
[2026-04-18 14:51:04.756] RACE_CONFIG=C:\Users\szymo\source\repos\torcs\torcs\config\raceman\practice.xml
[2026-04-18 14:51:04.757] AUTOSTART_SCRIPT=C:\Users\szymo\source\repos\torcs\gym_torcs\autostart_windows.bat
[2026-04-18 14:51:05.332] launch command dispatched
[2026-04-18 14:51:05.333] race config specified: skipping autostart, focus, and waits
[2026-04-18 14:51:05.357] no TORCS window found to minimize
[2026-04-18 14:51:05.358] launcher completed
[2026-04-18 14:51:11.847] begin launcher
[2026-04-18 14:51:11.851] TORCS_EXE=C:\Users\szymo\source\repos\torcs\torcs\wtorcs.exe
[2026-04-18 14:51:11.852] VISION_FLAG=novision
[2026-04-18 14:51:11.852] LAUNCH_MODE=background
[2026-04-18 14:51:11.853] RACE_CONFIG=C:\Users\szymo\source\repos\torcs\torcs\config\raceman\practice.xml
[2026-04-18 14:51:11.853] AUTOSTART_SCRIPT=C:\Users\szymo\source\repos\torcs\gym_torcs\autostart_windows.bat
[2026-04-18 14:51:12.360] launch command dispatched
[2026-04-18 14:51:12.360] race config specified: skipping autostart, focus, and waits
[2026-04-18 14:51:12.381] no TORCS window found to minimize
[2026-04-18 14:51:12.382] launcher completed
[2026-04-18 14:51:18.882] begin launcher
[2026-04-18 14:51:18.887] TORCS_EXE=C:\Users\szymo\source\repos\torcs\torcs\wtorcs.exe
[2026-04-18 14:51:18.887] VISION_FLAG=novision
[2026-04-18 14:51:18.888] LAUNCH_MODE=background
[2026-04-18 14:51:18.888] RACE_CONFIG=C:\Users\szymo\source\repos\torcs\torcs\config\raceman\practice.xml
[2026-04-18 14:51:18.889] AUTOSTART_SCRIPT=C:\Users\szymo\source\repos\torcs\gym_torcs\autostart_windows.bat
[2026-04-18 14:51:19.434] launch command dispatched
[2026-04-18 14:51:19.435] race config specified: skipping autostart, focus, and waits
[2026-04-18 14:51:19.456] no TORCS window found to minimize
[2026-04-18 14:51:19.457] launcher completed
[2026-04-18 14:51:26.402] begin launcher
[2026-04-18 14:51:26.406] TORCS_EXE=C:\Users\szymo\source\repos\torcs\torcs\wtorcs.exe
[2026-04-18 14:51:26.407] VISION_FLAG=novision
[2026-04-18 14:51:26.408] LAUNCH_MODE=background
[2026-04-18 14:51:26.408] RACE_CONFIG=C:\Users\szymo\source\repos\torcs\torcs\config\raceman\practice.xml
[2026-04-18 14:51:26.409] AUTOSTART_SCRIPT=C:\Users\szymo\source\repos\torcs\gym_torcs\autostart_windows.bat
[2026-04-18 14:51:26.924] launch command dispatched
[2026-04-18 14:51:26.925] race config specified: skipping autostart, focus, and waits
[2026-04-18 14:51:26.945] no TORCS window found to minimize
[2026-04-18 14:51:26.946] launcher completed
[2026-04-18 14:53:28.576] begin launcher
[2026-04-18 14:53:28.580] TORCS_EXE=C:\Users\szymo\source\repos\torcs\torcs\wtorcs.exe
[2026-04-18 14:53:28.580] VISION_FLAG=novision
[2026-04-18 14:53:28.581] LAUNCH_MODE=background
[2026-04-18 14:53:28.581] RACE_CONFIG=C:\Users\szymo\source\repos\torcs\torcs\config\raceman\practice.xml
[2026-04-18 14:53:28.582] AUTOSTART_SCRIPT=C:\Users\szymo\source\repos\torcs\gym_torcs\autostart_windows.bat
[2026-04-18 14:53:29.028] launch command dispatched
[2026-04-18 14:53:29.028] race config specified: skipping autostart, focus, and waits
[2026-04-18 14:53:29.047] no TORCS window found to minimize
[2026-04-18 14:53:29.047] launcher completed
[2026-04-18 14:53:30.307] begin launcher
[2026-04-18 14:53:30.311] TORCS_EXE=C:\Users\szymo\source\repos\torcs\torcs\wtorcs.exe
[2026-04-18 14:53:30.311] VISION_FLAG=novision
[2026-04-18 14:53:30.312] LAUNCH_MODE=background
[2026-04-18 14:53:30.312] RACE_CONFIG=C:\Users\szymo\source\repos\torcs\torcs\config\raceman\practice.xml
[2026-04-18 14:53:30.313] AUTOSTART_SCRIPT=C:\Users\szymo\source\repos\torcs\gym_torcs\autostart_windows.bat
[2026-04-18 14:53:30.809] launch command dispatched
[2026-04-18 14:53:30.809] race config specified: skipping autostart, focus, and waits
[2026-04-18 14:53:30.833] no TORCS window found to minimize
[2026-04-18 14:53:30.834] launcher completed
[2026-04-18 14:53:33.047] begin launcher
[2026-04-18 14:53:33.051] TORCS_EXE=C:\Users\szymo\source\repos\torcs\torcs\wtorcs.exe
[2026-04-18 14:53:33.051] VISION_FLAG=novision
[2026-04-18 14:53:33.052] LAUNCH_MODE=background
[2026-04-18 14:53:33.052] RACE_CONFIG=C:\Users\szymo\source\repos\torcs\torcs\config\raceman\practice.xml
[2026-04-18 14:53:33.053] AUTOSTART_SCRIPT=C:\Users\szymo\source\repos\torcs\gym_torcs\autostart_windows.bat
[2026-04-18 14:53:33.562] launch command dispatched
[2026-04-18 14:53:33.562] race config specified: skipping autostart, focus, and waits
[2026-04-18 14:53:33.585] no TORCS window found to minimize
[2026-04-18 14:53:33.586] launcher completed
[2026-04-18 14:53:35.742] begin launcher
[2026-04-18 14:53:35.746] TORCS_EXE=C:\Users\szymo\source\repos\torcs\torcs\wtorcs.exe
[2026-04-18 14:53:35.747] VISION_FLAG=novision
[2026-04-18 14:53:35.747] LAUNCH_MODE=background
[2026-04-18 14:53:35.748] RACE_CONFIG=C:\Users\szymo\source\repos\torcs\torcs\config\raceman\practice.xml
[2026-04-18 14:53:35.748] AUTOSTART_SCRIPT=C:\Users\szymo\source\repos\torcs\gym_torcs\autostart_windows.bat
[2026-04-18 14:53:36.246] launch command dispatched
[2026-04-18 14:53:36.247] race config specified: skipping autostart, focus, and waits
[2026-04-18 14:53:36.266] no TORCS window found to minimize
[2026-04-18 14:53:36.267] launcher completed
[2026-04-18 14:53:38.932] begin launcher
[2026-04-18 14:53:38.936] TORCS_EXE=C:\Users\szymo\source\repos\torcs\torcs\wtorcs.exe
[2026-04-18 14:53:38.936] VISION_FLAG=novision
[2026-04-18 14:53:38.937] LAUNCH_MODE=background
[2026-04-18 14:53:38.937] RACE_CONFIG=C:\Users\szymo\source\repos\torcs\torcs\config\raceman\practice.xml
[2026-04-18 14:53:38.938] AUTOSTART_SCRIPT=C:\Users\szymo\source\repos\torcs\gym_torcs\autostart_windows.bat
[2026-04-18 14:53:39.445] launch command dispatched
[2026-04-18 14:53:39.446] race config specified: skipping autostart, focus, and waits
[2026-04-18 14:53:39.467] no TORCS window found to minimize
[2026-04-18 14:53:39.468] launcher completed
[2026-04-18 14:53:41.085] begin launcher
[2026-04-18 14:53:41.089] TORCS_EXE=C:\Users\szymo\source\repos\torcs\torcs\wtorcs.exe
[2026-04-18 14:53:41.090] VISION_FLAG=novision
[2026-04-18 14:53:41.090] LAUNCH_MODE=background
[2026-04-18 14:53:41.091] RACE_CONFIG=C:\Users\szymo\source\repos\torcs\torcs\config\raceman\practice.xml
[2026-04-18 14:53:41.092] AUTOSTART_SCRIPT=C:\Users\szymo\source\repos\torcs\gym_torcs\autostart_windows.bat
[2026-04-18 14:53:41.573] launch command dispatched
[2026-04-18 14:53:41.574] race config specified: skipping autostart, focus, and waits
[2026-04-18 14:53:41.597] no TORCS window found to minimize
[2026-04-18 14:53:41.597] launcher completed
[2026-04-18 14:53:43.167] begin launcher
[2026-04-18 14:53:43.171] TORCS_EXE=C:\Users\szymo\source\repos\torcs\torcs\wtorcs.exe
[2026-04-18 14:53:43.171] VISION_FLAG=novision
[2026-04-18 14:53:43.172] LAUNCH_MODE=background
[2026-04-18 14:53:43.172] RACE_CONFIG=C:\Users\szymo\source\repos\torcs\torcs\config\raceman\practice.xml
[2026-04-18 14:53:43.173] AUTOSTART_SCRIPT=C:\Users\szymo\source\repos\torcs\gym_torcs\autostart_windows.bat
[2026-04-18 14:53:43.665] launch command dispatched
[2026-04-18 14:53:43.666] race config specified: skipping autostart, focus, and waits
[2026-04-18 14:53:43.689] no TORCS window found to minimize
[2026-04-18 14:53:43.689] launcher completed
[2026-04-18 14:53:45.365] begin launcher
[2026-04-18 14:53:45.369] TORCS_EXE=C:\Users\szymo\source\repos\torcs\torcs\wtorcs.exe
[2026-04-18 14:53:45.370] VISION_FLAG=novision
[2026-04-18 14:53:45.370] LAUNCH_MODE=background
[2026-04-18 14:53:45.371] RACE_CONFIG=C:\Users\szymo\source\repos\torcs\torcs\config\raceman\practice.xml
[2026-04-18 14:53:45.372] AUTOSTART_SCRIPT=C:\Users\szymo\source\repos\torcs\gym_torcs\autostart_windows.bat
[2026-04-18 14:53:45.901] launch command dispatched
[2026-04-18 14:53:45.902] race config specified: skipping autostart, focus, and waits
[2026-04-18 14:53:45.926] no TORCS window found to minimize
[2026-04-18 14:53:45.927] launcher completed
[2026-04-18 14:53:47.601] begin launcher
[2026-04-18 14:53:47.605] TORCS_EXE=C:\Users\szymo\source\repos\torcs\torcs\wtorcs.exe
[2026-04-18 14:53:47.606] VISION_FLAG=novision
[2026-04-18 14:53:47.606] LAUNCH_MODE=background
[2026-04-18 14:53:47.607] RACE_CONFIG=C:\Users\szymo\source\repos\torcs\torcs\config\raceman\practice.xml
[2026-04-18 14:53:47.608] AUTOSTART_SCRIPT=C:\Users\szymo\source\repos\torcs\gym_torcs\autostart_windows.bat
[2026-04-18 14:53:48.139] launch command dispatched
[2026-04-18 14:53:48.139] race config specified: skipping autostart, focus, and waits
[2026-04-18 14:53:48.161] no TORCS window found to minimize
[2026-04-18 14:53:48.162] launcher completed
[2026-04-18 14:53:50.241] begin launcher
[2026-04-18 14:53:50.245] TORCS_EXE=C:\Users\szymo\source\repos\torcs\torcs\wtorcs.exe
[2026-04-18 14:53:50.246] VISION_FLAG=novision
[2026-04-18 14:53:50.247] LAUNCH_MODE=background
[2026-04-18 14:53:50.247] RACE_CONFIG=C:\Users\szymo\source\repos\torcs\torcs\config\raceman\practice.xml
[2026-04-18 14:53:50.248] AUTOSTART_SCRIPT=C:\Users\szymo\source\repos\torcs\gym_torcs\autostart_windows.bat
[2026-04-18 14:53:50.738] launch command dispatched
[2026-04-18 14:53:50.739] race config specified: skipping autostart, focus, and waits
[2026-04-18 14:53:50.761] no TORCS window found to minimize
[2026-04-18 14:53:50.762] launcher completed
[2026-04-18 14:53:52.340] begin launcher
[2026-04-18 14:53:52.344] TORCS_EXE=C:\Users\szymo\source\repos\torcs\torcs\wtorcs.exe
[2026-04-18 14:53:52.344] VISION_FLAG=novision
[2026-04-18 14:53:52.345] LAUNCH_MODE=background
[2026-04-18 14:53:52.345] RACE_CONFIG=C:\Users\szymo\source\repos\torcs\torcs\config\raceman\practice.xml
[2026-04-18 14:53:52.346] AUTOSTART_SCRIPT=C:\Users\szymo\source\repos\torcs\gym_torcs\autostart_windows.bat
[2026-04-18 14:53:52.840] launch command dispatched
[2026-04-18 14:53:52.841] race config specified: skipping autostart, focus, and waits
[2026-04-18 14:53:52.866] no TORCS window found to minimize
[2026-04-18 14:53:52.867] launcher completed
[2026-04-18 14:53:54.641] begin launcher
[2026-04-18 14:53:54.645] TORCS_EXE=C:\Users\szymo\source\repos\torcs\torcs\wtorcs.exe
[2026-04-18 14:53:54.646] VISION_FLAG=novision
[2026-04-18 14:53:54.646] LAUNCH_MODE=background
[2026-04-18 14:53:54.647] RACE_CONFIG=C:\Users\szymo\source\repos\torcs\torcs\config\raceman\practice.xml
[2026-04-18 14:53:54.647] AUTOSTART_SCRIPT=C:\Users\szymo\source\repos\torcs\gym_torcs\autostart_windows.bat
[2026-04-18 14:53:55.189] launch command dispatched
[2026-04-18 14:53:55.190] race config specified: skipping autostart, focus, and waits
[2026-04-18 14:53:55.216] no TORCS window found to minimize
[2026-04-18 14:53:55.217] launcher completed
[2026-04-18 14:53:56.925] begin launcher
[2026-04-18 14:53:56.930] TORCS_EXE=C:\Users\szymo\source\repos\torcs\torcs\wtorcs.exe
[2026-04-18 14:53:56.930] VISION_FLAG=novision
[2026-04-18 14:53:56.931] LAUNCH_MODE=background
[2026-04-18 14:53:56.932] RACE_CONFIG=C:\Users\szymo\source\repos\torcs\torcs\config\raceman\practice.xml
[2026-04-18 14:53:56.932] AUTOSTART_SCRIPT=C:\Users\szymo\source\repos\torcs\gym_torcs\autostart_windows.bat
[2026-04-18 14:53:57.458] launch command dispatched
[2026-04-18 14:53:57.459] race config specified: skipping autostart, focus, and waits
[2026-04-18 14:53:57.478] no TORCS window found to minimize
[2026-04-18 14:53:57.479] launcher completed
[2026-04-18 14:53:59.024] begin launcher
[2026-04-18 14:53:59.029] TORCS_EXE=C:\Users\szymo\source\repos\torcs\torcs\wtorcs.exe
[2026-04-18 14:53:59.030] VISION_FLAG=novision
[2026-04-18 14:53:59.031] LAUNCH_MODE=background
[2026-04-18 14:53:59.031] RACE_CONFIG=C:\Users\szymo\source\repos\torcs\torcs\config\raceman\practice.xml
[2026-04-18 14:53:59.032] AUTOSTART_SCRIPT=C:\Users\szymo\source\repos\torcs\gym_torcs\autostart_windows.bat
[2026-04-18 14:53:59.541] launch command dispatched
[2026-04-18 14:53:59.542] race config specified: skipping autostart, focus, and waits
[2026-04-18 14:53:59.564] no TORCS window found to minimize
[2026-04-18 14:53:59.565] launcher completed
[2026-04-18 14:54:01.578] begin launcher
[2026-04-18 14:54:01.583] TORCS_EXE=C:\Users\szymo\source\repos\torcs\torcs\wtorcs.exe
[2026-04-18 14:54:01.583] VISION_FLAG=novision
[2026-04-18 14:54:01.584] LAUNCH_MODE=background
[2026-04-18 14:54:01.584] RACE_CONFIG=C:\Users\szymo\source\repos\torcs\torcs\config\raceman\practice.xml
[2026-04-18 14:54:01.585] AUTOSTART_SCRIPT=C:\Users\szymo\source\repos\torcs\gym_torcs\autostart_windows.bat
[2026-04-18 14:54:02.099] launch command dispatched
[2026-04-18 14:54:02.100] race config specified: skipping autostart, focus, and waits
[2026-04-18 14:54:02.121] no TORCS window found to minimize
[2026-04-18 14:54:02.122] launcher completed
[2026-04-18 14:54:04.175] begin launcher
[2026-04-18 14:54:04.179] TORCS_EXE=C:\Users\szymo\source\repos\torcs\torcs\wtorcs.exe
[2026-04-18 14:54:04.179] VISION_FLAG=novision
[2026-04-18 14:54:04.180] LAUNCH_MODE=background
[2026-04-18 14:54:04.180] RACE_CONFIG=C:\Users\szymo\source\repos\torcs\torcs\config\raceman\practice.xml
[2026-04-18 14:54:04.181] AUTOSTART_SCRIPT=C:\Users\szymo\source\repos\torcs\gym_torcs\autostart_windows.bat
[2026-04-18 14:54:04.712] launch command dispatched
[2026-04-18 14:54:04.713] race config specified: skipping autostart, focus, and waits
[2026-04-18 14:54:04.735] no TORCS window found to minimize
[2026-04-18 14:54:04.735] launcher completed
[2026-04-18 14:54:06.364] begin launcher
[2026-04-18 14:54:06.368] TORCS_EXE=C:\Users\szymo\source\repos\torcs\torcs\wtorcs.exe
[2026-04-18 14:54:06.369] VISION_FLAG=novision
[2026-04-18 14:54:06.370] LAUNCH_MODE=background
[2026-04-18 14:54:06.370] RACE_CONFIG=C:\Users\szymo\source\repos\torcs\torcs\config\raceman\practice.xml
[2026-04-18 14:54:06.371] AUTOSTART_SCRIPT=C:\Users\szymo\source\repos\torcs\gym_torcs\autostart_windows.bat
[2026-04-18 14:54:06.919] launch command dispatched
[2026-04-18 14:54:06.919] race config specified: skipping autostart, focus, and waits
[2026-04-18 14:54:06.942] no TORCS window found to minimize
[2026-04-18 14:54:06.943] launcher completed
[2026-04-18 14:54:09.195] begin launcher
[2026-04-18 14:54:09.199] TORCS_EXE=C:\Users\szymo\source\repos\torcs\torcs\wtorcs.exe
[2026-04-18 14:54:09.199] VISION_FLAG=novision
[2026-04-18 14:54:09.200] LAUNCH_MODE=background
[2026-04-18 14:54:09.201] RACE_CONFIG=C:\Users\szymo\source\repos\torcs\torcs\config\raceman\practice.xml
[2026-04-18 14:54:09.201] AUTOSTART_SCRIPT=C:\Users\szymo\source\repos\torcs\gym_torcs\autostart_windows.bat
[2026-04-18 14:54:09.736] launch command dispatched
[2026-04-18 14:54:09.737] race config specified: skipping autostart, focus, and waits
[2026-04-18 14:54:09.759] no TORCS window found to minimize
[2026-04-18 14:54:09.759] launcher completed
[2026-04-18 14:54:11.378] begin launcher
[2026-04-18 14:54:11.382] TORCS_EXE=C:\Users\szymo\source\repos\torcs\torcs\wtorcs.exe
[2026-04-18 14:54:11.383] VISION_FLAG=novision
[2026-04-18 14:54:11.383] LAUNCH_MODE=background
[2026-04-18 14:54:11.384] RACE_CONFIG=C:\Users\szymo\source\repos\torcs\torcs\config\raceman\practice.xml
[2026-04-18 14:54:11.385] AUTOSTART_SCRIPT=C:\Users\szymo\source\repos\torcs\gym_torcs\autostart_windows.bat
[2026-04-18 14:54:11.865] launch command dispatched
[2026-04-18 14:54:11.865] race config specified: skipping autostart, focus, and waits
[2026-04-18 14:54:11.887] no TORCS window found to minimize
[2026-04-18 14:54:11.888] launcher completed
[2026-04-18 14:54:14.292] begin launcher
[2026-04-18 14:54:14.297] TORCS_EXE=C:\Users\szymo\source\repos\torcs\torcs\wtorcs.exe
[2026-04-18 14:54:14.297] VISION_FLAG=novision
[2026-04-18 14:54:14.298] LAUNCH_MODE=background
[2026-04-18 14:54:14.298] RACE_CONFIG=C:\Users\szymo\source\repos\torcs\torcs\config\raceman\practice.xml
[2026-04-18 14:54:14.299] AUTOSTART_SCRIPT=C:\Users\szymo\source\repos\torcs\gym_torcs\autostart_windows.bat
[2026-04-18 14:54:14.787] launch command dispatched
[2026-04-18 14:54:14.789] race config specified: skipping autostart, focus, and waits
[2026-04-18 14:54:14.811] no TORCS window found to minimize
[2026-04-18 14:54:14.812] launcher completed
[2026-04-18 14:54:29.039] begin launcher
[2026-04-18 14:54:29.043] TORCS_EXE=C:\Users\szymo\source\repos\torcs\torcs\wtorcs.exe
[2026-04-18 14:54:29.043] VISION_FLAG=novision
[2026-04-18 14:54:29.045] LAUNCH_MODE=background
[2026-04-18 14:54:29.046] RACE_CONFIG=C:\Users\szymo\source\repos\torcs\torcs\config\raceman\practice.xml
[2026-04-18 14:54:29.046] AUTOSTART_SCRIPT=C:\Users\szymo\source\repos\torcs\gym_torcs\autostart_windows.bat
[2026-04-18 14:54:29.539] launch command dispatched
[2026-04-18 14:54:29.540] race config specified: skipping autostart, focus, and waits
[2026-04-18 14:54:29.558] no TORCS window found to minimize
[2026-04-18 14:54:29.559] launcher completed
[2026-04-18 14:54:36.010] begin launcher
[2026-04-18 14:54:36.015] TORCS_EXE=C:\Users\szymo\source\repos\torcs\torcs\wtorcs.exe
[2026-04-18 14:54:36.015] VISION_FLAG=novision
[2026-04-18 14:54:36.016] LAUNCH_MODE=background
[2026-04-18 14:54:36.016] RACE_CONFIG=C:\Users\szymo\source\repos\torcs\torcs\config\raceman\practice.xml
[2026-04-18 14:54:36.017] AUTOSTART_SCRIPT=C:\Users\szymo\source\repos\torcs\gym_torcs\autostart_windows.bat
[2026-04-18 14:54:36.526] launch command dispatched
[2026-04-18 14:54:36.526] race config specified: skipping autostart, focus, and waits
[2026-04-18 14:54:36.549] no TORCS window found to minimize
[2026-04-18 14:54:36.549] launcher completed
[2026-04-18 14:54:42.999] begin launcher
[2026-04-18 14:54:43.003] TORCS_EXE=C:\Users\szymo\source\repos\torcs\torcs\wtorcs.exe
[2026-04-18 14:54:43.004] VISION_FLAG=novision
[2026-04-18 14:54:43.004] LAUNCH_MODE=background
[2026-04-18 14:54:43.005] RACE_CONFIG=C:\Users\szymo\source\repos\torcs\torcs\config\raceman\practice.xml
[2026-04-18 14:54:43.005] AUTOSTART_SCRIPT=C:\Users\szymo\source\repos\torcs\gym_torcs\autostart_windows.bat
[2026-04-18 14:54:43.493] launch command dispatched
[2026-04-18 14:54:43.494] race config specified: skipping autostart, focus, and waits
[2026-04-18 14:54:43.517] no TORCS window found to minimize
[2026-04-18 14:54:43.518] launcher completed
[2026-04-18 14:54:50.050] begin launcher
[2026-04-18 14:54:50.054] TORCS_EXE=C:\Users\szymo\source\repos\torcs\torcs\wtorcs.exe
[2026-04-18 14:54:50.054] VISION_FLAG=novision
[2026-04-18 14:54:50.055] LAUNCH_MODE=background
[2026-04-18 14:54:50.055] RACE_CONFIG=C:\Users\szymo\source\repos\torcs\torcs\config\raceman\practice.xml
[2026-04-18 14:54:50.056] AUTOSTART_SCRIPT=C:\Users\szymo\source\repos\torcs\gym_torcs\autostart_windows.bat
[2026-04-18 14:54:50.554] launch command dispatched
[2026-04-18 14:54:50.554] race config specified: skipping autostart, focus, and waits
[2026-04-18 14:54:50.576] no TORCS window found to minimize
[2026-04-18 14:54:50.576] launcher completed
[2026-04-18 14:54:56.857] begin launcher
[2026-04-18 14:54:56.860] TORCS_EXE=C:\Users\szymo\source\repos\torcs\torcs\wtorcs.exe
[2026-04-18 14:54:56.862] VISION_FLAG=novision
[2026-04-18 14:54:56.862] LAUNCH_MODE=background
[2026-04-18 14:54:56.863] RACE_CONFIG=C:\Users\szymo\source\repos\torcs\torcs\config\raceman\practice.xml
[2026-04-18 14:54:56.863] AUTOSTART_SCRIPT=C:\Users\szymo\source\repos\torcs\gym_torcs\autostart_windows.bat
[2026-04-18 14:54:57.357] launch command dispatched
[2026-04-18 14:54:57.358] race config specified: skipping autostart, focus, and waits
[2026-04-18 14:54:57.378] no TORCS window found to minimize
[2026-04-18 14:54:57.379] launcher completed
[2026-04-18 14:55:47.876] begin launcher
[2026-04-18 14:55:47.879] TORCS_EXE=C:\Users\szymo\source\repos\torcs\torcs\wtorcs.exe
[2026-04-18 14:55:47.880] VISION_FLAG=novision
[2026-04-18 14:55:47.881] LAUNCH_MODE=foreground
[2026-04-18 14:55:47.881] RACE_CONFIG=
[2026-04-18 14:55:47.882] AUTOSTART_SCRIPT=C:\Users\szymo\source\repos\torcs\gym_torcs\autostart_windows.bat
[2026-04-18 14:55:49.033] launch command dispatched
[2026-04-18 14:55:50.147] running autostart script: C:\Users\szymo\source\repos\torcs\gym_torcs\autostart_windows.bat
[2026-04-18 14:55:54.457] autostart script finished
[2026-04-18 14:55:54.458] launcher completed
[2026-04-18 14:56:03.206] begin launcher
[2026-04-18 14:56:03.210] TORCS_EXE=C:\Users\szymo\source\repos\torcs\torcs\wtorcs.exe
[2026-04-18 14:56:03.211] VISION_FLAG=novision
[2026-04-18 14:56:03.212] LAUNCH_MODE=foreground
[2026-04-18 14:56:03.213] RACE_CONFIG=
[2026-04-18 14:56:03.213] AUTOSTART_SCRIPT=C:\Users\szymo\source\repos\torcs\gym_torcs\autostart_windows.bat
[2026-04-18 14:56:04.368] launch command dispatched
[2026-04-18 14:56:05.474] running autostart script: C:\Users\szymo\source\repos\torcs\gym_torcs\autostart_windows.bat
[2026-04-18 14:56:09.746] autostart script finished
[2026-04-18 14:56:09.748] launcher completed
[2026-04-18 14:56:21.397] begin launcher
[2026-04-18 14:56:21.401] TORCS_EXE=C:\Users\szymo\source\repos\torcs\torcs\wtorcs.exe
[2026-04-18 14:56:21.401] VISION_FLAG=novision
[2026-04-18 14:56:21.402] LAUNCH_MODE=foreground
[2026-04-18 14:56:21.403] RACE_CONFIG=
[2026-04-18 14:56:21.403] AUTOSTART_SCRIPT=C:\Users\szymo\source\repos\torcs\gym_torcs\autostart_windows.bat
[2026-04-18 14:56:22.570] launch command dispatched
[2026-04-18 14:56:23.690] running autostart script: C:\Users\szymo\source\repos\torcs\gym_torcs\autostart_windows.bat
[2026-04-18 14:56:27.959] autostart script finished
[2026-04-18 14:56:27.960] launcher completed
[2026-04-18 14:56:53.243] begin launcher
[2026-04-18 14:56:53.247] TORCS_EXE=C:\Users\szymo\source\repos\torcs\torcs\wtorcs.exe
[2026-04-18 14:56:53.248] VISION_FLAG=novision
[2026-04-18 14:56:53.248] LAUNCH_MODE=foreground
[2026-04-18 14:56:53.249] RACE_CONFIG=
[2026-04-18 14:56:53.250] AUTOSTART_SCRIPT=C:\Users\szymo\source\repos\torcs\gym_torcs\autostart_windows.bat
[2026-04-18 14:56:54.396] launch command dispatched
[2026-04-18 14:56:55.511] running autostart script: C:\Users\szymo\source\repos\torcs\gym_torcs\autostart_windows.bat
[2026-04-18 14:56:59.760] autostart script finished
[2026-04-18 14:56:59.762] launcher completed
[2026-04-18 14:57:23.258] begin launcher
[2026-04-18 14:57:23.262] TORCS_EXE=C:\Users\szymo\source\repos\torcs\torcs\wtorcs.exe
[2026-04-18 14:57:23.263] VISION_FLAG=novision
[2026-04-18 14:57:23.263] LAUNCH_MODE=foreground
[2026-04-18 14:57:23.265] RACE_CONFIG=
[2026-04-18 14:57:23.265] AUTOSTART_SCRIPT=C:\Users\szymo\source\repos\torcs\gym_torcs\autostart_windows.bat
[2026-04-18 14:57:24.411] launch command dispatched
[2026-04-18 14:57:25.523] running autostart script: C:\Users\szymo\source\repos\torcs\gym_torcs\autostart_windows.bat
[2026-04-18 14:57:36.790] autostart script finished
[2026-04-18 14:57:36.791] launcher completed
[2026-04-18 14:58:26.146] begin launcher
[2026-04-18 14:58:26.150] TORCS_EXE=C:\Users\szymo\source\repos\torcs\torcs\wtorcs.exe
[2026-04-18 14:58:26.150] VISION_FLAG=novision
[2026-04-18 14:58:26.151] LAUNCH_MODE=foreground
[2026-04-18 14:58:26.152] RACE_CONFIG=
[2026-04-18 14:58:26.152] AUTOSTART_SCRIPT=C:\Users\szymo\source\repos\torcs\gym_torcs\autostart_windows.bat
[2026-04-18 14:58:27.296] launch command dispatched
[2026-04-18 14:58:28.421] running autostart script: C:\Users\szymo\source\repos\torcs\gym_torcs\autostart_windows.bat
[2026-04-18 14:58:32.705] autostart script finished
[2026-04-18 14:58:32.707] launcher completed
[2026-04-18 14:58:43.114] begin launcher
[2026-04-18 14:58:43.118] TORCS_EXE=C:\Users\szymo\source\repos\torcs\torcs\wtorcs.exe
[2026-04-18 14:58:43.118] VISION_FLAG=novision
[2026-04-18 14:58:43.119] LAUNCH_MODE=foreground
[2026-04-18 14:58:43.120] RACE_CONFIG=
[2026-04-18 14:58:43.120] AUTOSTART_SCRIPT=C:\Users\szymo\source\repos\torcs\gym_torcs\autostart_windows.bat
[2026-04-18 14:58:44.296] launch command dispatched
[2026-04-18 14:58:45.413] running autostart script: C:\Users\szymo\source\repos\torcs\gym_torcs\autostart_windows.bat
[2026-04-18 14:58:49.678] autostart script finished
[2026-04-18 14:58:49.680] launcher completed
[2026-04-18 14:59:02.172] begin launcher
[2026-04-18 14:59:02.176] TORCS_EXE=C:\Users\szymo\source\repos\torcs\torcs\wtorcs.exe
[2026-04-18 14:59:02.177] VISION_FLAG=novision
[2026-04-18 14:59:02.177] LAUNCH_MODE=foreground
[2026-04-18 14:59:02.178] RACE_CONFIG=
[2026-04-18 14:59:02.178] AUTOSTART_SCRIPT=C:\Users\szymo\source\repos\torcs\gym_torcs\autostart_windows.bat
[2026-04-18 14:59:03.337] launch command dispatched
[2026-04-18 14:59:04.454] running autostart script: C:\Users\szymo\source\repos\torcs\gym_torcs\autostart_windows.bat
[2026-04-18 14:59:08.737] autostart script finished
[2026-04-18 14:59:08.739] launcher completed
[2026-04-18 14:59:30.452] begin launcher
[2026-04-18 14:59:30.455] TORCS_EXE=C:\Users\szymo\source\repos\torcs\torcs\wtorcs.exe
[2026-04-18 14:59:30.456] VISION_FLAG=novision
[2026-04-18 14:59:30.457] LAUNCH_MODE=foreground
[2026-04-18 14:59:30.459] RACE_CONFIG=
[2026-04-18 14:59:30.459] AUTOSTART_SCRIPT=C:\Users\szymo\source\repos\torcs\gym_torcs\autostart_windows.bat
[2026-04-18 14:59:31.710] launch command dispatched
[2026-04-18 14:59:32.818] running autostart script: C:\Users\szymo\source\repos\torcs\gym_torcs\autostart_windows.bat
[2026-04-18 14:59:37.121] autostart script finished
[2026-04-18 14:59:37.123] launcher completed
[2026-04-18 14:59:46.962] begin launcher
[2026-04-18 14:59:46.966] TORCS_EXE=C:\Users\szymo\source\repos\torcs\torcs\wtorcs.exe
[2026-04-18 14:59:46.966] VISION_FLAG=novision
[2026-04-18 14:59:46.967] LAUNCH_MODE=foreground
[2026-04-18 14:59:46.968] RACE_CONFIG=
[2026-04-18 14:59:46.968] AUTOSTART_SCRIPT=C:\Users\szymo\source\repos\torcs\gym_torcs\autostart_windows.bat
[2026-04-18 14:59:48.133] launch command dispatched
[2026-04-18 14:59:49.244] running autostart script: C:\Users\szymo\source\repos\torcs\gym_torcs\autostart_windows.bat
[2026-04-18 14:59:53.510] autostart script finished
[2026-04-18 14:59:53.511] launcher completed
[2026-04-18 15:00:05.384] begin launcher
[2026-04-18 15:00:05.389] TORCS_EXE=C:\Users\szymo\source\repos\torcs\torcs\wtorcs.exe
[2026-04-18 15:00:05.389] VISION_FLAG=novision
[2026-04-18 15:00:05.390] LAUNCH_MODE=foreground
[2026-04-18 15:00:05.391] RACE_CONFIG=
[2026-04-18 15:00:05.391] AUTOSTART_SCRIPT=C:\Users\szymo\source\repos\torcs\gym_torcs\autostart_windows.bat
[2026-04-18 15:00:06.552] launch command dispatched
[2026-04-18 15:00:07.664] running autostart script: C:\Users\szymo\source\repos\torcs\gym_torcs\autostart_windows.bat
[2026-04-18 15:00:11.919] autostart script finished
[2026-04-18 15:00:11.920] launcher completed
[2026-04-18 15:00:23.991] begin launcher
[2026-04-18 15:00:23.995] TORCS_EXE=C:\Users\szymo\source\repos\torcs\torcs\wtorcs.exe
[2026-04-18 15:00:23.996] VISION_FLAG=novision
[2026-04-18 15:00:23.997] LAUNCH_MODE=foreground
[2026-04-18 15:00:23.997] RACE_CONFIG=
[2026-04-18 15:00:23.998] AUTOSTART_SCRIPT=C:\Users\szymo\source\repos\torcs\gym_torcs\autostart_windows.bat
[2026-04-18 15:00:25.153] launch command dispatched
[2026-04-18 15:00:26.271] running autostart script: C:\Users\szymo\source\repos\torcs\gym_torcs\autostart_windows.bat
[2026-04-18 15:00:30.532] autostart script finished
[2026-04-18 15:00:30.534] launcher completed
[2026-04-18 15:00:43.423] begin launcher
[2026-04-18 15:00:43.427] TORCS_EXE=C:\Users\szymo\source\repos\torcs\torcs\wtorcs.exe
[2026-04-18 15:00:43.427] VISION_FLAG=novision
[2026-04-18 15:00:43.428] LAUNCH_MODE=foreground
[2026-04-18 15:00:43.429] RACE_CONFIG=
[2026-04-18 15:00:43.430] AUTOSTART_SCRIPT=C:\Users\szymo\source\repos\torcs\gym_torcs\autostart_windows.bat
[2026-04-18 15:00:44.581] launch command dispatched
[2026-04-18 15:00:45.693] running autostart script: C:\Users\szymo\source\repos\torcs\gym_torcs\autostart_windows.bat
[2026-04-18 15:00:49.957] autostart script finished
[2026-04-18 15:00:49.959] launcher completed
[2026-04-18 15:00:58.910] begin launcher
[2026-04-18 15:00:58.914] TORCS_EXE=C:\Users\szymo\source\repos\torcs\torcs\wtorcs.exe
[2026-04-18 15:00:58.915] VISION_FLAG=novision
[2026-04-18 15:00:58.915] LAUNCH_MODE=foreground
[2026-04-18 15:00:58.916] RACE_CONFIG=
[2026-04-18 15:00:58.917] AUTOSTART_SCRIPT=C:\Users\szymo\source\repos\torcs\gym_torcs\autostart_windows.bat
[2026-04-18 15:01:00.181] launch command dispatched
[2026-04-18 15:01:01.285] running autostart script: C:\Users\szymo\source\repos\torcs\gym_torcs\autostart_windows.bat
[2026-04-18 15:01:06.190] autostart script finished
[2026-04-18 15:01:06.192] launcher completed
[2026-04-18 15:01:52.664] begin launcher
[2026-04-18 15:01:52.668] TORCS_EXE=C:\Users\szymo\source\repos\torcs\torcs\wtorcs.exe
[2026-04-18 15:01:52.668] VISION_FLAG=novision
[2026-04-18 15:01:52.668] LAUNCH_MODE=foreground
[2026-04-18 15:01:52.670] RACE_CONFIG=
[2026-04-18 15:01:52.671] AUTOSTART_SCRIPT=C:\Users\szymo\source\repos\torcs\gym_torcs\autostart_windows.bat
[2026-04-18 15:01:53.803] launch command dispatched
[2026-04-18 15:01:54.913] running autostart script: C:\Users\szymo\source\repos\torcs\gym_torcs\autostart_windows.bat
[2026-04-18 15:01:59.182] autostart script finished
[2026-04-18 15:01:59.184] launcher completed
[2026-04-18 15:02:01.753] begin launcher
[2026-04-18 15:02:01.757] TORCS_EXE=C:\Users\szymo\source\repos\torcs\torcs\wtorcs.exe
[2026-04-18 15:02:01.758] VISION_FLAG=novision
[2026-04-18 15:02:01.758] LAUNCH_MODE=foreground
[2026-04-18 15:02:01.759] RACE_CONFIG=
[2026-04-18 15:02:01.760] AUTOSTART_SCRIPT=C:\Users\szymo\source\repos\torcs\gym_torcs\autostart_windows.bat
[2026-04-18 15:02:02.932] launch command dispatched
[2026-04-18 15:02:04.046] running autostart script: C:\Users\szymo\source\repos\torcs\gym_torcs\autostart_windows.bat
[2026-04-18 15:02:08.311] autostart script finished
[2026-04-18 15:02:08.312] launcher completed
[2026-04-18 15:02:11.811] begin launcher
[2026-04-18 15:02:11.815] TORCS_EXE=C:\Users\szymo\source\repos\torcs\torcs\wtorcs.exe
[2026-04-18 15:02:11.816] VISION_FLAG=novision
[2026-04-18 15:02:11.816] LAUNCH_MODE=foreground
[2026-04-18 15:02:11.817] RACE_CONFIG=
[2026-04-18 15:02:11.818] AUTOSTART_SCRIPT=C:\Users\szymo\source\repos\torcs\gym_torcs\autostart_windows.bat
[2026-04-18 15:02:13.008] launch command dispatched
[2026-04-18 15:02:14.111] running autostart script: C:\Users\szymo\source\repos\torcs\gym_torcs\autostart_windows.bat
[2026-04-18 15:02:18.370] autostart script finished
[2026-04-18 15:02:18.372] launcher completed
[2026-04-18 15:02:43.668] begin launcher
[2026-04-18 15:02:43.672] TORCS_EXE=C:\Users\szymo\source\repos\torcs\torcs\wtorcs.exe
[2026-04-18 15:02:43.673] VISION_FLAG=novision
[2026-04-18 15:02:43.673] LAUNCH_MODE=foreground
[2026-04-18 15:02:43.674] RACE_CONFIG=
[2026-04-18 15:02:43.675] AUTOSTART_SCRIPT=C:\Users\szymo\source\repos\torcs\gym_torcs\autostart_windows.bat
[2026-04-18 15:02:44.852] launch command dispatched
[2026-04-18 15:02:45.969] running autostart script: C:\Users\szymo\source\repos\torcs\gym_torcs\autostart_windows.bat
[2026-04-18 15:02:50.240] autostart script finished
[2026-04-18 15:02:50.242] launcher completed
[2026-04-18 15:03:13.698] begin launcher
[2026-04-18 15:03:13.703] TORCS_EXE=C:\Users\szymo\source\repos\torcs\torcs\wtorcs.exe
[2026-04-18 15:03:13.703] VISION_FLAG=novision
[2026-04-18 15:03:13.703] LAUNCH_MODE=foreground
[2026-04-18 15:03:13.704] RACE_CONFIG=
[2026-04-18 15:03:13.705] AUTOSTART_SCRIPT=C:\Users\szymo\source\repos\torcs\gym_torcs\autostart_windows.bat
[2026-04-18 15:03:14.922] launch command dispatched
[2026-04-18 15:03:16.039] running autostart script: C:\Users\szymo\source\repos\torcs\gym_torcs\autostart_windows.bat
[2026-04-18 15:03:20.312] autostart script finished
[2026-04-18 15:03:20.314] launcher completed
[2026-04-18 15:03:32.153] begin launcher
[2026-04-18 15:03:32.157] TORCS_EXE=C:\Users\szymo\source\repos\torcs\torcs\wtorcs.exe
[2026-04-18 15:03:32.157] VISION_FLAG=novision
[2026-04-18 15:03:32.158] LAUNCH_MODE=foreground
[2026-04-18 15:03:32.159] RACE_CONFIG=
[2026-04-18 15:03:32.159] AUTOSTART_SCRIPT=C:\Users\szymo\source\repos\torcs\gym_torcs\autostart_windows.bat
[2026-04-18 15:03:33.327] launch command dispatched
[2026-04-18 15:03:34.443] running autostart script: C:\Users\szymo\source\repos\torcs\gym_torcs\autostart_windows.bat
[2026-04-18 15:03:38.708] autostart script finished
[2026-04-18 15:03:38.709] launcher completed
[2026-04-18 15:03:48.921] begin launcher
[2026-04-18 15:03:48.924] TORCS_EXE=C:\Users\szymo\source\repos\torcs\torcs\wtorcs.exe
[2026-04-18 15:03:48.925] VISION_FLAG=novision
[2026-04-18 15:03:48.926] LAUNCH_MODE=foreground
[2026-04-18 15:03:48.926] RACE_CONFIG=
[2026-04-18 15:03:48.927] AUTOSTART_SCRIPT=C:\Users\szymo\source\repos\torcs\gym_torcs\autostart_windows.bat
[2026-04-18 15:03:50.123] launch command dispatched
[2026-04-18 15:03:51.236] running autostart script: C:\Users\szymo\source\repos\torcs\gym_torcs\autostart_windows.bat
[2026-04-18 15:03:55.480] autostart script finished
[2026-04-18 15:03:55.482] launcher completed
[2026-04-18 15:04:07.992] begin launcher
[2026-04-18 15:04:07.997] TORCS_EXE=C:\Users\szymo\source\repos\torcs\torcs\wtorcs.exe
[2026-04-18 15:04:07.997] VISION_FLAG=novision
[2026-04-18 15:04:07.998] LAUNCH_MODE=foreground
[2026-04-18 15:04:07.999] RACE_CONFIG=
[2026-04-18 15:04:07.999] AUTOSTART_SCRIPT=C:\Users\szymo\source\repos\torcs\gym_torcs\autostart_windows.bat
[2026-04-18 15:04:09.186] launch command dispatched
[2026-04-18 15:04:10.299] running autostart script: C:\Users\szymo\source\repos\torcs\gym_torcs\autostart_windows.bat
[2026-04-18 15:04:14.589] autostart script finished
[2026-04-18 15:04:14.590] launcher completed
[2026-04-18 15:04:36.424] begin launcher
[2026-04-18 15:04:36.428] TORCS_EXE=C:\Users\szymo\source\repos\torcs\torcs\wtorcs.exe
[2026-04-18 15:04:36.428] VISION_FLAG=novision
[2026-04-18 15:04:36.429] LAUNCH_MODE=foreground
[2026-04-18 15:04:36.430] RACE_CONFIG=
[2026-04-18 15:04:36.430] AUTOSTART_SCRIPT=C:\Users\szymo\source\repos\torcs\gym_torcs\autostart_windows.bat
[2026-04-18 15:04:37.624] launch command dispatched
[2026-04-18 15:04:38.736] running autostart script: C:\Users\szymo\source\repos\torcs\gym_torcs\autostart_windows.bat
[2026-04-18 15:04:42.997] autostart script finished
[2026-04-18 15:04:42.999] launcher completed
[2026-04-18 15:04:52.660] begin launcher
[2026-04-18 15:04:52.664] TORCS_EXE=C:\Users\szymo\source\repos\torcs\torcs\wtorcs.exe
[2026-04-18 15:04:52.664] VISION_FLAG=novision
[2026-04-18 15:04:52.665] LAUNCH_MODE=foreground
[2026-04-18 15:04:52.666] RACE_CONFIG=
[2026-04-18 15:04:52.666] AUTOSTART_SCRIPT=C:\Users\szymo\source\repos\torcs\gym_torcs\autostart_windows.bat
[2026-04-18 15:04:53.840] launch command dispatched
[2026-04-18 15:04:54.950] running autostart script: C:\Users\szymo\source\repos\torcs\gym_torcs\autostart_windows.bat
[2026-04-18 15:04:59.201] autostart script finished
[2026-04-18 15:04:59.203] launcher completed
[2026-04-18 15:05:08.864] begin launcher
[2026-04-18 15:05:08.868] TORCS_EXE=C:\Users\szymo\source\repos\torcs\torcs\wtorcs.exe
[2026-04-18 15:05:08.868] VISION_FLAG=novision
[2026-04-18 15:05:08.869] LAUNCH_MODE=foreground
[2026-04-18 15:05:08.870] RACE_CONFIG=
[2026-04-18 15:05:08.871] AUTOSTART_SCRIPT=C:\Users\szymo\source\repos\torcs\gym_torcs\autostart_windows.bat
[2026-04-18 15:05:10.148] launch command dispatched
[2026-04-18 15:05:11.262] running autostart script: C:\Users\szymo\source\repos\torcs\gym_torcs\autostart_windows.bat
[2026-04-18 15:05:15.508] autostart script finished
[2026-04-18 15:05:15.510] launcher completed
[2026-04-18 15:05:26.734] begin launcher
[2026-04-18 15:05:26.738] TORCS_EXE=C:\Users\szymo\source\repos\torcs\torcs\wtorcs.exe
[2026-04-18 15:05:26.738] VISION_FLAG=novision
[2026-04-18 15:05:26.739] LAUNCH_MODE=foreground
[2026-04-18 15:05:26.740] RACE_CONFIG=
[2026-04-18 15:05:26.740] AUTOSTART_SCRIPT=C:\Users\szymo\source\repos\torcs\gym_torcs\autostart_windows.bat
[2026-04-18 15:05:27.994] launch command dispatched
[2026-04-18 15:05:29.111] running autostart script: C:\Users\szymo\source\repos\torcs\gym_torcs\autostart_windows.bat
[2026-04-18 15:05:33.387] autostart script finished
[2026-04-18 15:05:33.389] launcher completed
[2026-04-18 15:05:45.302] begin launcher
[2026-04-18 15:05:45.305] TORCS_EXE=C:\Users\szymo\source\repos\torcs\torcs\wtorcs.exe
[2026-04-18 15:05:45.307] VISION_FLAG=novision
[2026-04-18 15:05:45.307] LAUNCH_MODE=foreground
[2026-04-18 15:05:45.308] RACE_CONFIG=
[2026-04-18 15:05:45.309] AUTOSTART_SCRIPT=C:\Users\szymo\source\repos\torcs\gym_torcs\autostart_windows.bat
[2026-04-18 15:05:46.471] launch command dispatched
[2026-04-18 15:05:47.588] running autostart script: C:\Users\szymo\source\repos\torcs\gym_torcs\autostart_windows.bat
[2026-04-18 15:05:51.866] autostart script finished
[2026-04-18 15:05:51.868] launcher completed
[2026-04-18 15:06:03.868] begin launcher
[2026-04-18 15:06:03.872] TORCS_EXE=C:\Users\szymo\source\repos\torcs\torcs\wtorcs.exe
[2026-04-18 15:06:03.873] VISION_FLAG=novision
[2026-04-18 15:06:03.874] LAUNCH_MODE=foreground
[2026-04-18 15:06:03.875] RACE_CONFIG=
[2026-04-18 15:06:03.875] AUTOSTART_SCRIPT=C:\Users\szymo\source\repos\torcs\gym_torcs\autostart_windows.bat
[2026-04-18 15:06:05.131] launch command dispatched
[2026-04-18 15:06:06.242] running autostart script: C:\Users\szymo\source\repos\torcs\gym_torcs\autostart_windows.bat
[2026-04-18 15:06:10.516] autostart script finished
[2026-04-18 15:06:10.518] launcher completed
[2026-04-18 15:06:21.675] begin launcher
[2026-04-18 15:06:21.678] TORCS_EXE=C:\Users\szymo\source\repos\torcs\torcs\wtorcs.exe
[2026-04-18 15:06:21.679] VISION_FLAG=novision
[2026-04-18 15:06:21.680] LAUNCH_MODE=foreground
[2026-04-18 15:06:21.681] RACE_CONFIG=
[2026-04-18 15:06:21.682] AUTOSTART_SCRIPT=C:\Users\szymo\source\repos\torcs\gym_torcs\autostart_windows.bat
[2026-04-18 15:06:22.873] launch command dispatched
[2026-04-18 15:06:23.989] running autostart script: C:\Users\szymo\source\repos\torcs\gym_torcs\autostart_windows.bat
[2026-04-18 15:06:28.253] autostart script finished
[2026-04-18 15:06:28.255] launcher completed
[2026-04-18 15:06:41.595] begin launcher
[2026-04-18 15:06:41.599] TORCS_EXE=C:\Users\szymo\source\repos\torcs\torcs\wtorcs.exe
[2026-04-18 15:06:41.600] VISION_FLAG=novision
[2026-04-18 15:06:41.601] LAUNCH_MODE=foreground
[2026-04-18 15:06:41.601] RACE_CONFIG=
[2026-04-18 15:06:41.602] AUTOSTART_SCRIPT=C:\Users\szymo\source\repos\torcs\gym_torcs\autostart_windows.bat
[2026-04-18 15:06:42.777] launch command dispatched
[2026-04-18 15:06:43.894] running autostart script: C:\Users\szymo\source\repos\torcs\gym_torcs\autostart_windows.bat
[2026-04-18 15:06:48.172] autostart script finished
[2026-04-18 15:06:48.174] launcher completed
[2026-04-18 15:07:00.083] begin launcher
[2026-04-18 15:07:00.087] TORCS_EXE=C:\Users\szymo\source\repos\torcs\torcs\wtorcs.exe
[2026-04-18 15:07:00.087] VISION_FLAG=novision
[2026-04-18 15:07:00.088] LAUNCH_MODE=foreground
[2026-04-18 15:07:00.089] RACE_CONFIG=
[2026-04-18 15:07:00.089] AUTOSTART_SCRIPT=C:\Users\szymo\source\repos\torcs\gym_torcs\autostart_windows.bat
[2026-04-18 15:07:01.277] launch command dispatched
[2026-04-18 15:07:02.394] running autostart script: C:\Users\szymo\source\repos\torcs\gym_torcs\autostart_windows.bat
[2026-04-18 15:07:06.669] autostart script finished
[2026-04-18 15:07:06.671] launcher completed
[2026-04-18 15:07:23.480] begin launcher
[2026-04-18 15:07:23.484] TORCS_EXE=C:\Users\szymo\source\repos\torcs\torcs\wtorcs.exe
[2026-04-18 15:07:23.485] VISION_FLAG=novision
[2026-04-18 15:07:23.485] LAUNCH_MODE=foreground
[2026-04-18 15:07:23.486] RACE_CONFIG=
[2026-04-18 15:07:23.487] AUTOSTART_SCRIPT=C:\Users\szymo\source\repos\torcs\gym_torcs\autostart_windows.bat
[2026-04-18 15:07:24.665] launch command dispatched
[2026-04-18 15:07:25.782] running autostart script: C:\Users\szymo\source\repos\torcs\gym_torcs\autostart_windows.bat
[2026-04-18 15:07:30.049] autostart script finished
[2026-04-18 15:07:30.051] launcher completed
[2026-04-18 15:07:41.379] begin launcher
[2026-04-18 15:07:41.384] TORCS_EXE=C:\Users\szymo\source\repos\torcs\torcs\wtorcs.exe
[2026-04-18 15:07:41.385] VISION_FLAG=novision
[2026-04-18 15:07:41.385] LAUNCH_MODE=foreground
[2026-04-18 15:07:41.386] RACE_CONFIG=
[2026-04-18 15:07:41.387] AUTOSTART_SCRIPT=C:\Users\szymo\source\repos\torcs\gym_torcs\autostart_windows.bat
[2026-04-18 15:07:42.622] launch command dispatched
[2026-04-18 15:07:43.733] running autostart script: C:\Users\szymo\source\repos\torcs\gym_torcs\autostart_windows.bat
[2026-04-18 15:07:48.017] autostart script finished
[2026-04-18 15:07:48.018] launcher completed
[2026-04-18 15:08:19.164] begin launcher
[2026-04-18 15:08:19.168] TORCS_EXE=C:\Users\szymo\source\repos\torcs\torcs\wtorcs.exe
[2026-04-18 15:08:19.169] VISION_FLAG=novision
[2026-04-18 15:08:19.170] LAUNCH_MODE=foreground
[2026-04-18 15:08:19.171] RACE_CONFIG=
[2026-04-18 15:08:19.171] AUTOSTART_SCRIPT=C:\Users\szymo\source\repos\torcs\gym_torcs\autostart_windows.bat
[2026-04-18 15:08:20.356] launch command dispatched
[2026-04-18 15:08:21.460] running autostart script: C:\Users\szymo\source\repos\torcs\gym_torcs\autostart_windows.bat
[2026-04-18 15:08:25.751] autostart script finished
[2026-04-18 15:08:25.752] launcher completed
[2026-04-18 15:14:32.949] begin launcher
[2026-04-18 15:14:32.953] TORCS_EXE=C:\Users\szymo\source\repos\torcs\torcs\wtorcs.exe
[2026-04-18 15:14:32.954] VISION_FLAG=novision
[2026-04-18 15:14:32.954] LAUNCH_MODE=foreground
[2026-04-18 15:14:32.955] RACE_CONFIG=
[2026-04-18 15:14:32.956] AUTOSTART_SCRIPT=C:\Users\szymo\source\repos\torcs\gym_torcs\autostart_windows.bat
[2026-04-18 15:14:34.104] launch command dispatched
[2026-04-18 15:14:35.205] running autostart script: C:\Users\szymo\source\repos\torcs\gym_torcs\autostart_windows.bat
[2026-04-18 15:14:39.487] autostart script finished
[2026-04-18 15:14:39.489] launcher completed
[2026-04-18 15:17:15.815] begin launcher
[2026-04-18 15:17:15.819] TORCS_EXE=C:\Users\szymo\source\repos\torcs\torcs\wtorcs.exe
[2026-04-18 15:17:15.819] VISION_FLAG=novision
[2026-04-18 15:17:15.820] LAUNCH_MODE=foreground
[2026-04-18 15:17:15.821] RACE_CONFIG=
[2026-04-18 15:17:15.821] AUTOSTART_SCRIPT=C:\Users\szymo\source\repos\torcs\gym_torcs\autostart_windows.bat
[2026-04-18 15:17:16.984] launch command dispatched
[2026-04-18 15:17:18.097] running autostart script: C:\Users\szymo\source\repos\torcs\gym_torcs\autostart_windows.bat
[2026-04-18 15:17:22.370] autostart script finished
[2026-04-18 15:17:22.372] launcher completed
[2026-04-18 15:19:59.788] begin launcher
[2026-04-18 15:19:59.792] TORCS_EXE=C:\Users\szymo\source\repos\torcs\torcs\wtorcs.exe
[2026-04-18 15:19:59.793] VISION_FLAG=novision
[2026-04-18 15:19:59.794] LAUNCH_MODE=foreground
[2026-04-18 15:19:59.795] RACE_CONFIG=
[2026-04-18 15:19:59.795] AUTOSTART_SCRIPT=C:\Users\szymo\source\repos\torcs\gym_torcs\autostart_windows.bat
[2026-04-18 15:20:00.991] launch command dispatched
[2026-04-18 15:20:02.111] running autostart script: C:\Users\szymo\source\repos\torcs\gym_torcs\autostart_windows.bat
[2026-04-18 15:20:06.387] autostart script finished
[2026-04-18 15:20:06.389] launcher completed
[2026-04-18 15:22:42.872] begin launcher
[2026-04-18 15:22:42.876] TORCS_EXE=C:\Users\szymo\source\repos\torcs\torcs\wtorcs.exe
[2026-04-18 15:22:42.877] VISION_FLAG=novision
[2026-04-18 15:22:42.877] LAUNCH_MODE=foreground
[2026-04-18 15:22:42.878] RACE_CONFIG=
[2026-04-18 15:22:42.879] AUTOSTART_SCRIPT=C:\Users\szymo\source\repos\torcs\gym_torcs\autostart_windows.bat
[2026-04-18 15:22:44.047] launch command dispatched
[2026-04-18 15:22:45.161] running autostart script: C:\Users\szymo\source\repos\torcs\gym_torcs\autostart_windows.bat
[2026-04-18 15:22:49.389] autostart script finished
[2026-04-18 15:22:49.391] launcher completed
[2026-04-18 15:25:25.888] begin launcher
[2026-04-18 15:25:25.892] TORCS_EXE=C:\Users\szymo\source\repos\torcs\torcs\wtorcs.exe
[2026-04-18 15:25:25.893] VISION_FLAG=novision
[2026-04-18 15:25:25.893] LAUNCH_MODE=foreground
[2026-04-18 15:25:25.894] RACE_CONFIG=
[2026-04-18 15:25:25.895] AUTOSTART_SCRIPT=C:\Users\szymo\source\repos\torcs\gym_torcs\autostart_windows.bat
[2026-04-18 15:25:27.050] launch command dispatched
[2026-04-18 15:25:28.168] running autostart script: C:\Users\szymo\source\repos\torcs\gym_torcs\autostart_windows.bat
[2026-04-18 15:25:32.414] autostart script finished
[2026-04-18 15:25:32.417] launcher completed
[2026-04-18 15:48:09.154] begin launcher
[2026-04-18 15:48:09.158] TORCS_EXE=C:\Users\szymo\source\repos\torcs\torcs\wtorcs.exe
[2026-04-18 15:48:09.158] VISION_FLAG=novision
[2026-04-18 15:48:09.159] LAUNCH_MODE=foreground
[2026-04-18 15:48:09.159] RACE_CONFIG=C:\Users\szymo\source\repos\torcs\torcs\config\raceman\practice.xml
[2026-04-18 15:48:09.160] AUTOSTART_SCRIPT=C:\Users\szymo\source\repos\torcs\gym_torcs\autostart_windows.bat
[2026-04-18 15:48:09.679] launch command dispatched
[2026-04-18 15:48:09.679] race config specified: skipping autostart, focus, and waits
[2026-04-18 15:48:09.681] launcher completed
[2026-04-18 15:48:10.948] begin launcher
[2026-04-18 15:48:10.951] TORCS_EXE=C:\Users\szymo\source\repos\torcs\torcs\wtorcs.exe
[2026-04-18 15:48:10.952] VISION_FLAG=novision
[2026-04-18 15:48:10.953] LAUNCH_MODE=foreground
[2026-04-18 15:48:10.954] RACE_CONFIG=C:\Users\szymo\source\repos\torcs\torcs\config\raceman\practice.xml
[2026-04-18 15:48:10.954] AUTOSTART_SCRIPT=C:\Users\szymo\source\repos\torcs\gym_torcs\autostart_windows.bat
[2026-04-18 15:48:11.431] launch command dispatched
[2026-04-18 15:48:11.431] race config specified: skipping autostart, focus, and waits
[2026-04-18 15:48:11.433] launcher completed
[2026-04-18 15:50:28.885] begin launcher
[2026-04-18 15:50:28.889] TORCS_EXE=C:\Users\szymo\source\repos\torcs\torcs\wtorcs.exe
[2026-04-18 15:50:28.889] VISION_FLAG=novision
[2026-04-18 15:50:28.890] LAUNCH_MODE=foreground
[2026-04-18 15:50:28.891] RACE_CONFIG=C:\Users\szymo\source\repos\torcs\torcs\config\raceman\practice.xml
[2026-04-18 15:50:28.891] AUTOSTART_SCRIPT=C:\Users\szymo\source\repos\torcs\gym_torcs\autostart_windows.bat
[2026-04-18 15:50:29.368] launch command dispatched
[2026-04-18 15:50:29.369] race config specified: skipping autostart, focus, and waits
[2026-04-18 15:50:29.370] launcher completed
[2026-04-18 15:50:31.826] begin launcher
[2026-04-18 15:50:31.831] TORCS_EXE=C:\Users\szymo\source\repos\torcs\torcs\wtorcs.exe
[2026-04-18 15:50:31.831] VISION_FLAG=novision
[2026-04-18 15:50:31.832] LAUNCH_MODE=foreground
[2026-04-18 15:50:31.833] RACE_CONFIG=C:\Users\szymo\source\repos\torcs\torcs\config\raceman\practice.xml
[2026-04-18 15:50:31.833] AUTOSTART_SCRIPT=C:\Users\szymo\source\repos\torcs\gym_torcs\autostart_windows.bat
[2026-04-18 15:50:32.378] launch command dispatched
[2026-04-18 15:50:32.379] race config specified: skipping autostart, focus, and waits
[2026-04-18 15:50:32.380] launcher completed
[2026-04-18 15:50:34.493] begin launcher
[2026-04-18 15:50:34.497] TORCS_EXE=C:\Users\szymo\source\repos\torcs\torcs\wtorcs.exe
[2026-04-18 15:50:34.498] VISION_FLAG=novision
[2026-04-18 15:50:34.499] LAUNCH_MODE=foreground
[2026-04-18 15:50:34.499] RACE_CONFIG=C:\Users\szymo\source\repos\torcs\torcs\config\raceman\practice.xml
[2026-04-18 15:50:34.500] AUTOSTART_SCRIPT=C:\Users\szymo\source\repos\torcs\gym_torcs\autostart_windows.bat
[2026-04-18 15:50:34.996] launch command dispatched
[2026-04-18 15:50:34.997] race config specified: skipping autostart, focus, and waits
[2026-04-18 15:50:34.998] launcher completed
[2026-04-18 15:50:36.585] begin launcher
[2026-04-18 15:50:36.589] TORCS_EXE=C:\Users\szymo\source\repos\torcs\torcs\wtorcs.exe
[2026-04-18 15:50:36.590] VISION_FLAG=novision
[2026-04-18 15:50:36.591] LAUNCH_MODE=foreground
[2026-04-18 15:50:36.591] RACE_CONFIG=C:\Users\szymo\source\repos\torcs\torcs\config\raceman\practice.xml
[2026-04-18 15:50:36.592] AUTOSTART_SCRIPT=C:\Users\szymo\source\repos\torcs\gym_torcs\autostart_windows.bat
[2026-04-18 15:50:37.087] launch command dispatched
[2026-04-18 15:50:37.088] race config specified: skipping autostart, focus, and waits
[2026-04-18 15:50:37.089] launcher completed
[2026-04-18 15:50:39.140] begin launcher
[2026-04-18 15:50:39.145] TORCS_EXE=C:\Users\szymo\source\repos\torcs\torcs\wtorcs.exe
[2026-04-18 15:50:39.145] VISION_FLAG=novision
[2026-04-18 15:50:39.146] LAUNCH_MODE=foreground
[2026-04-18 15:50:39.146] RACE_CONFIG=C:\Users\szymo\source\repos\torcs\torcs\config\raceman\practice.xml
[2026-04-18 15:50:39.147] AUTOSTART_SCRIPT=C:\Users\szymo\source\repos\torcs\gym_torcs\autostart_windows.bat
[2026-04-18 15:50:39.637] launch command dispatched
[2026-04-18 15:50:39.637] race config specified: skipping autostart, focus, and waits
[2026-04-18 15:50:39.639] launcher completed
[2026-04-18 15:50:41.282] begin launcher
[2026-04-18 15:50:41.286] TORCS_EXE=C:\Users\szymo\source\repos\torcs\torcs\wtorcs.exe
[2026-04-18 15:50:41.286] VISION_FLAG=novision
[2026-04-18 15:50:41.287] LAUNCH_MODE=foreground
[2026-04-18 15:50:41.287] RACE_CONFIG=C:\Users\szymo\source\repos\torcs\torcs\config\raceman\practice.xml
[2026-04-18 15:50:41.288] AUTOSTART_SCRIPT=C:\Users\szymo\source\repos\torcs\gym_torcs\autostart_windows.bat
[2026-04-18 15:50:41.787] launch command dispatched
[2026-04-18 15:50:41.787] race config specified: skipping autostart, focus, and waits
[2026-04-18 15:50:41.788] launcher completed
[2026-04-18 15:50:43.351] begin launcher
[2026-04-18 15:50:43.355] TORCS_EXE=C:\Users\szymo\source\repos\torcs\torcs\wtorcs.exe
[2026-04-18 15:50:43.356] VISION_FLAG=novision
[2026-04-18 15:50:43.356] LAUNCH_MODE=foreground
[2026-04-18 15:50:43.357] RACE_CONFIG=C:\Users\szymo\source\repos\torcs\torcs\config\raceman\practice.xml
[2026-04-18 15:50:43.358] AUTOSTART_SCRIPT=C:\Users\szymo\source\repos\torcs\gym_torcs\autostart_windows.bat
[2026-04-18 15:50:43.838] launch command dispatched
[2026-04-18 15:50:43.839] race config specified: skipping autostart, focus, and waits
[2026-04-18 15:50:43.840] launcher completed
[2026-04-18 15:50:45.652] begin launcher
[2026-04-18 15:50:45.656] TORCS_EXE=C:\Users\szymo\source\repos\torcs\torcs\wtorcs.exe
[2026-04-18 15:50:45.656] VISION_FLAG=novision
[2026-04-18 15:50:45.657] LAUNCH_MODE=foreground
[2026-04-18 15:50:45.657] RACE_CONFIG=C:\Users\szymo\source\repos\torcs\torcs\config\raceman\practice.xml
[2026-04-18 15:50:45.658] AUTOSTART_SCRIPT=C:\Users\szymo\source\repos\torcs\gym_torcs\autostart_windows.bat
[2026-04-18 15:50:46.177] launch command dispatched
[2026-04-18 15:50:46.178] race config specified: skipping autostart, focus, and waits
[2026-04-18 15:50:46.179] launcher completed
[2026-04-18 15:50:48.477] begin launcher
[2026-04-18 15:50:48.481] TORCS_EXE=C:\Users\szymo\source\repos\torcs\torcs\wtorcs.exe
[2026-04-18 15:50:48.481] VISION_FLAG=novision
[2026-04-18 15:50:48.482] LAUNCH_MODE=foreground
[2026-04-18 15:50:48.483] RACE_CONFIG=C:\Users\szymo\source\repos\torcs\torcs\config\raceman\practice.xml
[2026-04-18 15:50:48.483] AUTOSTART_SCRIPT=C:\Users\szymo\source\repos\torcs\gym_torcs\autostart_windows.bat
[2026-04-18 15:50:48.984] launch command dispatched
[2026-04-18 15:50:48.985] race config specified: skipping autostart, focus, and waits
[2026-04-18 15:50:48.986] launcher completed
[2026-04-18 15:50:50.944] begin launcher
[2026-04-18 15:50:50.948] TORCS_EXE=C:\Users\szymo\source\repos\torcs\torcs\wtorcs.exe
[2026-04-18 15:50:50.948] VISION_FLAG=novision
[2026-04-18 15:50:50.949] LAUNCH_MODE=foreground
[2026-04-18 15:50:50.950] RACE_CONFIG=C:\Users\szymo\source\repos\torcs\torcs\config\raceman\practice.xml
[2026-04-18 15:50:50.950] AUTOSTART_SCRIPT=C:\Users\szymo\source\repos\torcs\gym_torcs\autostart_windows.bat
[2026-04-18 15:50:51.458] launch command dispatched
[2026-04-18 15:50:51.458] race config specified: skipping autostart, focus, and waits
[2026-04-18 15:50:51.460] launcher completed
[2026-04-18 15:50:53.071] begin launcher
[2026-04-18 15:50:53.075] TORCS_EXE=C:\Users\szymo\source\repos\torcs\torcs\wtorcs.exe
[2026-04-18 15:50:53.076] VISION_FLAG=novision
[2026-04-18 15:50:53.076] LAUNCH_MODE=foreground
[2026-04-18 15:50:53.077] RACE_CONFIG=C:\Users\szymo\source\repos\torcs\torcs\config\raceman\practice.xml
[2026-04-18 15:50:53.077] AUTOSTART_SCRIPT=C:\Users\szymo\source\repos\torcs\gym_torcs\autostart_windows.bat
[2026-04-18 15:50:53.584] launch command dispatched
[2026-04-18 15:50:53.585] race config specified: skipping autostart, focus, and waits
[2026-04-18 15:50:53.586] launcher completed
[2026-04-18 15:50:55.187] begin launcher
[2026-04-18 15:50:55.191] TORCS_EXE=C:\Users\szymo\source\repos\torcs\torcs\wtorcs.exe
[2026-04-18 15:50:55.192] VISION_FLAG=novision
[2026-04-18 15:50:55.192] LAUNCH_MODE=foreground
[2026-04-18 15:50:55.193] RACE_CONFIG=C:\Users\szymo\source\repos\torcs\torcs\config\raceman\practice.xml
[2026-04-18 15:50:55.193] AUTOSTART_SCRIPT=C:\Users\szymo\source\repos\torcs\gym_torcs\autostart_windows.bat
[2026-04-18 15:50:55.704] launch command dispatched
[2026-04-18 15:50:55.705] race config specified: skipping autostart, focus, and waits
[2026-04-18 15:50:55.706] launcher completed
[2026-04-18 15:50:57.700] begin launcher
[2026-04-18 15:50:57.704] TORCS_EXE=C:\Users\szymo\source\repos\torcs\torcs\wtorcs.exe
[2026-04-18 15:50:57.704] VISION_FLAG=novision
[2026-04-18 15:50:57.705] LAUNCH_MODE=foreground
[2026-04-18 15:50:57.706] RACE_CONFIG=C:\Users\szymo\source\repos\torcs\torcs\config\raceman\practice.xml
[2026-04-18 15:50:57.706] AUTOSTART_SCRIPT=C:\Users\szymo\source\repos\torcs\gym_torcs\autostart_windows.bat
[2026-04-18 15:50:58.189] launch command dispatched
[2026-04-18 15:50:58.190] race config specified: skipping autostart, focus, and waits
[2026-04-18 15:50:58.191] launcher completed
[2026-04-18 15:51:01.635] begin launcher
[2026-04-18 15:51:01.639] TORCS_EXE=C:\Users\szymo\source\repos\torcs\torcs\wtorcs.exe
[2026-04-18 15:51:01.640] VISION_FLAG=novision
[2026-04-18 15:51:01.640] LAUNCH_MODE=foreground
[2026-04-18 15:51:01.641] RACE_CONFIG=C:\Users\szymo\source\repos\torcs\torcs\config\raceman\practice.xml
[2026-04-18 15:51:01.641] AUTOSTART_SCRIPT=C:\Users\szymo\source\repos\torcs\gym_torcs\autostart_windows.bat
[2026-04-18 15:51:02.204] launch command dispatched
[2026-04-18 15:51:02.205] race config specified: skipping autostart, focus, and waits
[2026-04-18 15:51:02.206] launcher completed
[2026-04-18 15:51:03.845] begin launcher
[2026-04-18 15:51:03.849] TORCS_EXE=C:\Users\szymo\source\repos\torcs\torcs\wtorcs.exe
[2026-04-18 15:51:03.849] VISION_FLAG=novision
[2026-04-18 15:51:03.850] LAUNCH_MODE=foreground
[2026-04-18 15:51:03.850] RACE_CONFIG=C:\Users\szymo\source\repos\torcs\torcs\config\raceman\practice.xml
[2026-04-18 15:51:03.851] AUTOSTART_SCRIPT=C:\Users\szymo\source\repos\torcs\gym_torcs\autostart_windows.bat
[2026-04-18 15:51:04.366] launch command dispatched
[2026-04-18 15:51:04.367] race config specified: skipping autostart, focus, and waits
[2026-04-18 15:51:04.368] launcher completed
[2026-04-18 15:55:15.889] begin launcher
[2026-04-18 15:55:15.893] TORCS_EXE=C:\Users\szymo\source\repos\torcs\torcs\wtorcs.exe
[2026-04-18 15:55:15.894] VISION_FLAG=novision
[2026-04-18 15:55:15.894] LAUNCH_MODE=foreground
[2026-04-18 15:55:15.895] RACE_CONFIG=C:\Users\szymo\source\repos\torcs\torcs\config\raceman\practice.xml
[2026-04-18 15:55:15.896] AUTOSTART_SCRIPT=C:\Users\szymo\source\repos\torcs\gym_torcs\autostart_windows.bat
[2026-04-18 15:55:16.414] launch command dispatched
[2026-04-18 15:55:16.415] race config specified: skipping autostart, focus, and waits
[2026-04-18 15:55:16.416] launcher completed
[2026-04-18 15:55:18.936] begin launcher
[2026-04-18 15:55:18.941] TORCS_EXE=C:\Users\szymo\source\repos\torcs\torcs\wtorcs.exe
[2026-04-18 15:55:18.942] VISION_FLAG=novision
[2026-04-18 15:55:18.942] LAUNCH_MODE=foreground
[2026-04-18 15:55:18.943] RACE_CONFIG=C:\Users\szymo\source\repos\torcs\torcs\config\raceman\practice.xml
[2026-04-18 15:55:18.943] AUTOSTART_SCRIPT=C:\Users\szymo\source\repos\torcs\gym_torcs\autostart_windows.bat
[2026-04-18 15:55:19.477] launch command dispatched
[2026-04-18 15:55:19.478] race config specified: skipping autostart, focus, and waits
[2026-04-18 15:55:19.479] launcher completed
[2026-04-18 15:55:21.471] begin launcher
[2026-04-18 15:55:21.476] TORCS_EXE=C:\Users\szymo\source\repos\torcs\torcs\wtorcs.exe
[2026-04-18 15:55:21.476] VISION_FLAG=novision
[2026-04-18 15:55:21.477] LAUNCH_MODE=foreground
[2026-04-18 15:55:21.477] RACE_CONFIG=C:\Users\szymo\source\repos\torcs\torcs\config\raceman\practice.xml
[2026-04-18 15:55:21.478] AUTOSTART_SCRIPT=C:\Users\szymo\source\repos\torcs\gym_torcs\autostart_windows.bat
[2026-04-18 15:55:21.988] launch command dispatched
[2026-04-18 15:55:21.989] race config specified: skipping autostart, focus, and waits
[2026-04-18 15:55:21.990] launcher completed
[2026-04-18 15:55:23.729] begin launcher
[2026-04-18 15:55:23.732] TORCS_EXE=C:\Users\szymo\source\repos\torcs\torcs\wtorcs.exe
[2026-04-18 15:55:23.733] VISION_FLAG=novision
[2026-04-18 15:55:23.733] LAUNCH_MODE=foreground
[2026-04-18 15:55:23.734] RACE_CONFIG=C:\Users\szymo\source\repos\torcs\torcs\config\raceman\practice.xml
[2026-04-18 15:55:23.734] AUTOSTART_SCRIPT=C:\Users\szymo\source\repos\torcs\gym_torcs\autostart_windows.bat
[2026-04-18 15:55:24.222] launch command dispatched
[2026-04-18 15:55:24.223] race config specified: skipping autostart, focus, and waits
[2026-04-18 15:55:24.224] launcher completed
[2026-04-18 15:55:26.334] begin launcher
[2026-04-18 15:55:26.338] TORCS_EXE=C:\Users\szymo\source\repos\torcs\torcs\wtorcs.exe
[2026-04-18 15:55:26.338] VISION_FLAG=novision
[2026-04-18 15:55:26.339] LAUNCH_MODE=foreground
[2026-04-18 15:55:26.339] RACE_CONFIG=C:\Users\szymo\source\repos\torcs\torcs\config\raceman\practice.xml
[2026-04-18 15:55:26.340] AUTOSTART_SCRIPT=C:\Users\szymo\source\repos\torcs\gym_torcs\autostart_windows.bat
[2026-04-18 15:55:26.838] launch command dispatched
[2026-04-18 15:55:26.839] race config specified: skipping autostart, focus, and waits
[2026-04-18 15:55:26.840] launcher completed
[2026-04-18 15:55:28.375] begin launcher
[2026-04-18 15:55:28.379] TORCS_EXE=C:\Users\szymo\source\repos\torcs\torcs\wtorcs.exe
[2026-04-18 15:55:28.380] VISION_FLAG=novision
[2026-04-18 15:55:28.380] LAUNCH_MODE=foreground
[2026-04-18 15:55:28.381] RACE_CONFIG=C:\Users\szymo\source\repos\torcs\torcs\config\raceman\practice.xml
[2026-04-18 15:55:28.381] AUTOSTART_SCRIPT=C:\Users\szymo\source\repos\torcs\gym_torcs\autostart_windows.bat
[2026-04-18 15:55:28.875] launch command dispatched
[2026-04-18 15:55:28.875] race config specified: skipping autostart, focus, and waits
[2026-04-18 15:55:28.877] launcher completed
[2026-04-18 15:55:31.068] begin launcher
[2026-04-18 15:55:31.072] TORCS_EXE=C:\Users\szymo\source\repos\torcs\torcs\wtorcs.exe
[2026-04-18 15:55:31.072] VISION_FLAG=novision
[2026-04-18 15:55:31.073] LAUNCH_MODE=foreground
[2026-04-18 15:55:31.073] RACE_CONFIG=C:\Users\szymo\source\repos\torcs\torcs\config\raceman\practice.xml
[2026-04-18 15:55:31.074] AUTOSTART_SCRIPT=C:\Users\szymo\source\repos\torcs\gym_torcs\autostart_windows.bat
[2026-04-18 15:55:31.572] launch command dispatched
[2026-04-18 15:55:31.573] race config specified: skipping autostart, focus, and waits
[2026-04-18 15:55:31.574] launcher completed
[2026-04-18 15:56:20.060] begin launcher
[2026-04-18 15:56:20.064] TORCS_EXE=C:\Users\szymo\source\repos\torcs\torcs\wtorcs.exe
[2026-04-18 15:56:20.065] VISION_FLAG=novision
[2026-04-18 15:56:20.065] LAUNCH_MODE=foreground
[2026-04-18 15:56:20.066] RACE_CONFIG=C:\Users\szymo\source\repos\torcs\torcs\config\raceman\practice.xml
[2026-04-18 15:56:20.066] AUTOSTART_SCRIPT=C:\Users\szymo\source\repos\torcs\gym_torcs\autostart_windows.bat
[2026-04-18 15:56:20.527] launch command dispatched
[2026-04-18 15:56:20.527] race config specified: skipping autostart, focus, and waits
[2026-04-18 15:56:20.528] launcher completed
[2026-04-18 15:56:22.076] begin launcher
[2026-04-18 15:56:22.079] TORCS_EXE=C:\Users\szymo\source\repos\torcs\torcs\wtorcs.exe
[2026-04-18 15:56:22.080] VISION_FLAG=novision
[2026-04-18 15:56:22.081] LAUNCH_MODE=foreground
[2026-04-18 15:56:22.081] RACE_CONFIG=C:\Users\szymo\source\repos\torcs\torcs\config\raceman\practice.xml
[2026-04-18 15:56:22.082] AUTOSTART_SCRIPT=C:\Users\szymo\source\repos\torcs\gym_torcs\autostart_windows.bat
[2026-04-18 15:56:22.611] launch command dispatched
[2026-04-18 15:56:22.611] race config specified: skipping autostart, focus, and waits
[2026-04-18 15:56:22.613] launcher completed
[2026-04-18 16:30:30.749] begin launcher
[2026-04-18 16:30:30.752] TORCS_EXE=C:\Users\szymo\source\repos\torcs\torcs\wtorcs.exe
[2026-04-18 16:30:30.753] VISION_FLAG=novision
[2026-04-18 16:30:30.753] RACE_CONFIG=C:\Users\szymo\source\repos\torcs\torcs\config\raceman\practice.xml
[2026-04-18 16:30:30.754] AUTOSTART_SCRIPT=C:\Users\szymo\source\repos\torcs\gym_torcs\autostart_windows.ps1
[2026-04-18 16:30:31.161] launch command dispatched
[2026-04-18 16:30:31.161] race config specified: skipping autostart, focus, and waits
[2026-04-18 16:30:31.162] launcher completed
[2026-04-18 16:30:33.309] begin launcher
[2026-04-18 16:30:33.313] TORCS_EXE=C:\Users\szymo\source\repos\torcs\torcs\wtorcs.exe
[2026-04-18 16:30:33.313] VISION_FLAG=novision
[2026-04-18 16:30:33.314] RACE_CONFIG=C:\Users\szymo\source\repos\torcs\torcs\config\raceman\practice.xml
[2026-04-18 16:30:33.314] AUTOSTART_SCRIPT=C:\Users\szymo\source\repos\torcs\gym_torcs\autostart_windows.ps1
[2026-04-18 16:30:33.737] launch command dispatched
[2026-04-18 16:30:33.738] race config specified: skipping autostart, focus, and waits
[2026-04-18 16:30:33.738] launcher completed
[2026-04-18 16:30:35.925] begin launcher
[2026-04-18 16:30:35.929] TORCS_EXE=C:\Users\szymo\source\repos\torcs\torcs\wtorcs.exe
[2026-04-18 16:30:35.929] VISION_FLAG=novision
[2026-04-18 16:30:35.930] RACE_CONFIG=C:\Users\szymo\source\repos\torcs\torcs\config\raceman\practice.xml
[2026-04-18 16:30:35.931] AUTOSTART_SCRIPT=C:\Users\szymo\source\repos\torcs\gym_torcs\autostart_windows.ps1
[2026-04-18 16:30:36.429] launch command dispatched
[2026-04-18 16:30:36.429] race config specified: skipping autostart, focus, and waits
[2026-04-18 16:30:36.430] launcher completed
[2026-04-18 16:30:38.830] begin launcher
[2026-04-18 16:30:38.834] TORCS_EXE=C:\Users\szymo\source\repos\torcs\torcs\wtorcs.exe
[2026-04-18 16:30:38.834] VISION_FLAG=novision
[2026-04-18 16:30:38.835] RACE_CONFIG=C:\Users\szymo\source\repos\torcs\torcs\config\raceman\practice.xml
[2026-04-18 16:30:38.835] AUTOSTART_SCRIPT=C:\Users\szymo\source\repos\torcs\gym_torcs\autostart_windows.ps1
[2026-04-18 16:30:39.323] launch command dispatched
[2026-04-18 16:30:39.324] race config specified: skipping autostart, focus, and waits
[2026-04-18 16:30:39.324] launcher completed
[2026-04-18 16:30:40.763] begin launcher
[2026-04-18 16:30:40.767] TORCS_EXE=C:\Users\szymo\source\repos\torcs\torcs\wtorcs.exe
[2026-04-18 16:30:40.768] VISION_FLAG=novision
[2026-04-18 16:30:40.768] RACE_CONFIG=C:\Users\szymo\source\repos\torcs\torcs\config\raceman\practice.xml
[2026-04-18 16:30:40.769] AUTOSTART_SCRIPT=C:\Users\szymo\source\repos\torcs\gym_torcs\autostart_windows.ps1
[2026-04-18 16:30:41.275] launch command dispatched
[2026-04-18 16:30:41.276] race config specified: skipping autostart, focus, and waits
[2026-04-18 16:30:41.276] launcher completed
[2026-04-18 16:30:42.929] begin launcher
[2026-04-18 16:30:42.933] TORCS_EXE=C:\Users\szymo\source\repos\torcs\torcs\wtorcs.exe
[2026-04-18 16:30:42.933] VISION_FLAG=novision
[2026-04-18 16:30:42.934] RACE_CONFIG=C:\Users\szymo\source\repos\torcs\torcs\config\raceman\practice.xml
[2026-04-18 16:30:42.934] AUTOSTART_SCRIPT=C:\Users\szymo\source\repos\torcs\gym_torcs\autostart_windows.ps1
[2026-04-18 16:30:43.429] launch command dispatched
[2026-04-18 16:30:43.430] race config specified: skipping autostart, focus, and waits
[2026-04-18 16:30:43.430] launcher completed
[2026-04-18 16:30:44.913] begin launcher
[2026-04-18 16:30:44.917] TORCS_EXE=C:\Users\szymo\source\repos\torcs\torcs\wtorcs.exe
[2026-04-18 16:30:44.918] VISION_FLAG=novision
[2026-04-18 16:30:44.918] RACE_CONFIG=C:\Users\szymo\source\repos\torcs\torcs\config\raceman\practice.xml
[2026-04-18 16:30:44.919] AUTOSTART_SCRIPT=C:\Users\szymo\source\repos\torcs\gym_torcs\autostart_windows.ps1
[2026-04-18 16:30:45.431] launch command dispatched
[2026-04-18 16:30:45.431] race config specified: skipping autostart, focus, and waits
[2026-04-18 16:30:45.432] launcher completed
[2026-04-18 16:30:47.527] begin launcher
[2026-04-18 16:30:47.531] TORCS_EXE=C:\Users\szymo\source\repos\torcs\torcs\wtorcs.exe
[2026-04-18 16:30:47.531] VISION_FLAG=novision
[2026-04-18 16:30:47.532] RACE_CONFIG=C:\Users\szymo\source\repos\torcs\torcs\config\raceman\practice.xml
[2026-04-18 16:30:47.533] AUTOSTART_SCRIPT=C:\Users\szymo\source\repos\torcs\gym_torcs\autostart_windows.ps1
[2026-04-18 16:30:48.066] launch command dispatched
[2026-04-18 16:30:48.066] race config specified: skipping autostart, focus, and waits
[2026-04-18 16:30:48.067] launcher completed
[2026-04-18 16:30:50.162] begin launcher
[2026-04-18 16:30:50.166] TORCS_EXE=C:\Users\szymo\source\repos\torcs\torcs\wtorcs.exe
[2026-04-18 16:30:50.166] VISION_FLAG=novision
[2026-04-18 16:30:50.167] RACE_CONFIG=C:\Users\szymo\source\repos\torcs\torcs\config\raceman\practice.xml
[2026-04-18 16:30:50.167] AUTOSTART_SCRIPT=C:\Users\szymo\source\repos\torcs\gym_torcs\autostart_windows.ps1
[2026-04-18 16:30:50.632] launch command dispatched
[2026-04-18 16:30:50.633] race config specified: skipping autostart, focus, and waits
[2026-04-18 16:30:50.633] launcher completed
[2026-04-18 16:30:52.158] begin launcher
[2026-04-18 16:30:52.161] TORCS_EXE=C:\Users\szymo\source\repos\torcs\torcs\wtorcs.exe
[2026-04-18 16:30:52.162] VISION_FLAG=novision
[2026-04-18 16:30:52.163] RACE_CONFIG=C:\Users\szymo\source\repos\torcs\torcs\config\raceman\practice.xml
[2026-04-18 16:30:52.163] AUTOSTART_SCRIPT=C:\Users\szymo\source\repos\torcs\gym_torcs\autostart_windows.ps1
[2026-04-18 16:30:52.630] launch command dispatched
[2026-04-18 16:30:52.631] race config specified: skipping autostart, focus, and waits
[2026-04-18 16:30:52.632] launcher completed
[2026-04-18 16:30:54.730] begin launcher
[2026-04-18 16:30:54.733] TORCS_EXE=C:\Users\szymo\source\repos\torcs\torcs\wtorcs.exe
[2026-04-18 16:30:54.734] VISION_FLAG=novision
[2026-04-18 16:30:54.734] RACE_CONFIG=C:\Users\szymo\source\repos\torcs\torcs\config\raceman\practice.xml
[2026-04-18 16:30:54.735] AUTOSTART_SCRIPT=C:\Users\szymo\source\repos\torcs\gym_torcs\autostart_windows.ps1
[2026-04-18 16:30:55.254] launch command dispatched
[2026-04-18 16:30:55.255] race config specified: skipping autostart, focus, and waits
[2026-04-18 16:30:55.256] launcher completed
[2026-04-18 16:32:52.844] begin launcher
[2026-04-18 16:32:52.848] TORCS_EXE=C:\Users\szymo\source\repos\torcs\torcs\wtorcs.exe
[2026-04-18 16:32:52.848] VISION_FLAG=novision
[2026-04-18 16:32:52.849] RACE_CONFIG=C:\Users\szymo\source\repos\torcs\torcs\config\raceman\practice.xml
[2026-04-18 16:32:52.849] AUTOSTART_SCRIPT=C:\Users\szymo\source\repos\torcs\gym_torcs\autostart_windows.ps1
[2026-04-18 16:32:53.255] launch command dispatched
[2026-04-18 16:32:53.256] race config specified: skipping autostart, focus, and waits
[2026-04-18 16:32:53.256] launcher completed
[2026-04-18 16:33:45.479] begin launcher
[2026-04-18 16:33:45.483] TORCS_EXE=C:\Users\szymo\source\repos\torcs\torcs\wtorcs.exe
[2026-04-18 16:33:45.483] VISION_FLAG=novision
[2026-04-18 16:33:45.484] RACE_CONFIG=C:\Users\szymo\source\repos\torcs\torcs\config\raceman\practice.xml
[2026-04-18 16:33:45.484] AUTOSTART_SCRIPT=C:\Users\szymo\source\repos\torcs\gym_torcs\autostart_windows.ps1
[2026-04-18 16:33:45.872] launch command dispatched
[2026-04-18 16:33:45.873] race config specified: skipping autostart, focus, and waits
[2026-04-18 16:33:45.873] launcher completed
[2026-04-18 16:34:07.749] begin launcher
[2026-04-18 16:34:07.753] TORCS_EXE=C:\Users\szymo\source\repos\torcs\torcs\wtorcs.exe
[2026-04-18 16:34:07.754] VISION_FLAG=novision
[2026-04-18 16:34:07.754] RACE_CONFIG=C:\Users\szymo\source\repos\torcs\torcs\config\raceman\practice.xml
[2026-04-18 16:34:07.754] AUTOSTART_SCRIPT=C:\Users\szymo\source\repos\torcs\gym_torcs\autostart_windows.ps1
[2026-04-18 16:34:08.146] launch command dispatched
[2026-04-18 16:34:08.146] race config specified: skipping autostart, focus, and waits
[2026-04-18 16:34:08.147] launcher completed
[2026-04-18 16:34:09.343] begin launcher
[2026-04-18 16:34:09.347] TORCS_EXE=C:\Users\szymo\source\repos\torcs\torcs\wtorcs.exe
[2026-04-18 16:34:09.347] VISION_FLAG=novision
[2026-04-18 16:34:09.348] RACE_CONFIG=C:\Users\szymo\source\repos\torcs\torcs\config\raceman\practice_2.xml
[2026-04-18 16:34:09.349] AUTOSTART_SCRIPT=C:\Users\szymo\source\repos\torcs\gym_torcs\autostart_windows.ps1
[2026-04-18 16:34:09.805] launch command dispatched
[2026-04-18 16:34:09.806] race config specified: skipping autostart, focus, and waits
[2026-04-18 16:34:09.807] launcher completed
[2026-04-18 16:36:40.105] begin launcher
[2026-04-18 16:36:40.108] TORCS_EXE=C:\Users\szymo\source\repos\torcs\torcs\wtorcs.exe
[2026-04-18 16:36:40.109] VISION_FLAG=novision
[2026-04-18 16:36:40.109] RACE_CONFIG=C:\Users\szymo\source\repos\torcs\torcs\config\raceman\practice.xml
[2026-04-18 16:36:40.110] AUTOSTART_SCRIPT=C:\Users\szymo\source\repos\torcs\gym_torcs\autostart_windows.ps1
[2026-04-18 16:36:40.507] launch command dispatched
[2026-04-18 16:36:40.508] race config specified: skipping autostart, focus, and waits
[2026-04-18 16:36:40.508] launcher completed
[2026-04-18 16:36:41.696] begin launcher
[2026-04-18 16:36:41.700] TORCS_EXE=C:\Users\szymo\source\repos\torcs\torcs\wtorcs.exe
[2026-04-18 16:36:41.701] VISION_FLAG=novision
[2026-04-18 16:36:41.701] RACE_CONFIG=C:\Users\szymo\source\repos\torcs\torcs\config\raceman\practice_2.xml
[2026-04-18 16:36:41.702] AUTOSTART_SCRIPT=C:\Users\szymo\source\repos\torcs\gym_torcs\autostart_windows.ps1
[2026-04-18 16:36:42.187] launch command dispatched
[2026-04-18 16:36:42.188] race config specified: skipping autostart, focus, and waits
[2026-04-18 16:36:42.188] launcher completed
[2026-04-18 16:39:54.148] begin launcher
[2026-04-18 16:39:54.152] TORCS_EXE=C:\Users\szymo\source\repos\torcs\torcs\wtorcs.exe
[2026-04-18 16:39:54.153] VISION_FLAG=novision
[2026-04-18 16:39:54.153] RACE_CONFIG=C:\Users\szymo\source\repos\torcs\torcs\config\raceman\practice.xml
[2026-04-18 16:39:54.154] AUTOSTART_SCRIPT=C:\Users\szymo\source\repos\torcs\gym_torcs\autostart_windows.ps1
[2026-04-18 16:39:54.571] launch command dispatched
[2026-04-18 16:39:54.572] race config specified: skipping autostart, focus, and waits
[2026-04-18 16:39:54.572] launcher completed
[2026-04-18 16:39:55.764] begin launcher
[2026-04-18 16:39:55.767] TORCS_EXE=C:\Users\szymo\source\repos\torcs\torcs\wtorcs.exe
[2026-04-18 16:39:55.768] VISION_FLAG=novision
[2026-04-18 16:39:55.768] RACE_CONFIG=C:\Users\szymo\source\repos\torcs\torcs\config\raceman\practice_2.xml
[2026-04-18 16:39:55.769] AUTOSTART_SCRIPT=C:\Users\szymo\source\repos\torcs\gym_torcs\autostart_windows.ps1
[2026-04-18 16:39:56.200] launch command dispatched
[2026-04-18 16:39:56.201] race config specified: skipping autostart, focus, and waits
[2026-04-18 16:39:56.201] launcher completed
[2026-04-18 16:39:58.288] begin launcher
[2026-04-18 16:39:58.292] TORCS_EXE=C:\Users\szymo\source\repos\torcs\torcs\wtorcs.exe
[2026-04-18 16:39:58.293] VISION_FLAG=novision
[2026-04-18 16:39:58.293] RACE_CONFIG=C:\Users\szymo\source\repos\torcs\torcs\config\raceman\practice.xml
[2026-04-18 16:39:58.294] AUTOSTART_SCRIPT=C:\Users\szymo\source\repos\torcs\gym_torcs\autostart_windows.ps1
[2026-04-18 16:39:58.744] launch command dispatched
[2026-04-18 16:39:58.745] race config specified: skipping autostart, focus, and waits
[2026-04-18 16:39:58.746] launcher completed
[2026-04-18 16:40:00.774] begin launcher
[2026-04-18 16:40:00.777] TORCS_EXE=C:\Users\szymo\source\repos\torcs\torcs\wtorcs.exe
[2026-04-18 16:40:00.778] VISION_FLAG=novision
[2026-04-18 16:40:00.778] RACE_CONFIG=C:\Users\szymo\source\repos\torcs\torcs\config\raceman\practice_2.xml
[2026-04-18 16:40:00.779] AUTOSTART_SCRIPT=C:\Users\szymo\source\repos\torcs\gym_torcs\autostart_windows.ps1
[2026-04-18 16:40:01.206] launch command dispatched
[2026-04-18 16:40:01.207] race config specified: skipping autostart, focus, and waits
[2026-04-18 16:40:01.208] launcher completed
[2026-04-18 16:40:06.576] begin launcher
[2026-04-18 16:40:06.580] TORCS_EXE=C:\Users\szymo\source\repos\torcs\torcs\wtorcs.exe
[2026-04-18 16:40:06.580] VISION_FLAG=novision
[2026-04-18 16:40:06.581] RACE_CONFIG=C:\Users\szymo\source\repos\torcs\torcs\config\raceman\practice_2.xml
[2026-04-18 16:40:06.581] AUTOSTART_SCRIPT=C:\Users\szymo\source\repos\torcs\gym_torcs\autostart_windows.ps1
[2026-04-18 16:40:07.051] launch command dispatched
[2026-04-18 16:40:07.051] race config specified: skipping autostart, focus, and waits
[2026-04-18 16:40:07.052] launcher completed
[2026-04-18 16:40:12.507] begin launcher
[2026-04-18 16:40:12.511] TORCS_EXE=C:\Users\szymo\source\repos\torcs\torcs\wtorcs.exe
[2026-04-18 16:40:12.511] VISION_FLAG=novision
[2026-04-18 16:40:12.512] RACE_CONFIG=C:\Users\szymo\source\repos\torcs\torcs\config\raceman\practice_2.xml
[2026-04-18 16:40:12.512] AUTOSTART_SCRIPT=C:\Users\szymo\source\repos\torcs\gym_torcs\autostart_windows.ps1
[2026-04-18 16:40:12.997] launch command dispatched
[2026-04-18 16:40:12.997] race config specified: skipping autostart, focus, and waits
[2026-04-18 16:40:12.998] launcher completed
[2026-04-18 16:40:18.344] begin launcher
[2026-04-18 16:40:18.348] TORCS_EXE=C:\Users\szymo\source\repos\torcs\torcs\wtorcs.exe
[2026-04-18 16:40:18.349] VISION_FLAG=novision
[2026-04-18 16:40:18.349] RACE_CONFIG=C:\Users\szymo\source\repos\torcs\torcs\config\raceman\practice_2.xml
[2026-04-18 16:40:18.350] AUTOSTART_SCRIPT=C:\Users\szymo\source\repos\torcs\gym_torcs\autostart_windows.ps1
[2026-04-18 16:40:18.908] launch command dispatched
[2026-04-18 16:40:18.908] race config specified: skipping autostart, focus, and waits
[2026-04-18 16:40:18.909] launcher completed
[2026-04-18 16:40:24.490] begin launcher
[2026-04-18 16:40:24.494] TORCS_EXE=C:\Users\szymo\source\repos\torcs\torcs\wtorcs.exe
[2026-04-18 16:40:24.495] VISION_FLAG=novision
[2026-04-18 16:40:24.495] RACE_CONFIG=C:\Users\szymo\source\repos\torcs\torcs\config\raceman\practice_2.xml
[2026-04-18 16:40:24.496] AUTOSTART_SCRIPT=C:\Users\szymo\source\repos\torcs\gym_torcs\autostart_windows.ps1
[2026-04-18 16:40:24.968] launch command dispatched
[2026-04-18 16:40:24.969] race config specified: skipping autostart, focus, and waits
[2026-04-18 16:40:24.969] launcher completed
[2026-04-18 16:40:30.774] begin launcher
[2026-04-18 16:40:30.777] TORCS_EXE=C:\Users\szymo\source\repos\torcs\torcs\wtorcs.exe
[2026-04-18 16:40:30.778] VISION_FLAG=novision
[2026-04-18 16:40:30.779] RACE_CONFIG=C:\Users\szymo\source\repos\torcs\torcs\config\raceman\practice_2.xml
[2026-04-18 16:40:30.779] AUTOSTART_SCRIPT=C:\Users\szymo\source\repos\torcs\gym_torcs\autostart_windows.ps1
[2026-04-18 16:40:31.389] launch command dispatched
[2026-04-18 16:40:31.390] race config specified: skipping autostart, focus, and waits
[2026-04-18 16:40:31.390] launcher completed
[2026-04-18 16:42:40.336] begin launcher
[2026-04-18 16:42:40.339] TORCS_EXE=C:\Users\szymo\source\repos\torcs\torcs\wtorcs.exe
[2026-04-18 16:42:40.340] VISION_FLAG=novision
[2026-04-18 16:42:40.341] RACE_CONFIG=C:\Users\szymo\source\repos\torcs\torcs\config\raceman\practice.xml
[2026-04-18 16:42:40.341] AUTOSTART_SCRIPT=C:\Users\szymo\source\repos\torcs\gym_torcs\autostart_windows.ps1
[2026-04-18 16:42:40.764] launch command dispatched
[2026-04-18 16:42:40.765] race config specified: skipping autostart, focus, and waits
[2026-04-18 16:42:40.766] launcher completed
[2026-04-18 16:42:42.943] begin launcher
[2026-04-18 16:42:42.948] TORCS_EXE=C:\Users\szymo\source\repos\torcs\torcs\wtorcs.exe
[2026-04-18 16:42:42.948] VISION_FLAG=novision
[2026-04-18 16:42:42.948] RACE_CONFIG=C:\Users\szymo\source\repos\torcs\torcs\config\raceman\practice.xml
[2026-04-18 16:42:42.950] AUTOSTART_SCRIPT=C:\Users\szymo\source\repos\torcs\gym_torcs\autostart_windows.ps1
[2026-04-18 16:42:43.429] launch command dispatched
[2026-04-18 16:42:43.430] race config specified: skipping autostart, focus, and waits
[2026-04-18 16:42:43.430] launcher completed
[2026-04-18 16:42:45.468] begin launcher
[2026-04-18 16:42:45.471] TORCS_EXE=C:\Users\szymo\source\repos\torcs\torcs\wtorcs.exe
[2026-04-18 16:42:45.472] VISION_FLAG=novision
[2026-04-18 16:42:45.473] RACE_CONFIG=C:\Users\szymo\source\repos\torcs\torcs\config\raceman\practice.xml
[2026-04-18 16:42:45.473] AUTOSTART_SCRIPT=C:\Users\szymo\source\repos\torcs\gym_torcs\autostart_windows.ps1
[2026-04-18 16:42:45.936] launch command dispatched
[2026-04-18 16:42:45.937] race config specified: skipping autostart, focus, and waits
[2026-04-18 16:42:45.937] launcher completed
[2026-04-18 16:42:50.428] begin launcher
[2026-04-18 16:42:50.432] TORCS_EXE=C:\Users\szymo\source\repos\torcs\torcs\wtorcs.exe
[2026-04-18 16:42:50.433] VISION_FLAG=novision
[2026-04-18 16:42:50.433] RACE_CONFIG=C:\Users\szymo\source\repos\torcs\torcs\config\raceman\practice.xml
[2026-04-18 16:42:50.434] AUTOSTART_SCRIPT=C:\Users\szymo\source\repos\torcs\gym_torcs\autostart_windows.ps1
[2026-04-18 16:42:50.963] launch command dispatched
[2026-04-18 16:42:50.964] race config specified: skipping autostart, focus, and waits
[2026-04-18 16:42:50.964] launcher completed
[2026-04-18 16:42:55.475] begin launcher
[2026-04-18 16:42:55.479] TORCS_EXE=C:\Users\szymo\source\repos\torcs\torcs\wtorcs.exe
[2026-04-18 16:42:55.480] VISION_FLAG=novision
[2026-04-18 16:42:55.480] RACE_CONFIG=C:\Users\szymo\source\repos\torcs\torcs\config\raceman\practice.xml
[2026-04-18 16:42:55.481] AUTOSTART_SCRIPT=C:\Users\szymo\source\repos\torcs\gym_torcs\autostart_windows.ps1
[2026-04-18 16:42:55.931] launch command dispatched
[2026-04-18 16:42:55.931] race config specified: skipping autostart, focus, and waits
[2026-04-18 16:42:55.932] launcher completed
[2026-04-18 16:43:00.451] begin launcher
[2026-04-18 16:43:00.455] TORCS_EXE=C:\Users\szymo\source\repos\torcs\torcs\wtorcs.exe
[2026-04-18 16:43:00.455] VISION_FLAG=novision
[2026-04-18 16:43:00.456] RACE_CONFIG=C:\Users\szymo\source\repos\torcs\torcs\config\raceman\practice.xml
[2026-04-18 16:43:00.457] AUTOSTART_SCRIPT=C:\Users\szymo\source\repos\torcs\gym_torcs\autostart_windows.ps1
[2026-04-18 16:43:00.906] launch command dispatched
[2026-04-18 16:43:00.907] race config specified: skipping autostart, focus, and waits
[2026-04-18 16:43:00.908] launcher completed
[2026-04-18 16:43:05.441] begin launcher
[2026-04-18 16:43:05.445] TORCS_EXE=C:\Users\szymo\source\repos\torcs\torcs\wtorcs.exe
[2026-04-18 16:43:05.446] VISION_FLAG=novision
[2026-04-18 16:43:05.446] RACE_CONFIG=C:\Users\szymo\source\repos\torcs\torcs\config\raceman\practice.xml
[2026-04-18 16:43:05.447] AUTOSTART_SCRIPT=C:\Users\szymo\source\repos\torcs\gym_torcs\autostart_windows.ps1
[2026-04-18 16:43:05.915] launch command dispatched
[2026-04-18 16:43:05.916] race config specified: skipping autostart, focus, and waits
[2026-04-18 16:43:05.917] launcher completed
[2026-04-18 16:43:10.486] begin launcher
[2026-04-18 16:43:10.490] TORCS_EXE=C:\Users\szymo\source\repos\torcs\torcs\wtorcs.exe
[2026-04-18 16:43:10.490] VISION_FLAG=novision
[2026-04-18 16:43:10.491] RACE_CONFIG=C:\Users\szymo\source\repos\torcs\torcs\config\raceman\practice.xml
[2026-04-18 16:43:10.492] AUTOSTART_SCRIPT=C:\Users\szymo\source\repos\torcs\gym_torcs\autostart_windows.ps1
[2026-04-18 16:43:10.967] launch command dispatched
[2026-04-18 16:43:10.967] race config specified: skipping autostart, focus, and waits
[2026-04-18 16:43:10.969] launcher completed
[2026-04-18 16:43:13.011] begin launcher
[2026-04-18 16:43:13.016] TORCS_EXE=C:\Users\szymo\source\repos\torcs\torcs\wtorcs.exe
[2026-04-18 16:43:13.016] VISION_FLAG=novision
[2026-04-18 16:43:13.017] RACE_CONFIG=C:\Users\szymo\source\repos\torcs\torcs\config\raceman\practice.xml
[2026-04-18 16:43:13.018] AUTOSTART_SCRIPT=C:\Users\szymo\source\repos\torcs\gym_torcs\autostart_windows.ps1
[2026-04-18 16:43:13.704] launch command dispatched
[2026-04-18 16:43:13.705] race config specified: skipping autostart, focus, and waits
[2026-04-18 16:43:13.705] launcher completed
[2026-04-18 16:43:18.276] begin launcher
[2026-04-18 16:43:18.279] TORCS_EXE=C:\Users\szymo\source\repos\torcs\torcs\wtorcs.exe
[2026-04-18 16:43:18.280] VISION_FLAG=novision
[2026-04-18 16:43:18.280] RACE_CONFIG=C:\Users\szymo\source\repos\torcs\torcs\config\raceman\practice.xml
[2026-04-18 16:43:18.281] AUTOSTART_SCRIPT=C:\Users\szymo\source\repos\torcs\gym_torcs\autostart_windows.ps1
[2026-04-18 16:43:18.779] launch command dispatched
[2026-04-18 16:43:18.780] race config specified: skipping autostart, focus, and waits
[2026-04-18 16:43:18.781] launcher completed
[2026-04-18 16:43:22.657] begin launcher
[2026-04-18 16:43:22.660] TORCS_EXE=C:\Users\szymo\source\repos\torcs\torcs\wtorcs.exe
[2026-04-18 16:43:22.661] VISION_FLAG=novision
[2026-04-18 16:43:22.662] RACE_CONFIG=C:\Users\szymo\source\repos\torcs\torcs\config\raceman\practice.xml
[2026-04-18 16:43:22.662] AUTOSTART_SCRIPT=C:\Users\szymo\source\repos\torcs\gym_torcs\autostart_windows.ps1
[2026-04-18 16:43:23.138] launch command dispatched
[2026-04-18 16:43:23.139] race config specified: skipping autostart, focus, and waits
[2026-04-18 16:43:23.139] launcher completed
[2026-04-18 16:43:26.831] begin launcher
[2026-04-18 16:43:26.835] TORCS_EXE=C:\Users\szymo\source\repos\torcs\torcs\wtorcs.exe
[2026-04-18 16:43:26.835] VISION_FLAG=novision
[2026-04-18 16:43:26.836] RACE_CONFIG=C:\Users\szymo\source\repos\torcs\torcs\config\raceman\practice.xml
[2026-04-18 16:43:26.836] AUTOSTART_SCRIPT=C:\Users\szymo\source\repos\torcs\gym_torcs\autostart_windows.ps1
[2026-04-18 16:43:27.329] launch command dispatched
[2026-04-18 16:43:27.330] race config specified: skipping autostart, focus, and waits
[2026-04-18 16:43:27.330] launcher completed
[2026-04-18 16:43:32.014] begin launcher
[2026-04-18 16:43:32.018] TORCS_EXE=C:\Users\szymo\source\repos\torcs\torcs\wtorcs.exe
[2026-04-18 16:43:32.019] VISION_FLAG=novision
[2026-04-18 16:43:32.019] RACE_CONFIG=C:\Users\szymo\source\repos\torcs\torcs\config\raceman\practice.xml
[2026-04-18 16:43:32.019] AUTOSTART_SCRIPT=C:\Users\szymo\source\repos\torcs\gym_torcs\autostart_windows.ps1
[2026-04-18 16:43:32.489] launch command dispatched
[2026-04-18 16:43:32.489] race config specified: skipping autostart, focus, and waits
[2026-04-18 16:43:32.490] launcher completed
[2026-04-18 16:43:36.109] begin launcher
[2026-04-18 16:43:36.113] TORCS_EXE=C:\Users\szymo\source\repos\torcs\torcs\wtorcs.exe
[2026-04-18 16:43:36.114] VISION_FLAG=novision
[2026-04-18 16:43:36.114] RACE_CONFIG=C:\Users\szymo\source\repos\torcs\torcs\config\raceman\practice.xml
[2026-04-18 16:43:36.115] AUTOSTART_SCRIPT=C:\Users\szymo\source\repos\torcs\gym_torcs\autostart_windows.ps1
[2026-04-18 16:43:36.589] launch command dispatched
[2026-04-18 16:43:36.590] race config specified: skipping autostart, focus, and waits
[2026-04-18 16:43:36.591] launcher completed
[2026-04-18 16:43:38.530] begin launcher
[2026-04-18 16:43:38.533] TORCS_EXE=C:\Users\szymo\source\repos\torcs\torcs\wtorcs.exe
[2026-04-18 16:43:38.534] VISION_FLAG=novision
[2026-04-18 16:43:38.534] RACE_CONFIG=C:\Users\szymo\source\repos\torcs\torcs\config\raceman\practice.xml
[2026-04-18 16:43:38.535] AUTOSTART_SCRIPT=C:\Users\szymo\source\repos\torcs\gym_torcs\autostart_windows.ps1
[2026-04-18 16:43:39.005] launch command dispatched
[2026-04-18 16:43:39.006] race config specified: skipping autostart, focus, and waits
[2026-04-18 16:43:39.006] launcher completed
[2026-04-18 16:43:40.721] begin launcher
[2026-04-18 16:43:40.725] TORCS_EXE=C:\Users\szymo\source\repos\torcs\torcs\wtorcs.exe
[2026-04-18 16:43:40.725] VISION_FLAG=novision
[2026-04-18 16:43:40.726] RACE_CONFIG=C:\Users\szymo\source\repos\torcs\torcs\config\raceman\practice.xml
[2026-04-18 16:43:40.726] AUTOSTART_SCRIPT=C:\Users\szymo\source\repos\torcs\gym_torcs\autostart_windows.ps1
[2026-04-18 16:43:41.227] launch command dispatched
[2026-04-18 16:43:41.228] race config specified: skipping autostart, focus, and waits
[2026-04-18 16:43:41.229] launcher completed
[2026-04-18 16:43:45.194] begin launcher
[2026-04-18 16:43:45.197] TORCS_EXE=C:\Users\szymo\source\repos\torcs\torcs\wtorcs.exe
[2026-04-18 16:43:45.198] VISION_FLAG=novision
[2026-04-18 16:43:45.198] RACE_CONFIG=C:\Users\szymo\source\repos\torcs\torcs\config\raceman\practice.xml
[2026-04-18 16:43:45.199] AUTOSTART_SCRIPT=C:\Users\szymo\source\repos\torcs\gym_torcs\autostart_windows.ps1
[2026-04-18 16:43:45.682] launch command dispatched
[2026-04-18 16:43:45.682] race config specified: skipping autostart, focus, and waits
[2026-04-18 16:43:45.683] launcher completed
[2026-04-18 16:43:49.413] begin launcher
[2026-04-18 16:43:49.417] TORCS_EXE=C:\Users\szymo\source\repos\torcs\torcs\wtorcs.exe
[2026-04-18 16:43:49.417] VISION_FLAG=novision
[2026-04-18 16:43:49.418] RACE_CONFIG=C:\Users\szymo\source\repos\torcs\torcs\config\raceman\practice.xml
[2026-04-18 16:43:49.418] AUTOSTART_SCRIPT=C:\Users\szymo\source\repos\torcs\gym_torcs\autostart_windows.ps1
[2026-04-18 16:43:49.891] launch command dispatched
[2026-04-18 16:43:49.891] race config specified: skipping autostart, focus, and waits
[2026-04-18 16:43:49.892] launcher completed
[2026-04-18 16:43:53.655] begin launcher
[2026-04-18 16:43:53.659] TORCS_EXE=C:\Users\szymo\source\repos\torcs\torcs\wtorcs.exe
[2026-04-18 16:43:53.659] VISION_FLAG=novision
[2026-04-18 16:43:53.660] RACE_CONFIG=C:\Users\szymo\source\repos\torcs\torcs\config\raceman\practice.xml
[2026-04-18 16:43:53.660] AUTOSTART_SCRIPT=C:\Users\szymo\source\repos\torcs\gym_torcs\autostart_windows.ps1
[2026-04-18 16:43:54.121] launch command dispatched
[2026-04-18 16:43:54.121] race config specified: skipping autostart, focus, and waits
[2026-04-18 16:43:54.123] launcher completed
[2026-04-18 17:08:22] begin launcher
[2026-04-18 17:08:22] TORCS_EXE=C:\Users\szymo\source\repos\torcs\torcs\wtorcs.exe
[2026-04-18 17:08:22] PORT=3001
[2026-04-18 17:08:22] VISION_FLAG=novision
[2026-04-18 17:08:22] RACE_CONFIG=C:\Users\szymo\source\repos\torcs\torcs\config\raceman\practice.xml
[2026-04-18 17:08:22] launch command dispatched pid=156408
[2026-04-18 17:08:22] race config specified: skipping autostart, focus, and waits
[2026-04-18 17:08:22] launcher completed
[2026-04-18 17:08:24] begin launcher
[2026-04-18 17:08:24] TORCS_EXE=C:\Users\szymo\source\repos\torcs\torcs\wtorcs.exe
[2026-04-18 17:08:24] PORT=3001
[2026-04-18 17:08:24] VISION_FLAG=novision
[2026-04-18 17:08:24] RACE_CONFIG=C:\Users\szymo\source\repos\torcs\torcs\config\raceman\practice.xml
[2026-04-18 17:08:24] launch command dispatched pid=170516
[2026-04-18 17:08:24] race config specified: skipping autostart, focus, and waits
[2026-04-18 17:08:24] launcher completed
[2026-04-18 17:08:52] killed TORCS pid=156408 port=3001
[2026-04-18 17:11:10] begin launcher
[2026-04-18 17:11:10] TORCS_EXE=C:\Users\szymo\source\repos\torcs\torcs\wtorcs.exe
[2026-04-18 17:11:10] PORT=3001
[2026-04-18 17:11:10] VISION_FLAG=novision
[2026-04-18 17:11:10] RACE_CONFIG=C:\Users\szymo\source\repos\torcs\torcs\config\raceman\practice.xml
[2026-04-18 17:11:10] launch command dispatched pid=88152
[2026-04-18 17:11:10] race config specified: skipping autostart, focus, and waits
[2026-04-18 17:11:10] launcher completed
[2026-04-18 17:11:11] begin launcher
[2026-04-18 17:11:11] TORCS_EXE=C:\Users\szymo\source\repos\torcs\torcs\wtorcs.exe
[2026-04-18 17:11:11] PORT=3002
[2026-04-18 17:11:11] VISION_FLAG=novision
[2026-04-18 17:11:11] RACE_CONFIG=C:\Users\szymo\source\repos\torcs\torcs\config\raceman\practice_2.xml
[2026-04-18 17:11:11] launch command dispatched pid=164468
[2026-04-18 17:11:11] race config specified: skipping autostart, focus, and waits
[2026-04-18 17:11:11] launcher completed
[2026-04-18 17:11:13] begin launcher
[2026-04-18 17:11:13] TORCS_EXE=C:\Users\szymo\source\repos\torcs\torcs\wtorcs.exe
[2026-04-18 17:11:13] PORT=3001
[2026-04-18 17:11:13] VISION_FLAG=novision
[2026-04-18 17:11:13] RACE_CONFIG=C:\Users\szymo\source\repos\torcs\torcs\config\raceman\practice.xml
[2026-04-18 17:11:13] launch command dispatched pid=135572
[2026-04-18 17:11:13] race config specified: skipping autostart, focus, and waits
[2026-04-18 17:11:13] launcher completed
[2026-04-18 17:11:23] killed TORCS pid=88152 port=3001
[2026-04-18 17:13:17] begin launcher
[2026-04-18 17:13:17] TORCS_EXE=C:\Users\szymo\source\repos\torcs\torcs\wtorcs.exe
[2026-04-18 17:13:17] PORT=3001
[2026-04-18 17:13:17] VISION_FLAG=novision
[2026-04-18 17:13:17] RACE_CONFIG=C:\Users\szymo\source\repos\torcs\torcs\config\raceman\practice.xml
[2026-04-18 17:13:17] launch command dispatched pid=171596
[2026-04-18 17:13:17] race config specified: skipping autostart, focus, and waits
[2026-04-18 17:13:17] launcher completed
[2026-04-18 17:13:17] begin launcher
[2026-04-18 17:13:17] TORCS_EXE=C:\Users\szymo\source\repos\torcs\torcs\wtorcs.exe
[2026-04-18 17:13:17] PORT=3002
[2026-04-18 17:13:17] VISION_FLAG=novision
[2026-04-18 17:13:17] RACE_CONFIG=C:\Users\szymo\source\repos\torcs\torcs\config\raceman\practice_2.xml
[2026-04-18 17:13:17] launch command dispatched pid=165228
[2026-04-18 17:13:17] race config specified: skipping autostart, focus, and waits
[2026-04-18 17:13:17] launcher completed
[2026-04-18 17:13:22] begin launcher
[2026-04-18 17:13:22] TORCS_EXE=C:\Users\szymo\source\repos\torcs\torcs\wtorcs.exe
[2026-04-18 17:13:22] PORT=3001
[2026-04-18 17:13:22] VISION_FLAG=novision
[2026-04-18 17:13:22] RACE_CONFIG=C:\Users\szymo\source\repos\torcs\torcs\config\raceman\practice.xml
[2026-04-18 17:13:22] launch command dispatched pid=148936
[2026-04-18 17:13:22] race config specified: skipping autostart, focus, and waits
[2026-04-18 17:13:22] launcher completed
[2026-04-18 17:13:36] killed TORCS pid=171596 port=3001
[2026-04-18 17:13:44] begin launcher
[2026-04-18 17:13:44] TORCS_EXE=C:\Users\szymo\source\repos\torcs\torcs\wtorcs.exe
[2026-04-18 17:13:44] PORT=3001
[2026-04-18 17:13:44] VISION_FLAG=novision
[2026-04-18 17:13:44] RACE_CONFIG=C:\Users\szymo\source\repos\torcs\torcs\config\raceman\practice.xml
[2026-04-18 17:13:44] launch command dispatched pid=169416
[2026-04-18 17:13:44] race config specified: skipping autostart, focus, and waits
[2026-04-18 17:13:44] launcher completed
[2026-04-18 17:13:44] begin launcher
[2026-04-18 17:13:44] TORCS_EXE=C:\Users\szymo\source\repos\torcs\torcs\wtorcs.exe
[2026-04-18 17:13:44] PORT=3002
[2026-04-18 17:13:44] VISION_FLAG=novision
[2026-04-18 17:13:44] RACE_CONFIG=C:\Users\szymo\source\repos\torcs\torcs\config\raceman\practice_2.xml
[2026-04-18 17:13:44] launch command dispatched pid=173152
[2026-04-18 17:13:44] race config specified: skipping autostart, focus, and waits
[2026-04-18 17:13:44] launcher completed
[2026-04-18 17:13:48] begin launcher
[2026-04-18 17:13:48] TORCS_EXE=C:\Users\szymo\source\repos\torcs\torcs\wtorcs.exe
[2026-04-18 17:13:48] PORT=3001
[2026-04-18 17:13:48] VISION_FLAG=novision
[2026-04-18 17:13:48] RACE_CONFIG=C:\Users\szymo\source\repos\torcs\torcs\config\raceman\practice.xml
[2026-04-18 17:13:48] launch command dispatched pid=171196
[2026-04-18 17:13:48] race config specified: skipping autostart, focus, and waits
[2026-04-18 17:13:48] launcher completed
[2026-04-18 17:14:39] begin launcher
[2026-04-18 17:14:39] TORCS_EXE=C:\Users\szymo\source\repos\torcs\torcs\wtorcs.exe
[2026-04-18 17:14:39] PORT=3001
[2026-04-18 17:14:39] VISION_FLAG=novision
[2026-04-18 17:14:39] RACE_CONFIG=C:\Users\szymo\source\repos\torcs\torcs\config\raceman\practice.xml
[2026-04-18 17:14:39] launch command dispatched pid=173320
[2026-04-18 17:14:39] race config specified: skipping autostart, focus, and waits
[2026-04-18 17:14:39] launcher completed
[2026-04-18 17:15:07] begin launcher
[2026-04-18 17:15:07] TORCS_EXE=C:\Users\szymo\source\repos\torcs\torcs\wtorcs.exe
[2026-04-18 17:15:07] PORT=3001
[2026-04-18 17:15:07] VISION_FLAG=novision
[2026-04-18 17:15:07] RACE_CONFIG=C:\Users\szymo\source\repos\torcs\torcs\config\raceman\practice.xml
[2026-04-18 17:15:07] launch command dispatched pid=160004
[2026-04-18 17:15:08] launch failed early pid=160004 exit_code=1
[2026-04-18 17:15:39] begin launcher
[2026-04-18 17:15:39] TORCS_EXE=C:\Users\szymo\source\repos\torcs\torcs\wtorcs.exe
[2026-04-18 17:15:39] PORT=3001
[2026-04-18 17:15:39] VISION_FLAG=novision
[2026-04-18 17:15:39] RACE_CONFIG=C:\Users\szymo\source\repos\torcs\torcs\config\raceman\practice.xml
[2026-04-18 17:15:39] launch command dispatched pid=159540
[2026-04-18 17:15:39] launch failed early pid=159540 exit_code=1
[2026-04-18 17:15:39] detected stale UDP owner pid=169416 on port=3001; retrying launch
[2026-04-18 17:15:40] killed TORCS pid=169416 port=3001
[2026-04-18 17:15:40] launch command dispatched pid=166888
[2026-04-18 17:15:40] race config specified: skipping autostart, focus, and waits
[2026-04-18 17:15:40] launcher completed
[2026-04-18 17:16:06] begin launcher
[2026-04-18 17:16:06] TORCS_EXE=C:\Users\szymo\source\repos\torcs\torcs\wtorcs.exe
[2026-04-18 17:16:06] PORT=3001
[2026-04-18 17:16:06] VISION_FLAG=novision
[2026-04-18 17:16:06] RACE_CONFIG=C:\Users\szymo\source\repos\torcs\torcs\config\raceman\practice.xml
[2026-04-18 17:16:06] launch command dispatched pid=158776
[2026-04-18 17:16:06] race config specified: skipping autostart, focus, and waits
[2026-04-18 17:16:06] launcher completed
[2026-04-18 17:16:06] begin launcher
[2026-04-18 17:16:06] TORCS_EXE=C:\Users\szymo\source\repos\torcs\torcs\wtorcs.exe
[2026-04-18 17:16:06] PORT=3002
[2026-04-18 17:16:06] VISION_FLAG=novision
[2026-04-18 17:16:06] RACE_CONFIG=C:\Users\szymo\source\repos\torcs\torcs\config\raceman\practice_2.xml
[2026-04-18 17:16:06] launch command dispatched pid=163768
[2026-04-18 17:16:07] race config specified: skipping autostart, focus, and waits
[2026-04-18 17:16:07] launcher completed
[2026-04-18 17:16:08] begin launcher
[2026-04-18 17:16:08] TORCS_EXE=C:\Users\szymo\source\repos\torcs\torcs\wtorcs.exe
[2026-04-18 17:16:08] PORT=3001
[2026-04-18 17:16:08] VISION_FLAG=novision
[2026-04-18 17:16:08] RACE_CONFIG=C:\Users\szymo\source\repos\torcs\torcs\config\raceman\practice.xml
[2026-04-18 17:16:08] launch command dispatched pid=172380
[2026-04-18 17:16:08] launch failed early pid=172380 exit_code=1
[2026-04-18 17:16:08] detected stale UDP owner pid=158776 on port=3001; retrying launch
[2026-04-18 17:16:09] killed TORCS pid=158776 port=3001
[2026-04-18 17:16:09] launch command dispatched pid=165804
[2026-04-18 17:16:09] race config specified: skipping autostart, focus, and waits
[2026-04-18 17:16:09] launcher completed
[2026-04-18 17:16:10] begin launcher
[2026-04-18 17:16:10] TORCS_EXE=C:\Users\szymo\source\repos\torcs\torcs\wtorcs.exe
[2026-04-18 17:16:10] PORT=3002
[2026-04-18 17:16:10] VISION_FLAG=novision
[2026-04-18 17:16:10] RACE_CONFIG=C:\Users\szymo\source\repos\torcs\torcs\config\raceman\practice_2.xml
[2026-04-18 17:16:10] launch command dispatched pid=171640
[2026-04-18 17:16:10] launch failed early pid=171640 exit_code=1
[2026-04-18 17:16:10] detected stale UDP owner pid=163768 on port=3002; retrying launch
[2026-04-18 17:16:10] killed TORCS pid=163768 port=3002
[2026-04-18 17:16:10] launch command dispatched pid=171636
[2026-04-18 17:16:11] race config specified: skipping autostart, focus, and waits
[2026-04-18 17:16:11] launcher completed
[2026-04-18 17:16:15] begin launcher
[2026-04-18 17:16:15] TORCS_EXE=C:\Users\szymo\source\repos\torcs\torcs\wtorcs.exe
[2026-04-18 17:16:15] PORT=3002
[2026-04-18 17:16:15] VISION_FLAG=novision
[2026-04-18 17:16:15] RACE_CONFIG=C:\Users\szymo\source\repos\torcs\torcs\config\raceman\practice_2.xml
[2026-04-18 17:16:15] launch command dispatched pid=172748
[2026-04-18 17:16:15] race config specified: skipping autostart, focus, and waits
[2026-04-18 17:16:15] launcher completed
[2026-04-18 17:16:20] begin launcher
[2026-04-18 17:16:20] TORCS_EXE=C:\Users\szymo\source\repos\torcs\torcs\wtorcs.exe
[2026-04-18 17:16:20] PORT=3002
[2026-04-18 17:16:20] VISION_FLAG=novision
[2026-04-18 17:16:20] RACE_CONFIG=C:\Users\szymo\source\repos\torcs\torcs\config\raceman\practice_2.xml
[2026-04-18 17:16:20] launch command dispatched pid=47752
[2026-04-18 17:16:21] race config specified: skipping autostart, focus, and waits
[2026-04-18 17:16:21] launcher completed
[2026-04-18 17:16:25] begin launcher
[2026-04-18 17:16:25] TORCS_EXE=C:\Users\szymo\source\repos\torcs\torcs\wtorcs.exe
[2026-04-18 17:16:25] PORT=3002
[2026-04-18 17:16:25] VISION_FLAG=novision
[2026-04-18 17:16:25] RACE_CONFIG=C:\Users\szymo\source\repos\torcs\torcs\config\raceman\practice_2.xml
[2026-04-18 17:16:25] launch command dispatched pid=145312
[2026-04-18 17:16:25] race config specified: skipping autostart, focus, and waits
[2026-04-18 17:16:25] launcher completed
[2026-04-18 17:16:30] begin launcher
[2026-04-18 17:16:30] TORCS_EXE=C:\Users\szymo\source\repos\torcs\torcs\wtorcs.exe
[2026-04-18 17:16:30] PORT=3002
[2026-04-18 17:16:30] VISION_FLAG=novision
[2026-04-18 17:16:30] RACE_CONFIG=C:\Users\szymo\source\repos\torcs\torcs\config\raceman\practice_2.xml
[2026-04-18 17:16:30] launch command dispatched pid=166888
[2026-04-18 17:16:30] race config specified: skipping autostart, focus, and waits
[2026-04-18 17:16:30] launcher completed
[2026-04-18 17:16:34] begin launcher
[2026-04-18 17:16:34] TORCS_EXE=C:\Users\szymo\source\repos\torcs\torcs\wtorcs.exe
[2026-04-18 17:16:34] PORT=3002
[2026-04-18 17:16:34] VISION_FLAG=novision
[2026-04-18 17:16:34] RACE_CONFIG=C:\Users\szymo\source\repos\torcs\torcs\config\raceman\practice_2.xml
[2026-04-18 17:16:34] launch command dispatched pid=152784
[2026-04-18 17:16:35] race config specified: skipping autostart, focus, and waits
[2026-04-18 17:16:35] launcher completed
[2026-04-18 17:16:35] begin launcher
[2026-04-18 17:16:35] TORCS_EXE=C:\Users\szymo\source\repos\torcs\torcs\wtorcs.exe
[2026-04-18 17:16:35] PORT=3001
[2026-04-18 17:16:35] VISION_FLAG=novision
[2026-04-18 17:16:35] RACE_CONFIG=C:\Users\szymo\source\repos\torcs\torcs\config\raceman\practice.xml
[2026-04-18 17:16:35] launch command dispatched pid=172528
[2026-04-18 17:16:35] race config specified: skipping autostart, focus, and waits
[2026-04-18 17:16:35] launcher completed
[2026-04-18 17:16:36] begin launcher
[2026-04-18 17:16:36] TORCS_EXE=C:\Users\szymo\source\repos\torcs\torcs\wtorcs.exe
[2026-04-18 17:16:36] PORT=3002
[2026-04-18 17:16:36] VISION_FLAG=novision
[2026-04-18 17:16:36] RACE_CONFIG=C:\Users\szymo\source\repos\torcs\torcs\config\raceman\practice_2.xml
[2026-04-18 17:16:36] launch command dispatched pid=161980
[2026-04-18 17:16:37] race config specified: skipping autostart, focus, and waits
[2026-04-18 17:16:37] launcher completed
[2026-04-18 17:16:41] begin launcher
[2026-04-18 17:16:41] TORCS_EXE=C:\Users\szymo\source\repos\torcs\torcs\wtorcs.exe
[2026-04-18 17:16:41] PORT=3002
[2026-04-18 17:16:41] VISION_FLAG=novision
[2026-04-18 17:16:41] RACE_CONFIG=C:\Users\szymo\source\repos\torcs\torcs\config\raceman\practice_2.xml
[2026-04-18 17:16:41] launch command dispatched pid=172324
[2026-04-18 17:16:42] race config specified: skipping autostart, focus, and waits
[2026-04-18 17:16:42] launcher completed
[2026-04-18 17:16:46] begin launcher
[2026-04-18 17:16:46] TORCS_EXE=C:\Users\szymo\source\repos\torcs\torcs\wtorcs.exe
[2026-04-18 17:16:46] PORT=3002
[2026-04-18 17:16:46] VISION_FLAG=novision
[2026-04-18 17:16:46] RACE_CONFIG=C:\Users\szymo\source\repos\torcs\torcs\config\raceman\practice_2.xml
[2026-04-18 17:16:46] launch command dispatched pid=168168
[2026-04-18 17:16:47] race config specified: skipping autostart, focus, and waits
[2026-04-18 17:16:47] launcher completed
[2026-04-18 17:16:51] begin launcher
[2026-04-18 17:16:51] TORCS_EXE=C:\Users\szymo\source\repos\torcs\torcs\wtorcs.exe
[2026-04-18 17:16:51] PORT=3002
[2026-04-18 17:16:51] VISION_FLAG=novision
[2026-04-18 17:16:51] RACE_CONFIG=C:\Users\szymo\source\repos\torcs\torcs\config\raceman\practice_2.xml
[2026-04-18 17:16:51] launch command dispatched pid=164504
[2026-04-18 17:16:52] race config specified: skipping autostart, focus, and waits
[2026-04-18 17:16:52] launcher completed
[2026-04-18 17:16:55] killed TORCS pid=172528 port=3001
[2026-04-18 17:17:34] begin launcher
[2026-04-18 17:17:34] TORCS_EXE=C:\Users\szymo\source\repos\torcs\torcs\wtorcs.exe
[2026-04-18 17:17:34] PORT=3001
[2026-04-18 17:17:34] VISION_FLAG=novision
[2026-04-18 17:17:34] RACE_CONFIG=C:\Users\szymo\source\repos\torcs\torcs\config\raceman\practice.xml
[2026-04-18 17:17:34] launch command dispatched pid=171800
[2026-04-18 17:17:34] race config specified: skipping autostart, focus, and waits
[2026-04-18 17:17:34] launcher completed
[2026-04-18 17:18:37] begin launcher
[2026-04-18 17:18:37] TORCS_EXE=C:\Users\szymo\source\repos\torcs\torcs\wtorcs.exe
[2026-04-18 17:18:37] PORT=3001
[2026-04-18 17:18:37] VISION_FLAG=novision
[2026-04-18 17:18:37] RACE_CONFIG=C:\Users\szymo\source\repos\torcs\torcs\config\raceman\practice.xml
[2026-04-18 17:18:37] launch command dispatched pid=159224
[2026-04-18 17:18:37] launch failed early pid=159224 exit_code=1
[2026-04-18 17:18:37] detected stale UDP owner pid=171800 on port=3001; retrying launch
[2026-04-18 17:18:37] killed TORCS pid=171800 port=3001
[2026-04-18 17:18:37] launch command dispatched pid=172776
[2026-04-18 17:18:38] race config specified: skipping autostart, focus, and waits
[2026-04-18 17:18:38] launcher completed
[2026-04-18 17:18:38] begin launcher
[2026-04-18 17:18:38] TORCS_EXE=C:\Users\szymo\source\repos\torcs\torcs\wtorcs.exe
[2026-04-18 17:18:38] PORT=3002
[2026-04-18 17:18:38] VISION_FLAG=novision
[2026-04-18 17:18:38] RACE_CONFIG=C:\Users\szymo\source\repos\torcs\torcs\config\raceman\practice_2.xml
[2026-04-18 17:18:38] launch command dispatched pid=170652
[2026-04-18 17:18:38] race config specified: skipping autostart, focus, and waits
[2026-04-18 17:18:38] launcher completed
[2026-04-18 17:18:39] begin launcher
[2026-04-18 17:18:39] TORCS_EXE=C:\Users\szymo\source\repos\torcs\torcs\wtorcs.exe
[2026-04-18 17:18:39] PORT=3001
[2026-04-18 17:18:39] VISION_FLAG=novision
[2026-04-18 17:18:39] RACE_CONFIG=C:\Users\szymo\source\repos\torcs\torcs\config\raceman\practice.xml
[2026-04-18 17:18:39] launch command dispatched pid=174032
[2026-04-18 17:18:40] launch failed early pid=174032 exit_code=1
[2026-04-18 17:18:40] detected stale UDP owner pid=172776 on port=3001; retrying launch
[2026-04-18 17:18:40] killed TORCS pid=172776 port=3001
[2026-04-18 17:18:40] launch command dispatched pid=172352
[2026-04-18 17:18:41] race config specified: skipping autostart, focus, and waits
[2026-04-18 17:18:41] launcher completed
[2026-04-18 17:18:41] begin launcher
[2026-04-18 17:18:41] TORCS_EXE=C:\Users\szymo\source\repos\torcs\torcs\wtorcs.exe
[2026-04-18 17:18:41] PORT=3002
[2026-04-18 17:18:41] VISION_FLAG=novision
[2026-04-18 17:18:41] RACE_CONFIG=C:\Users\szymo\source\repos\torcs\torcs\config\raceman\practice_2.xml
[2026-04-18 17:18:41] launch command dispatched pid=161784
[2026-04-18 17:18:42] launch failed early pid=161784 exit_code=1
[2026-04-18 17:18:42] detected stale UDP owner pid=170652 on port=3002; retrying launch
[2026-04-18 17:18:42] killed TORCS pid=170652 port=3002
[2026-04-18 17:18:42] launch command dispatched pid=172772
[2026-04-18 17:18:43] race config specified: skipping autostart, focus, and waits
[2026-04-18 17:18:43] launcher completed
[2026-04-18 17:18:47] begin launcher
[2026-04-18 17:18:47] TORCS_EXE=C:\Users\szymo\source\repos\torcs\torcs\wtorcs.exe
[2026-04-18 17:18:47] PORT=3002
[2026-04-18 17:18:47] VISION_FLAG=novision
[2026-04-18 17:18:47] RACE_CONFIG=C:\Users\szymo\source\repos\torcs\torcs\config\raceman\practice_2.xml
[2026-04-18 17:18:47] launch command dispatched pid=156548
[2026-04-18 17:18:47] race config specified: skipping autostart, focus, and waits
[2026-04-18 17:18:47] launcher completed
[2026-04-18 17:18:51] begin launcher
[2026-04-18 17:18:51] TORCS_EXE=C:\Users\szymo\source\repos\torcs\torcs\wtorcs.exe
[2026-04-18 17:18:51] PORT=3002
[2026-04-18 17:18:51] VISION_FLAG=novision
[2026-04-18 17:18:51] RACE_CONFIG=C:\Users\szymo\source\repos\torcs\torcs\config\raceman\practice_2.xml
[2026-04-18 17:18:51] launch command dispatched pid=172200
[2026-04-18 17:18:52] race config specified: skipping autostart, focus, and waits
[2026-04-18 17:18:52] launcher completed
[2026-04-18 17:18:56] begin launcher
[2026-04-18 17:18:56] TORCS_EXE=C:\Users\szymo\source\repos\torcs\torcs\wtorcs.exe
[2026-04-18 17:18:56] PORT=3002
[2026-04-18 17:18:56] VISION_FLAG=novision
[2026-04-18 17:18:56] RACE_CONFIG=C:\Users\szymo\source\repos\torcs\torcs\config\raceman\practice_2.xml
[2026-04-18 17:18:56] launch command dispatched pid=158512
[2026-04-18 17:18:56] race config specified: skipping autostart, focus, and waits
[2026-04-18 17:18:56] launcher completed
[2026-04-18 17:18:59] killed TORCS pid=172352 port=3001
[2026-04-18 17:20:36] begin launcher
[2026-04-18 17:20:36] TORCS_EXE=C:\Users\szymo\source\repos\torcs\torcs\wtorcs.exe
[2026-04-18 17:20:36] PORT=3001
[2026-04-18 17:20:36] VISION_FLAG=novision
[2026-04-18 17:20:36] RACE_CONFIG=C:\Users\szymo\source\repos\torcs\torcs\config\raceman\practice.xml
[2026-04-18 17:20:36] launch command dispatched pid=149112
[2026-04-18 17:20:37] race config specified: skipping autostart, focus, and waits
[2026-04-18 17:20:37] launcher completed
[2026-04-18 17:22:06] begin launcher
[2026-04-18 17:22:06] TORCS_EXE=C:\Users\szymo\source\repos\torcs\torcs\wtorcs.exe
[2026-04-18 17:22:06] PORT=3001
[2026-04-18 17:22:06] VISION_FLAG=novision
[2026-04-18 17:22:06] RACE_CONFIG=
[2026-04-18 17:22:06] launch command dispatched pid=154656
[2026-04-18 17:22:12] autostart script finished: C:\Users\szymo\source\repos\torcs\gym_torcs\autostart_windows.ps1
[2026-04-18 17:22:12] launcher completed
[2026-04-18 17:22:12] begin launcher
[2026-04-18 17:22:12] TORCS_EXE=C:\Users\szymo\source\repos\torcs\torcs\wtorcs.exe
[2026-04-18 17:22:12] PORT=3001
[2026-04-18 17:22:12] VISION_FLAG=novision
[2026-04-18 17:22:12] RACE_CONFIG=
[2026-04-18 17:22:13] launch command dispatched pid=162488
[2026-04-18 17:22:19] autostart script finished: C:\Users\szymo\source\repos\torcs\gym_torcs\autostart_windows.ps1
[2026-04-18 17:22:19] launcher completed
[2026-04-18 17:23:13] begin launcher
[2026-04-18 17:23:13] TORCS_EXE=C:\Users\szymo\source\repos\torcs\torcs\wtorcs.exe
[2026-04-18 17:23:13] PORT=3001
[2026-04-18 17:23:13] VISION_FLAG=novision
[2026-04-18 17:23:13] RACE_CONFIG=
[2026-04-18 17:23:14] launch command dispatched pid=172708
[2026-04-18 17:23:14] launch failed early pid=172708 exit_code=3221225477
[2026-04-18 17:23:14] launch failed after retry pid=172708 exit_code=3221225477
[2026-04-18 17:23:19] begin launcher
[2026-04-18 17:23:19] TORCS_EXE=C:\Users\szymo\source\repos\torcs\torcs\wtorcs.exe
[2026-04-18 17:23:19] PORT=3001
[2026-04-18 17:23:19] VISION_FLAG=novision
[2026-04-18 17:23:19] RACE_CONFIG=
[2026-04-18 17:23:20] launch command dispatched pid=168028
[2026-04-18 17:23:26] autostart script finished: C:\Users\szymo\source\repos\torcs\gym_torcs\autostart_windows.ps1
[2026-04-18 17:23:26] launcher completed
[2026-04-18 17:24:05] begin launcher
[2026-04-18 17:24:05] TORCS_EXE=C:\Users\szymo\source\repos\torcs\torcs\wtorcs.exe
[2026-04-18 17:24:05] PORT=3002
[2026-04-18 17:24:05] VISION_FLAG=novision
[2026-04-18 17:24:05] RACE_CONFIG=
[2026-04-18 17:24:05] launch command dispatched pid=157616
[2026-04-18 17:24:11] autostart script finished: C:\Users\szymo\source\repos\torcs\gym_torcs\autostart_windows.ps1
[2026-04-18 17:24:11] launcher completed
[2026-04-18 17:24:15] begin launcher
[2026-04-18 17:24:15] TORCS_EXE=C:\Users\szymo\source\repos\torcs\torcs\wtorcs.exe
[2026-04-18 17:24:15] PORT=3002
[2026-04-18 17:24:15] VISION_FLAG=novision
[2026-04-18 17:24:15] RACE_CONFIG=
[2026-04-18 17:24:16] launch command dispatched pid=172172
[2026-04-18 17:24:22] autostart script finished: C:\Users\szymo\source\repos\torcs\gym_torcs\autostart_windows.ps1
[2026-04-18 17:24:22] launcher completed
[2026-04-18 17:24:35] killed TORCS pid=157616 port=3002
[2026-04-18 17:25:46] begin launcher
[2026-04-18 17:25:46] TORCS_EXE=C:\Users\szymo\source\repos\torcs\torcs\wtorcs.exe
[2026-04-18 17:25:46] PORT=3002
[2026-04-18 17:25:46] VISION_FLAG=novision
[2026-04-18 17:25:46] RACE_CONFIG=
[2026-04-18 17:25:47] launch command dispatched pid=171188
[2026-04-18 17:25:53] autostart script finished: C:\Users\szymo\source\repos\torcs\gym_torcs\autostart_windows.ps1
[2026-04-18 17:25:53] launcher completed
[2026-04-18 17:25:57] begin launcher
[2026-04-18 17:25:57] TORCS_EXE=C:\Users\szymo\source\repos\torcs\torcs\wtorcs.exe
[2026-04-18 17:25:57] PORT=3002
[2026-04-18 17:25:57] VISION_FLAG=novision
[2026-04-18 17:25:57] RACE_CONFIG=
[2026-04-18 17:25:58] launch command dispatched pid=173884
[2026-04-18 17:26:12] autostart script finished: C:\Users\szymo\source\repos\torcs\gym_torcs\autostart_windows.ps1
[2026-04-18 17:26:12] launcher completed
[2026-04-18 17:26:25] killed TORCS pid=171188 port=3002
[2026-04-18 17:27:22] begin launcher
[2026-04-18 17:27:22] TORCS_EXE=C:\Users\szymo\source\repos\torcs\torcs\wtorcs.exe
[2026-04-18 17:27:22] PORT=3001
[2026-04-18 17:27:22] VISION_FLAG=novision
[2026-04-18 17:27:22] RACE_CONFIG=C:\Users\szymo\source\repos\torcs\torcs\config\raceman\practice.xml
[2026-04-18 17:27:22] launch command dispatched pid=150544
[2026-04-18 17:27:23] race config specified: skipping autostart, focus, and waits
[2026-04-18 17:27:23] launcher completed
[2026-04-18 17:27:46] begin launcher
[2026-04-18 17:27:46] TORCS_EXE=C:\Users\szymo\source\repos\torcs\torcs\wtorcs.exe
[2026-04-18 17:27:46] PORT=3002
[2026-04-18 17:27:46] VISION_FLAG=novision
[2026-04-18 17:27:46] RACE_CONFIG=
[2026-04-18 17:27:47] launch command dispatched pid=172952
[2026-04-18 17:27:53] autostart script finished: C:\Users\szymo\source\repos\torcs\gym_torcs\autostart_windows.ps1
[2026-04-18 17:27:53] launcher completed
[2026-04-18 17:27:56] begin launcher
[2026-04-18 17:27:56] TORCS_EXE=C:\Users\szymo\source\repos\torcs\torcs\wtorcs.exe
[2026-04-18 17:27:56] PORT=3002
[2026-04-18 17:27:56] VISION_FLAG=novision
[2026-04-18 17:27:56] RACE_CONFIG=
[2026-04-18 17:27:57] launch command dispatched pid=173724
[2026-04-18 17:28:10] autostart script finished: C:\Users\szymo\source\repos\torcs\gym_torcs\autostart_windows.ps1
[2026-04-18 17:28:10] launcher completed
[2026-04-18 17:29:05] begin launcher
[2026-04-18 17:29:05] TORCS_EXE=C:\Users\szymo\source\repos\torcs\torcs\wtorcs.exe
[2026-04-18 17:29:05] PORT=3001
[2026-04-18 17:29:05] VISION_FLAG=novision
[2026-04-18 17:29:05] RACE_CONFIG=C:\Users\szymo\source\repos\torcs\torcs\config\raceman\practice.xml
[2026-04-18 17:29:05] launch command dispatched pid=163732
[2026-04-18 17:29:06] race config specified: skipping autostart, focus, and waits
[2026-04-18 17:29:06] launcher completed
[2026-04-18 17:29:06] begin launcher
[2026-04-18 17:29:06] TORCS_EXE=C:\Users\szymo\source\repos\torcs\torcs\wtorcs.exe
[2026-04-18 17:29:06] PORT=3001
[2026-04-18 17:29:06] VISION_FLAG=novision
[2026-04-18 17:29:06] RACE_CONFIG=C:\Users\szymo\source\repos\torcs\torcs\config\raceman\practice.xml
[2026-04-18 17:29:06] pre-launch cleanup: killing stale UDP owner pid=163732 on port=3001
[2026-04-18 17:29:06] killed TORCS pid=163732 port=3001
[2026-04-18 17:29:06] launch command dispatched pid=163536
[2026-04-18 17:29:06] race config specified: skipping autostart, focus, and waits
[2026-04-18 17:29:06] launcher completed
[2026-04-18 17:29:48] killed TORCS pid=172952 port=3002
[2026-04-18 17:29:50] begin launcher
[2026-04-18 17:29:50] TORCS_EXE=C:\Users\szymo\source\repos\torcs\torcs\wtorcs.exe
[2026-04-18 17:29:50] PORT=3002
[2026-04-18 17:29:50] VISION_FLAG=novision
[2026-04-18 17:29:50] RACE_CONFIG=
[2026-04-18 17:29:51] launch command dispatched pid=172312
[2026-04-18 17:29:57] autostart script finished: C:\Users\szymo\source\repos\torcs\gym_torcs\autostart_windows.ps1
[2026-04-18 17:29:57] launcher completed
[2026-04-18 17:30:00] begin launcher
[2026-04-18 17:30:00] TORCS_EXE=C:\Users\szymo\source\repos\torcs\torcs\wtorcs.exe
[2026-04-18 17:30:00] PORT=3002
[2026-04-18 17:30:00] VISION_FLAG=novision
[2026-04-18 17:30:00] RACE_CONFIG=
[2026-04-18 17:30:00] pre-launch cleanup: killing stale UDP owner pid=172312 on port=3002
[2026-04-18 17:30:01] killed TORCS pid=172312 port=3002
[2026-04-18 17:30:01] launch command dispatched pid=167072
[2026-04-18 17:30:07] autostart script finished: C:\Users\szymo\source\repos\torcs\gym_torcs\autostart_windows.ps1
[2026-04-18 17:30:07] launcher completed
[2026-04-18 17:30:56] begin launcher
[2026-04-18 17:30:56] TORCS_EXE=C:\Users\szymo\source\repos\torcs\torcs\wtorcs.exe
[2026-04-18 17:30:56] PORT=3002
[2026-04-18 17:30:56] VISION_FLAG=novision
[2026-04-18 17:30:56] RACE_CONFIG=
[2026-04-18 17:30:56] pre-launch cleanup: killing stale UDP owner pid=167072 on port=3002
[2026-04-18 17:30:56] killed TORCS pid=167072 port=3002
[2026-04-18 17:30:56] launch command dispatched pid=156984
[2026-04-18 17:31:02] autostart script finished: C:\Users\szymo\source\repos\torcs\gym_torcs\autostart_windows.ps1
[2026-04-18 17:31:02] launcher completed
[2026-04-18 17:31:27] killed TORCS pid=156984 port=3002
[2026-04-18 17:32:08] begin launcher
[2026-04-18 17:32:08] TORCS_EXE=C:\Users\szymo\source\repos\torcs\torcs\wtorcs.exe
[2026-04-18 17:32:08] PORT=3001
[2026-04-18 17:32:08] VISION_FLAG=novision
[2026-04-18 17:32:08] RACE_CONFIG=
[2026-04-18 17:32:08] launch command dispatched pid=157148
[2026-04-18 17:32:14] autostart script finished: C:\Users\szymo\source\repos\torcs\gym_torcs\autostart_windows.ps1
[2026-04-18 17:32:14] launcher completed
[2026-04-18 17:33:54] begin launcher
[2026-04-18 17:33:54] TORCS_EXE=C:\Users\szymo\source\repos\torcs\torcs\wtorcs.exe
[2026-04-18 17:33:54] PORT=3001
[2026-04-18 17:33:54] VISION_FLAG=novision
[2026-04-18 17:33:54] RACE_CONFIG=
[2026-04-18 17:33:55] launch command dispatched pid=163216
[2026-04-18 17:34:01] autostart script finished: C:\Users\szymo\source\repos\torcs\gym_torcs\autostart_windows.ps1
[2026-04-18 17:34:01] launcher completed
[2026-04-18 17:34:04] begin launcher
[2026-04-18 17:34:04] TORCS_EXE=C:\Users\szymo\source\repos\torcs\torcs\wtorcs.exe
[2026-04-18 17:34:04] PORT=3001
[2026-04-18 17:34:04] VISION_FLAG=novision
[2026-04-18 17:34:04] RACE_CONFIG=
[2026-04-18 17:34:04] pre-launch cleanup: killing stale UDP owner pid=163216 on port=3001
[2026-04-18 17:34:04] killed TORCS pid=163216 port=3001
[2026-04-18 17:34:05] launch command dispatched pid=148120
[2026-04-18 17:34:11] autostart script finished: C:\Users\szymo\source\repos\torcs\gym_torcs\autostart_windows.ps1
[2026-04-18 17:34:11] launcher completed
[2026-04-18 17:34:39] begin launcher
[2026-04-18 17:34:39] TORCS_EXE=C:\Users\szymo\source\repos\torcs\torcs\wtorcs.exe
[2026-04-18 17:34:39] PORT=3001
[2026-04-18 17:34:39] VISION_FLAG=novision
[2026-04-18 17:34:39] RACE_CONFIG=
[2026-04-18 17:34:39] pre-launch cleanup: killing stale UDP owner pid=148120 on port=3001
[2026-04-18 17:34:39] killed TORCS pid=148120 port=3001
[2026-04-18 17:34:39] launch command dispatched pid=154772
[2026-04-18 17:34:45] autostart script finished: C:\Users\szymo\source\repos\torcs\gym_torcs\autostart_windows.ps1
[2026-04-18 17:34:45] launcher completed
[2026-04-18 17:35:05] killed TORCS pid=154772 port=3001
[2026-04-18 17:35:13] begin launcher
[2026-04-18 17:35:13] TORCS_EXE=C:\Users\szymo\source\repos\torcs\torcs\wtorcs.exe
[2026-04-18 17:35:13] PORT=3001
[2026-04-18 17:35:13] VISION_FLAG=novision
[2026-04-18 17:35:13] RACE_CONFIG=
[2026-04-18 17:35:14] launch command dispatched pid=171492
[2026-04-18 17:35:20] autostart script finished: C:\Users\szymo\source\repos\torcs\gym_torcs\autostart_windows.ps1
[2026-04-18 17:35:20] launcher completed
[2026-04-18 17:35:22] begin launcher
[2026-04-18 17:35:22] TORCS_EXE=C:\Users\szymo\source\repos\torcs\torcs\wtorcs.exe
[2026-04-18 17:35:22] PORT=3002
[2026-04-18 17:35:22] VISION_FLAG=novision
[2026-04-18 17:35:22] RACE_CONFIG=
[2026-04-18 17:35:23] launch command dispatched pid=165964
[2026-04-18 17:35:29] autostart script finished: C:\Users\szymo\source\repos\torcs\gym_torcs\autostart_windows.ps1
[2026-04-18 17:35:29] launcher completed
[2026-04-18 17:36:13] begin launcher
[2026-04-18 17:36:13] TORCS_EXE=C:\Users\szymo\source\repos\torcs\torcs\wtorcs.exe
[2026-04-18 17:36:13] PORT=3001
[2026-04-18 17:36:13] VISION_FLAG=novision
[2026-04-18 17:36:13] RACE_CONFIG=
[2026-04-18 17:36:14] launch command dispatched pid=173516
[2026-04-18 17:36:20] autostart script finished: C:\Users\szymo\source\repos\torcs\gym_torcs\autostart_windows.ps1
[2026-04-18 17:36:20] launcher completed
[2026-04-18 17:36:22] begin launcher
[2026-04-18 17:36:22] TORCS_EXE=C:\Users\szymo\source\repos\torcs\torcs\wtorcs.exe
[2026-04-18 17:36:22] PORT=3001
[2026-04-18 17:36:22] VISION_FLAG=novision
[2026-04-18 17:36:22] RACE_CONFIG=
[2026-04-18 17:36:22] pre-launch cleanup: killing stale UDP owner pid=173516 on port=3001
[2026-04-18 17:36:22] killed TORCS pid=173516 port=3001
[2026-04-18 17:36:23] launch command dispatched pid=169588
[2026-04-18 17:36:29] autostart script finished: C:\Users\szymo\source\repos\torcs\gym_torcs\autostart_windows.ps1
[2026-04-18 17:36:29] launcher completed
[2026-04-18 17:36:32] begin launcher
[2026-04-18 17:36:32] TORCS_EXE=C:\Users\szymo\source\repos\torcs\torcs\wtorcs.exe
[2026-04-18 17:36:32] PORT=3001
[2026-04-18 17:36:32] VISION_FLAG=novision
[2026-04-18 17:36:32] RACE_CONFIG=
[2026-04-18 17:36:33] launch command dispatched pid=160272
[2026-04-18 17:36:39] autostart script finished: C:\Users\szymo\source\repos\torcs\gym_torcs\autostart_windows.ps1
[2026-04-18 17:36:39] launcher completed
[2026-04-18 17:37:06] begin launcher
[2026-04-18 17:37:06] TORCS_EXE=C:\Users\szymo\source\repos\torcs\torcs\wtorcs.exe
[2026-04-18 17:37:06] PORT=3001
[2026-04-18 17:37:06] VISION_FLAG=novision
[2026-04-18 17:37:06] RACE_CONFIG=
[2026-04-18 17:37:06] pre-launch cleanup: killing stale UDP owner pid=160272 on port=3001
[2026-04-18 17:37:06] killed TORCS pid=160272 port=3001
[2026-04-18 17:37:07] launch command dispatched pid=171324
[2026-04-18 17:37:13] autostart script finished: C:\Users\szymo\source\repos\torcs\gym_torcs\autostart_windows.ps1
[2026-04-18 17:37:13] launcher completed
[2026-04-18 17:37:37] begin launcher
[2026-04-18 17:37:37] TORCS_EXE=C:\Users\szymo\source\repos\torcs\torcs\wtorcs.exe
[2026-04-18 17:37:37] PORT=3001
[2026-04-18 17:37:37] VISION_FLAG=novision
[2026-04-18 17:37:37] RACE_CONFIG=
[2026-04-18 17:37:37] pre-launch cleanup: killing stale UDP owner pid=171324 on port=3001
[2026-04-18 17:37:37] killed TORCS pid=171324 port=3001
[2026-04-18 17:37:38] launch command dispatched pid=97288
[2026-04-18 17:37:44] autostart script finished: C:\Users\szymo\source\repos\torcs\gym_torcs\autostart_windows.ps1
[2026-04-18 17:37:44] launcher completed
[2026-04-18 17:38:11] begin launcher
[2026-04-18 17:38:11] TORCS_EXE=C:\Users\szymo\source\repos\torcs\torcs\wtorcs.exe
[2026-04-18 17:38:11] PORT=3001
[2026-04-18 17:38:11] VISION_FLAG=novision
[2026-04-18 17:38:11] RACE_CONFIG=
[2026-04-18 17:38:11] pre-launch cleanup: killing stale UDP owner pid=97288 on port=3001
[2026-04-18 17:38:12] killed TORCS pid=97288 port=3001
[2026-04-18 17:38:12] launch command dispatched pid=172676
[2026-04-18 17:38:18] autostart script finished: C:\Users\szymo\source\repos\torcs\gym_torcs\autostart_windows.ps1
[2026-04-18 17:38:18] launcher completed
[2026-04-18 17:38:37] begin launcher
[2026-04-18 17:38:37] TORCS_EXE=C:\Users\szymo\source\repos\torcs\torcs\wtorcs.exe
[2026-04-18 17:38:37] PORT=3001
[2026-04-18 17:38:37] VISION_FLAG=novision
[2026-04-18 17:38:37] RACE_CONFIG=
[2026-04-18 17:38:37] pre-launch cleanup: killing stale UDP owner pid=172676 on port=3001
[2026-04-18 17:38:37] killed TORCS pid=172676 port=3001
[2026-04-18 17:38:38] launch command dispatched pid=149880
[2026-04-18 17:38:44] autostart script finished: C:\Users\szymo\source\repos\torcs\gym_torcs\autostart_windows.ps1
[2026-04-18 17:38:44] launcher completed
[2026-04-18 17:39:28] begin launcher
[2026-04-18 17:39:28] TORCS_EXE=C:\Users\szymo\source\repos\torcs\torcs\wtorcs.exe
[2026-04-18 17:39:28] PORT=3001
[2026-04-18 17:39:28] VISION_FLAG=novision
[2026-04-18 17:39:28] RACE_CONFIG=
[2026-04-18 17:39:28] pre-launch cleanup: killing stale UDP owner pid=149880 on port=3001
[2026-04-18 17:39:28] killed TORCS pid=149880 port=3001
[2026-04-18 17:39:29] launch command dispatched pid=169988
[2026-04-18 17:39:35] autostart script finished: C:\Users\szymo\source\repos\torcs\gym_torcs\autostart_windows.ps1
[2026-04-18 17:39:35] launcher completed
[2026-04-18 17:39:57] begin launcher
[2026-04-18 17:39:57] TORCS_EXE=C:\Users\szymo\source\repos\torcs\torcs\wtorcs.exe
[2026-04-18 17:39:57] PORT=3001
[2026-04-18 17:39:57] VISION_FLAG=novision
[2026-04-18 17:39:57] RACE_CONFIG=
[2026-04-18 17:39:57] pre-launch cleanup: killing stale UDP owner pid=169988 on port=3001
[2026-04-18 17:39:58] killed TORCS pid=169988 port=3001
[2026-04-18 17:39:58] launch command dispatched pid=148936
[2026-04-18 17:40:04] autostart script finished: C:\Users\szymo\source\repos\torcs\gym_torcs\autostart_windows.ps1
[2026-04-18 17:40:04] launcher completed
[2026-04-18 17:40:16] begin launcher
[2026-04-18 17:40:16] TORCS_EXE=C:\Users\szymo\source\repos\torcs\torcs\wtorcs.exe
[2026-04-18 17:40:16] PORT=3001
[2026-04-18 17:40:16] VISION_FLAG=novision
[2026-04-18 17:40:16] RACE_CONFIG=
[2026-04-18 17:40:17] launch command dispatched pid=171228
[2026-04-18 17:40:23] autostart script finished: C:\Users\szymo\source\repos\torcs\gym_torcs\autostart_windows.ps1
[2026-04-18 17:40:23] launcher completed
[2026-04-18 17:40:37] begin launcher
[2026-04-18 17:40:37] TORCS_EXE=C:\Users\szymo\source\repos\torcs\torcs\wtorcs.exe
[2026-04-18 17:40:37] PORT=3001
[2026-04-18 17:40:37] VISION_FLAG=novision
[2026-04-18 17:40:37] RACE_CONFIG=
[2026-04-18 17:40:37] pre-launch cleanup: killing stale UDP owner pid=148936 on port=3001
[2026-04-18 17:40:37] killed TORCS pid=148936 port=3001
[2026-04-18 17:40:38] launch command dispatched pid=132056
[2026-04-18 17:40:44] autostart script finished: C:\Users\szymo\source\repos\torcs\gym_torcs\autostart_windows.ps1
[2026-04-18 17:40:44] launcher completed
[2026-04-18 17:40:59] begin launcher
[2026-04-18 17:40:59] TORCS_EXE=C:\Users\szymo\source\repos\torcs\torcs\wtorcs.exe
[2026-04-18 17:40:59] PORT=3001
[2026-04-18 17:40:59] VISION_FLAG=novision
[2026-04-18 17:40:59] RACE_CONFIG=
[2026-04-18 17:40:59] pre-launch cleanup: killing stale UDP owner pid=132056 on port=3001
[2026-04-18 17:40:59] killed TORCS pid=132056 port=3001
[2026-04-18 17:41:00] launch command dispatched pid=156152
[2026-04-18 17:41:06] autostart script finished: C:\Users\szymo\source\repos\torcs\gym_torcs\autostart_windows.ps1
[2026-04-18 17:41:06] launcher completed
[2026-04-18 17:41:35] begin launcher
[2026-04-18 17:41:35] TORCS_EXE=C:\Users\szymo\source\repos\torcs\torcs\wtorcs.exe
[2026-04-18 17:41:35] PORT=3001
[2026-04-18 17:41:35] VISION_FLAG=novision
[2026-04-18 17:41:35] RACE_CONFIG=
[2026-04-18 17:41:35] pre-launch cleanup: killing stale UDP owner pid=156152 on port=3001
[2026-04-18 17:41:35] killed TORCS pid=156152 port=3001
[2026-04-18 17:41:36] launch command dispatched pid=163436
[2026-04-18 17:41:42] autostart script finished: C:\Users\szymo\source\repos\torcs\gym_torcs\autostart_windows.ps1
[2026-04-18 17:41:42] launcher completed
[2026-04-18 17:41:54] begin launcher
[2026-04-18 17:41:54] TORCS_EXE=C:\Users\szymo\source\repos\torcs\torcs\wtorcs.exe
[2026-04-18 17:41:54] PORT=3001
[2026-04-18 17:41:54] VISION_FLAG=novision
[2026-04-18 17:41:54] RACE_CONFIG=
[2026-04-18 17:41:54] pre-launch cleanup: killing stale UDP owner pid=163436 on port=3001
[2026-04-18 17:41:54] killed TORCS pid=163436 port=3001
[2026-04-18 17:41:55] launch command dispatched pid=96608
[2026-04-18 17:42:01] autostart script finished: C:\Users\szymo\source\repos\torcs\gym_torcs\autostart_windows.ps1
[2026-04-18 17:42:01] launcher completed
[2026-04-18 17:43:07] killed TORCS pid=163436 port=3001
[2026-04-18 17:43:12] begin launcher
[2026-04-18 17:43:12] TORCS_EXE=C:\Users\szymo\source\repos\torcs\torcs\wtorcs.exe
[2026-04-18 17:43:12] PORT=3001
[2026-04-18 17:43:12] VISION_FLAG=novision
[2026-04-18 17:43:12] RACE_CONFIG=
[2026-04-18 17:43:12] launch command dispatched pid=160264
[2026-04-18 17:43:18] autostart script finished: C:\Users\szymo\source\repos\torcs\gym_torcs\autostart_windows.ps1
[2026-04-18 17:43:18] launcher completed
[2026-04-18 17:43:21] begin launcher
[2026-04-18 17:43:21] TORCS_EXE=C:\Users\szymo\source\repos\torcs\torcs\wtorcs.exe
[2026-04-18 17:43:21] PORT=3001
[2026-04-18 17:43:21] VISION_FLAG=novision
[2026-04-18 17:43:21] RACE_CONFIG=
[2026-04-18 17:43:21] pre-launch cleanup: killing stale UDP owner pid=160264 on port=3001
[2026-04-18 17:43:21] killed TORCS pid=160264 port=3001
[2026-04-18 17:43:21] launch command dispatched pid=171784
[2026-04-18 17:43:27] autostart script finished: C:\Users\szymo\source\repos\torcs\gym_torcs\autostart_windows.ps1
[2026-04-18 17:43:27] launcher completed
[2026-04-18 17:43:31] begin launcher
[2026-04-18 17:43:31] TORCS_EXE=C:\Users\szymo\source\repos\torcs\torcs\wtorcs.exe
[2026-04-18 17:43:31] PORT=3001
[2026-04-18 17:43:31] VISION_FLAG=novision
[2026-04-18 17:43:31] RACE_CONFIG=
[2026-04-18 17:43:31] launch command dispatched pid=168508
[2026-04-18 17:43:37] autostart script finished: C:\Users\szymo\source\repos\torcs\gym_torcs\autostart_windows.ps1
[2026-04-18 17:43:37] launcher completed
[2026-04-18 17:44:05] begin launcher
[2026-04-18 17:44:05] TORCS_EXE=C:\Users\szymo\source\repos\torcs\torcs\wtorcs.exe
[2026-04-18 17:44:05] PORT=3001
[2026-04-18 17:44:05] VISION_FLAG=novision
[2026-04-18 17:44:05] RACE_CONFIG=
[2026-04-18 17:44:05] pre-launch cleanup: killing stale UDP owner pid=168508 on port=3001
[2026-04-18 17:44:06] killed TORCS pid=168508 port=3001
[2026-04-18 17:44:06] launch command dispatched pid=174048
[2026-04-18 17:44:12] autostart script finished: C:\Users\szymo\source\repos\torcs\gym_torcs\autostart_windows.ps1
[2026-04-18 17:44:12] launcher completed
[2026-04-18 17:44:31] begin launcher
[2026-04-18 17:44:31] TORCS_EXE=C:\Users\szymo\source\repos\torcs\torcs\wtorcs.exe
[2026-04-18 17:44:31] PORT=3001
[2026-04-18 17:44:31] VISION_FLAG=novision
[2026-04-18 17:44:31] RACE_CONFIG=
[2026-04-18 17:44:31] pre-launch cleanup: killing stale UDP owner pid=174048 on port=3001
[2026-04-18 17:44:31] killed TORCS pid=174048 port=3001
[2026-04-18 17:44:32] launch command dispatched pid=169308
[2026-04-18 17:44:37] autostart script finished: C:\Users\szymo\source\repos\torcs\gym_torcs\autostart_windows.ps1
[2026-04-18 17:44:37] launcher completed
[2026-04-18 17:45:37] begin launcher
[2026-04-18 17:45:37] TORCS_EXE=C:\Users\szymo\source\repos\torcs\torcs\wtorcs.exe
[2026-04-18 17:45:37] PORT=3001
[2026-04-18 17:45:37] VISION_FLAG=novision
[2026-04-18 17:45:37] RACE_CONFIG=
[2026-04-18 17:45:37] pre-launch cleanup: killing stale UDP owner pid=169308 on port=3001
[2026-04-18 17:45:37] killed TORCS pid=169308 port=3001
[2026-04-18 17:45:38] launch command dispatched pid=105612
[2026-04-18 17:45:44] autostart script finished: C:\Users\szymo\source\repos\torcs\gym_torcs\autostart_windows.ps1
[2026-04-18 17:45:44] launcher completed
[2026-04-18 17:46:44] begin launcher
[2026-04-18 17:46:44] TORCS_EXE=C:\Users\szymo\source\repos\torcs\torcs\wtorcs.exe
[2026-04-18 17:46:44] PORT=3001
[2026-04-18 17:46:44] VISION_FLAG=novision
[2026-04-18 17:46:44] RACE_CONFIG=
[2026-04-18 17:46:44] pre-launch cleanup: killing stale UDP owner pid=105612 on port=3001
[2026-04-18 17:46:44] killed TORCS pid=105612 port=3001
[2026-04-18 17:46:45] launch command dispatched pid=173548
[2026-04-18 17:46:50] autostart script finished: C:\Users\szymo\source\repos\torcs\gym_torcs\autostart_windows.ps1
[2026-04-18 17:46:50] launcher completed
[2026-04-18 17:47:50] begin launcher
[2026-04-18 17:47:50] TORCS_EXE=C:\Users\szymo\source\repos\torcs\torcs\wtorcs.exe
[2026-04-18 17:47:50] PORT=3001
[2026-04-18 17:47:50] VISION_FLAG=novision
[2026-04-18 17:47:50] RACE_CONFIG=
[2026-04-18 17:47:50] pre-launch cleanup: killing stale UDP owner pid=173548 on port=3001
[2026-04-18 17:47:50] killed TORCS pid=173548 port=3001
[2026-04-18 17:47:51] launch command dispatched pid=169336
[2026-04-18 17:47:57] autostart script finished: C:\Users\szymo\source\repos\torcs\gym_torcs\autostart_windows.ps1
[2026-04-18 17:47:57] launcher completed
[2026-04-18 17:48:57] begin launcher
[2026-04-18 17:48:57] TORCS_EXE=C:\Users\szymo\source\repos\torcs\torcs\wtorcs.exe
[2026-04-18 17:48:57] PORT=3001
[2026-04-18 17:48:57] VISION_FLAG=novision
[2026-04-18 17:48:57] RACE_CONFIG=
[2026-04-18 17:48:57] pre-launch cleanup: killing stale UDP owner pid=169336 on port=3001
[2026-04-18 17:48:57] killed TORCS pid=169336 port=3001
[2026-04-18 17:48:57] launch command dispatched pid=157560
[2026-04-18 17:49:03] autostart script finished: C:\Users\szymo\source\repos\torcs\gym_torcs\autostart_windows.ps1
[2026-04-18 17:49:03] launcher completed
[2026-04-18 17:49:42] killed TORCS pid=157560 port=3001
[2026-04-18 17:49:45] begin launcher
[2026-04-18 17:49:45] TORCS_EXE=C:\Users\szymo\source\repos\torcs\torcs\wtorcs.exe
[2026-04-18 17:49:45] PORT=3001
[2026-04-18 17:49:45] VISION_FLAG=novision
[2026-04-18 17:49:45] RACE_CONFIG=
[2026-04-18 17:49:46] launch command dispatched pid=173608
[2026-04-18 17:49:52] autostart script finished: C:\Users\szymo\source\repos\torcs\gym_torcs\autostart_windows.ps1
[2026-04-18 17:49:52] launcher completed
[2026-04-18 17:49:54] begin launcher
[2026-04-18 17:49:54] TORCS_EXE=C:\Users\szymo\source\repos\torcs\torcs\wtorcs.exe
[2026-04-18 17:49:54] PORT=3001
[2026-04-18 17:49:54] VISION_FLAG=novision
[2026-04-18 17:49:54] RACE_CONFIG=
[2026-04-18 17:49:54] pre-launch cleanup: killing stale UDP owner pid=173608 on port=3001
[2026-04-18 17:49:54] killed TORCS pid=173608 port=3001
[2026-04-18 17:49:55] launch command dispatched pid=159048
[2026-04-18 17:50:01] autostart script finished: C:\Users\szymo\source\repos\torcs\gym_torcs\autostart_windows.ps1
[2026-04-18 17:50:01] launcher completed
[2026-04-18 17:50:04] begin launcher
[2026-04-18 17:50:04] TORCS_EXE=C:\Users\szymo\source\repos\torcs\torcs\wtorcs.exe
[2026-04-18 17:50:04] PORT=3001
[2026-04-18 17:50:04] VISION_FLAG=novision
[2026-04-18 17:50:04] RACE_CONFIG=
[2026-04-18 17:50:05] launch command dispatched pid=171700
[2026-04-18 17:50:11] autostart script finished: C:\Users\szymo\source\repos\torcs\gym_torcs\autostart_windows.ps1
[2026-04-18 17:50:11] launcher completed
[2026-04-18 17:50:39] begin launcher
[2026-04-18 17:50:39] TORCS_EXE=C:\Users\szymo\source\repos\torcs\torcs\wtorcs.exe
[2026-04-18 17:50:39] PORT=3001
[2026-04-18 17:50:39] VISION_FLAG=novision
[2026-04-18 17:50:39] RACE_CONFIG=
[2026-04-18 17:50:39] pre-launch cleanup: killing stale UDP owner pid=171700 on port=3001
[2026-04-18 17:50:39] killed TORCS pid=171700 port=3001
[2026-04-18 17:50:40] launch command dispatched pid=171724
[2026-04-18 17:50:46] autostart script finished: C:\Users\szymo\source\repos\torcs\gym_torcs\autostart_windows.ps1
[2026-04-18 17:50:46] launcher completed
[2026-04-18 17:51:04] begin launcher
[2026-04-18 17:51:04] TORCS_EXE=C:\Users\szymo\source\repos\torcs\torcs\wtorcs.exe
[2026-04-18 17:51:04] PORT=3001
[2026-04-18 17:51:04] VISION_FLAG=novision
[2026-04-18 17:51:04] RACE_CONFIG=
[2026-04-18 17:51:04] pre-launch cleanup: killing stale UDP owner pid=171724 on port=3001
[2026-04-18 17:51:04] killed TORCS pid=171724 port=3001
[2026-04-18 17:51:05] launch command dispatched pid=167540
[2026-04-18 17:51:11] autostart script finished: C:\Users\szymo\source\repos\torcs\gym_torcs\autostart_windows.ps1
[2026-04-18 17:51:11] launcher completed
[2026-04-18 17:52:10] begin launcher
[2026-04-18 17:52:10] TORCS_EXE=C:\Users\szymo\source\repos\torcs\torcs\wtorcs.exe
[2026-04-18 17:52:10] PORT=3001
[2026-04-18 17:52:10] VISION_FLAG=novision
[2026-04-18 17:52:10] RACE_CONFIG=
[2026-04-18 17:52:10] pre-launch cleanup: killing stale UDP owner pid=167540 on port=3001
[2026-04-18 17:52:10] killed TORCS pid=167540 port=3001
[2026-04-18 17:52:11] launch command dispatched pid=142008
[2026-04-18 17:52:17] autostart script finished: C:\Users\szymo\source\repos\torcs\gym_torcs\autostart_windows.ps1
[2026-04-18 17:52:17] launcher completed
[2026-04-18 17:53:16] begin launcher
[2026-04-18 17:53:16] TORCS_EXE=C:\Users\szymo\source\repos\torcs\torcs\wtorcs.exe
[2026-04-18 17:53:16] PORT=3001
[2026-04-18 17:53:16] VISION_FLAG=novision
[2026-04-18 17:53:16] RACE_CONFIG=
[2026-04-18 17:53:16] pre-launch cleanup: killing stale UDP owner pid=142008 on port=3001
[2026-04-18 17:53:17] killed TORCS pid=142008 port=3001
[2026-04-18 17:53:17] launch command dispatched pid=159016
[2026-04-18 17:53:23] autostart script finished: C:\Users\szymo\source\repos\torcs\gym_torcs\autostart_windows.ps1
[2026-04-18 17:53:23] launcher completed
[2026-04-18 17:54:23] begin launcher
[2026-04-18 17:54:23] TORCS_EXE=C:\Users\szymo\source\repos\torcs\torcs\wtorcs.exe
[2026-04-18 17:54:23] PORT=3001
[2026-04-18 17:54:23] VISION_FLAG=novision
[2026-04-18 17:54:23] RACE_CONFIG=
[2026-04-18 17:54:23] pre-launch cleanup: killing stale UDP owner pid=159016 on port=3001
[2026-04-18 17:54:23] killed TORCS pid=159016 port=3001
[2026-04-18 17:54:23] launch command dispatched pid=167136
[2026-04-18 17:54:29] autostart script finished: C:\Users\szymo\source\repos\torcs\gym_torcs\autostart_windows.ps1
[2026-04-18 17:54:29] launcher completed
[2026-04-18 17:55:29] begin launcher
[2026-04-18 17:55:29] TORCS_EXE=C:\Users\szymo\source\repos\torcs\torcs\wtorcs.exe
[2026-04-18 17:55:29] PORT=3001
[2026-04-18 17:55:29] VISION_FLAG=novision
[2026-04-18 17:55:29] RACE_CONFIG=
[2026-04-18 17:55:29] pre-launch cleanup: killing stale UDP owner pid=167136 on port=3001
[2026-04-18 17:55:29] killed TORCS pid=167136 port=3001
[2026-04-18 17:55:30] launch command dispatched pid=171104
[2026-04-18 17:55:36] autostart script finished: C:\Users\szymo\source\repos\torcs\gym_torcs\autostart_windows.ps1
[2026-04-18 17:55:36] launcher completed
[2026-04-18 17:56:35] begin launcher
[2026-04-18 17:56:35] TORCS_EXE=C:\Users\szymo\source\repos\torcs\torcs\wtorcs.exe
[2026-04-18 17:56:35] PORT=3001
[2026-04-18 17:56:35] VISION_FLAG=novision
[2026-04-18 17:56:35] RACE_CONFIG=
[2026-04-18 17:56:35] pre-launch cleanup: killing stale UDP owner pid=171104 on port=3001
[2026-04-18 17:56:35] killed TORCS pid=171104 port=3001
[2026-04-18 17:56:36] launch command dispatched pid=170532
[2026-04-18 17:56:42] autostart script finished: C:\Users\szymo\source\repos\torcs\gym_torcs\autostart_windows.ps1
[2026-04-18 17:56:42] launcher completed
[2026-04-18 17:56:59] begin launcher
[2026-04-18 17:56:59] TORCS_EXE=C:\Users\szymo\source\repos\torcs\torcs\wtorcs.exe
[2026-04-18 17:56:59] PORT=3001
[2026-04-18 17:56:59] VISION_FLAG=novision
[2026-04-18 17:56:59] RACE_CONFIG=
[2026-04-18 17:56:59] pre-launch cleanup: killing stale UDP owner pid=170532 on port=3001
[2026-04-18 17:56:59] killed TORCS pid=170532 port=3001
[2026-04-18 17:57:00] launch command dispatched pid=155100
[2026-04-18 17:57:05] autostart script finished: C:\Users\szymo\source\repos\torcs\gym_torcs\autostart_windows.ps1
[2026-04-18 17:57:05] launcher completed
[2026-04-18 17:57:35] begin launcher
[2026-04-18 17:57:35] TORCS_EXE=C:\Users\szymo\source\repos\torcs\torcs\wtorcs.exe
[2026-04-18 17:57:35] PORT=3001
[2026-04-18 17:57:35] VISION_FLAG=novision
[2026-04-18 17:57:35] RACE_CONFIG=
[2026-04-18 17:57:35] pre-launch cleanup: killing stale UDP owner pid=155100 on port=3001
[2026-04-18 17:57:35] killed TORCS pid=155100 port=3001
[2026-04-18 17:57:36] launch command dispatched pid=162048
[2026-04-18 17:57:42] autostart script finished: C:\Users\szymo\source\repos\torcs\gym_torcs\autostart_windows.ps1
[2026-04-18 17:57:42] launcher completed
[2026-04-18 17:58:27] begin launcher
[2026-04-18 17:58:27] TORCS_EXE=C:\Users\szymo\source\repos\torcs\torcs\wtorcs.exe
[2026-04-18 17:58:27] PORT=3001
[2026-04-18 17:58:27] VISION_FLAG=novision
[2026-04-18 17:58:27] RACE_CONFIG=
[2026-04-18 17:58:27] pre-launch cleanup: killing stale UDP owner pid=162048 on port=3001
[2026-04-18 17:58:27] killed TORCS pid=162048 port=3001
[2026-04-18 17:58:28] launch command dispatched pid=161500
[2026-04-18 17:58:34] autostart script finished: C:\Users\szymo\source\repos\torcs\gym_torcs\autostart_windows.ps1
[2026-04-18 17:58:34] launcher completed
[2026-04-18 17:59:16] begin launcher
[2026-04-18 17:59:16] TORCS_EXE=C:\Users\szymo\source\repos\torcs\torcs\wtorcs.exe
[2026-04-18 17:59:16] PORT=3001
[2026-04-18 17:59:16] VISION_FLAG=novision
[2026-04-18 17:59:16] RACE_CONFIG=
[2026-04-18 17:59:16] pre-launch cleanup: killing stale UDP owner pid=161500 on port=3001
[2026-04-18 17:59:16] killed TORCS pid=161500 port=3001
[2026-04-18 17:59:17] launch command dispatched pid=168956
[2026-04-18 17:59:23] autostart script finished: C:\Users\szymo\source\repos\torcs\gym_torcs\autostart_windows.ps1
[2026-04-18 17:59:23] launcher completed
[2026-04-18 18:00:05] begin launcher
[2026-04-18 18:00:05] TORCS_EXE=C:\Users\szymo\source\repos\torcs\torcs\wtorcs.exe
[2026-04-18 18:00:05] PORT=3001
[2026-04-18 18:00:05] VISION_FLAG=novision
[2026-04-18 18:00:05] RACE_CONFIG=
[2026-04-18 18:00:05] pre-launch cleanup: killing stale UDP owner pid=168956 on port=3001
[2026-04-18 18:00:05] killed TORCS pid=168956 port=3001
[2026-04-18 18:00:06] launch command dispatched pid=172716
[2026-04-18 18:00:11] autostart script finished: C:\Users\szymo\source\repos\torcs\gym_torcs\autostart_windows.ps1
[2026-04-18 18:00:11] launcher completed
[2026-04-18 18:00:54] begin launcher
[2026-04-18 18:00:54] TORCS_EXE=C:\Users\szymo\source\repos\torcs\torcs\wtorcs.exe
[2026-04-18 18:00:54] PORT=3001
[2026-04-18 18:00:54] VISION_FLAG=novision
[2026-04-18 18:00:54] RACE_CONFIG=
[2026-04-18 18:00:54] pre-launch cleanup: killing stale UDP owner pid=172716 on port=3001
[2026-04-18 18:00:54] killed TORCS pid=172716 port=3001
[2026-04-18 18:00:55] launch command dispatched pid=164392
[2026-04-18 18:01:00] autostart script finished: C:\Users\szymo\source\repos\torcs\gym_torcs\autostart_windows.ps1
[2026-04-18 18:01:00] launcher completed
[2026-04-18 18:02:50] begin launcher
[2026-04-18 18:02:50] TORCS_EXE=C:\Users\szymo\source\repos\torcs\torcs\wtorcs.exe
[2026-04-18 18:02:50] PORT=3001
[2026-04-18 18:02:50] VISION_FLAG=novision
[2026-04-18 18:02:50] RACE_CONFIG=
[2026-04-18 18:02:50] pre-launch cleanup: killing stale UDP owner pid=164392 on port=3001
[2026-04-18 18:02:50] killed TORCS pid=164392 port=3001
[2026-04-18 18:02:51] launch command dispatched pid=168220
[2026-04-18 18:02:58] autostart script finished: C:\Users\szymo\source\repos\torcs\gym_torcs\autostart_windows.ps1
[2026-04-18 18:02:58] launcher completed
[2026-04-18 18:04:19] begin launcher
[2026-04-18 18:04:19] TORCS_EXE=C:\Users\szymo\source\repos\torcs\torcs\wtorcs.exe
[2026-04-18 18:04:19] PORT=3001
[2026-04-18 18:04:19] VISION_FLAG=novision
[2026-04-18 18:04:19] RACE_CONFIG=
[2026-04-18 18:04:19] pre-launch cleanup: killing stale UDP owner pid=168220 on port=3001
[2026-04-18 18:04:20] killed TORCS pid=168220 port=3001
[2026-04-18 18:04:20] launch command dispatched pid=169988
[2026-04-18 18:04:31] autostart script finished: C:\Users\szymo\source\repos\torcs\gym_torcs\autostart_windows.ps1
[2026-04-18 18:04:31] launcher completed
[2026-04-18 18:05:37] begin launcher
[2026-04-18 18:05:37] TORCS_EXE=C:\Users\szymo\source\repos\torcs\torcs\wtorcs.exe
[2026-04-18 18:05:37] PORT=3001
[2026-04-18 18:05:37] VISION_FLAG=novision
[2026-04-18 18:05:37] RACE_CONFIG=
[2026-04-18 18:05:37] pre-launch cleanup: killing stale UDP owner pid=169988 on port=3001
[2026-04-18 18:05:37] killed TORCS pid=169988 port=3001
[2026-04-18 18:05:38] launch command dispatched pid=132512
[2026-04-18 18:05:45] autostart script finished: C:\Users\szymo\source\repos\torcs\gym_torcs\autostart_windows.ps1
[2026-04-18 18:05:45] launcher completed
[2026-04-18 18:06:04] begin launcher
[2026-04-18 18:06:04] TORCS_EXE=C:\Users\szymo\source\repos\torcs\torcs\wtorcs.exe
[2026-04-18 18:06:04] PORT=3001
[2026-04-18 18:06:04] VISION_FLAG=novision
[2026-04-18 18:06:04] RACE_CONFIG=
[2026-04-18 18:06:05] launch command dispatched pid=165276
[2026-04-18 18:06:11] autostart script finished: C:\Users\szymo\source\repos\torcs\gym_torcs\autostart_windows.ps1
[2026-04-18 18:06:11] launcher completed
[2026-04-18 18:06:52] begin launcher
[2026-04-18 18:06:52] TORCS_EXE=C:\Users\szymo\source\repos\torcs\torcs\wtorcs.exe
[2026-04-18 18:06:52] PORT=3001
[2026-04-18 18:06:52] VISION_FLAG=novision
[2026-04-18 18:06:52] RACE_CONFIG=
[2026-04-18 18:06:52] pre-launch cleanup: killing stale UDP owner pid=132512 on port=3001
[2026-04-18 18:06:52] killed TORCS pid=132512 port=3001
[2026-04-18 18:06:53] launch command dispatched pid=129096
[2026-04-18 18:07:00] autostart script finished: C:\Users\szymo\source\repos\torcs\gym_torcs\autostart_windows.ps1
[2026-04-18 18:07:00] launcher completed
[2026-04-18 18:07:48] begin launcher
[2026-04-18 18:07:48] TORCS_EXE=C:\Users\szymo\source\repos\torcs\torcs\wtorcs.exe
[2026-04-18 18:07:48] PORT=3001
[2026-04-18 18:07:48] VISION_FLAG=novision
[2026-04-18 18:07:48] RACE_CONFIG=
[2026-04-18 18:07:48] pre-launch cleanup: killing stale UDP owner pid=129096 on port=3001
[2026-04-18 18:07:49] killed TORCS pid=129096 port=3001
[2026-04-18 18:07:49] launch command dispatched pid=65004
[2026-04-18 18:07:55] autostart script finished: C:\Users\szymo\source\repos\torcs\gym_torcs\autostart_windows.ps1
[2026-04-18 18:07:55] launcher completed
[2026-04-18 18:08:38] begin launcher
[2026-04-18 18:08:38] TORCS_EXE=C:\Users\szymo\source\repos\torcs\torcs\wtorcs.exe
[2026-04-18 18:08:38] PORT=3001
[2026-04-18 18:08:38] VISION_FLAG=novision
[2026-04-18 18:08:38] RACE_CONFIG=
[2026-04-18 18:08:38] pre-launch cleanup: killing stale UDP owner pid=65004 on port=3001
[2026-04-18 18:08:39] killed TORCS pid=65004 port=3001
[2026-04-18 18:08:39] launch command dispatched pid=150500
[2026-04-18 18:08:45] autostart script finished: C:\Users\szymo\source\repos\torcs\gym_torcs\autostart_windows.ps1
[2026-04-18 18:08:45] launcher completed
[2026-04-18 18:09:28] begin launcher
[2026-04-18 18:09:28] TORCS_EXE=C:\Users\szymo\source\repos\torcs\torcs\wtorcs.exe
[2026-04-18 18:09:28] PORT=3001
[2026-04-18 18:09:28] VISION_FLAG=novision
[2026-04-18 18:09:28] RACE_CONFIG=
[2026-04-18 18:09:28] pre-launch cleanup: killing stale UDP owner pid=150500 on port=3001
[2026-04-18 18:09:28] killed TORCS pid=150500 port=3001
[2026-04-18 18:09:29] launch command dispatched pid=172264
[2026-04-18 18:09:35] autostart script finished: C:\Users\szymo\source\repos\torcs\gym_torcs\autostart_windows.ps1
[2026-04-18 18:09:35] launcher completed
[2026-04-18 18:18:49] begin launcher
[2026-04-18 18:18:49] TORCS_EXE=C:\Users\szymo\source\repos\torcs\torcs\wtorcs.exe
[2026-04-18 18:18:49] PORT=3001
[2026-04-18 18:18:49] VISION_FLAG=novision
[2026-04-18 18:18:49] RACE_CONFIG=
[2026-04-18 18:18:50] launch command dispatched pid=156404
[2026-04-18 18:18:57] autostart script finished: C:\Users\szymo\source\repos\torcs\gym_torcs\autostart_windows.ps1
[2026-04-18 18:18:57] launcher completed
[2026-04-18 18:19:02] begin launcher
[2026-04-18 18:19:02] TORCS_EXE=C:\Users\szymo\source\repos\torcs\torcs\wtorcs.exe
[2026-04-18 18:19:02] PORT=3001
[2026-04-18 18:19:02] VISION_FLAG=novision
[2026-04-18 18:19:02] RACE_CONFIG=
[2026-04-18 18:19:02] launch command dispatched pid=171032
[2026-04-18 18:19:09] autostart script finished: C:\Users\szymo\source\repos\torcs\gym_torcs\autostart_windows.ps1
[2026-04-18 18:19:09] launcher completed
[2026-04-18 18:19:50] begin launcher
[2026-04-18 18:19:50] TORCS_EXE=C:\Users\szymo\source\repos\torcs\torcs\wtorcs.exe
[2026-04-18 18:19:50] PORT=3001
[2026-04-18 18:19:50] VISION_FLAG=novision
[2026-04-18 18:19:50] RACE_CONFIG=
[2026-04-18 18:19:50] pre-launch cleanup: killing stale UDP owner pid=172264 on port=3001
[2026-04-18 18:19:50] killed TORCS pid=172264 port=3001
[2026-04-18 18:19:51] launch command dispatched pid=173800
[2026-04-18 18:20:25] autostart script finished: C:\Users\szymo\source\repos\torcs\gym_torcs\autostart_windows.ps1
[2026-04-18 18:20:25] launcher completed
[2026-04-18 18:22:54] begin launcher
[2026-04-18 18:22:54] TORCS_EXE=C:\Users\szymo\source\repos\torcs\torcs\wtorcs.exe
[2026-04-18 18:22:54] PORT=3001
[2026-04-18 18:22:54] VISION_FLAG=novision
[2026-04-18 18:22:54] RACE_CONFIG=
[2026-04-18 18:22:54] pre-launch cleanup: killing stale UDP owner pid=173800 on port=3001
[2026-04-18 18:22:54] killed TORCS pid=173800 port=3001
[2026-04-18 18:22:55] launch command dispatched pid=172668
[2026-04-18 18:23:02] autostart script finished: C:\Users\szymo\source\repos\torcs\gym_torcs\autostart_windows.ps1
[2026-04-18 18:23:02] launcher completed
[2026-04-19 15:02:34] begin launcher
[2026-04-19 15:02:34] TORCS_EXE=C:\Users\szymo\source\repos\torcs\torcs\wtorcs.exe
[2026-04-19 15:02:34] PORT=3001
[2026-04-19 15:02:34] VISION_FLAG=novision
[2026-04-19 15:02:34] RACE_CONFIG=
[2026-04-19 15:02:35] launch command dispatched pid=119052
[2026-04-19 15:02:41] autostart script finished: C:\Users\szymo\source\repos\torcs\gym_torcs\autostart_windows.ps1
[2026-04-19 15:02:41] launcher completed
[2026-04-19 15:02:46] begin launcher
[2026-04-19 15:02:46] TORCS_EXE=C:\Users\szymo\source\repos\torcs\torcs\wtorcs.exe
[2026-04-19 15:02:46] PORT=3001
[2026-04-19 15:02:46] VISION_FLAG=novision
[2026-04-19 15:02:46] RACE_CONFIG=
[2026-04-19 15:02:46] pre-launch cleanup: killing stale UDP owner pid=119052 on port=3001
[2026-04-19 15:02:47] killed TORCS pid=119052 port=3001
[2026-04-19 15:02:47] launch command dispatched pid=103508
[2026-04-19 15:02:54] autostart script finished: C:\Users\szymo\source\repos\torcs\gym_torcs\autostart_windows.ps1
[2026-04-19 15:02:54] launcher completed
[2026-04-19 15:03:22] begin launcher
[2026-04-19 15:03:22] TORCS_EXE=C:\Users\szymo\source\repos\torcs\torcs\wtorcs.exe
[2026-04-19 15:03:22] PORT=3001
[2026-04-19 15:03:22] VISION_FLAG=novision
[2026-04-19 15:03:22] RACE_CONFIG=
[2026-04-19 15:03:22] pre-launch cleanup: killing stale UDP owner pid=103508 on port=3001
[2026-04-19 15:03:23] killed TORCS pid=103508 port=3001
[2026-04-19 15:03:23] launch command dispatched pid=28620
[2026-04-19 15:03:32] autostart script finished: C:\Users\szymo\source\repos\torcs\gym_torcs\autostart_windows.ps1
[2026-04-19 15:03:32] launcher completed
[2026-04-19 15:04:10] begin launcher
[2026-04-19 15:04:10] TORCS_EXE=C:\Users\szymo\source\repos\torcs\torcs\wtorcs.exe
[2026-04-19 15:04:10] PORT=3001
[2026-04-19 15:04:10] VISION_FLAG=novision
[2026-04-19 15:04:10] RACE_CONFIG=
[2026-04-19 15:04:11] launch command dispatched pid=7800
[2026-04-19 15:04:17] autostart script finished: C:\Users\szymo\source\repos\torcs\gym_torcs\autostart_windows.ps1
[2026-04-19 15:04:17] launcher completed
[2026-04-19 15:04:58] begin launcher
[2026-04-19 15:04:58] TORCS_EXE=C:\Users\szymo\source\repos\torcs\torcs\wtorcs.exe
[2026-04-19 15:04:58] PORT=3001
[2026-04-19 15:04:58] VISION_FLAG=novision
[2026-04-19 15:04:58] RACE_CONFIG=
[2026-04-19 15:04:58] pre-launch cleanup: killing stale UDP owner pid=28620 on port=3001
[2026-04-19 15:04:58] killed TORCS pid=28620 port=3001
[2026-04-19 15:04:59] launch command dispatched pid=154460
[2026-04-19 15:05:05] autostart script finished: C:\Users\szymo\source\repos\torcs\gym_torcs\autostart_windows.ps1
[2026-04-19 15:05:05] launcher completed
[2026-04-19 15:05:48] begin launcher
[2026-04-19 15:05:48] TORCS_EXE=C:\Users\szymo\source\repos\torcs\torcs\wtorcs.exe
[2026-04-19 15:05:48] PORT=3001
[2026-04-19 15:05:48] VISION_FLAG=novision
[2026-04-19 15:05:48] RACE_CONFIG=
[2026-04-19 15:05:49] launch command dispatched pid=54192
[2026-04-19 15:05:55] autostart script finished: C:\Users\szymo\source\repos\torcs\gym_torcs\autostart_windows.ps1
[2026-04-19 15:05:55] launcher completed
[2026-04-19 15:06:36] begin launcher
[2026-04-19 15:06:36] TORCS_EXE=C:\Users\szymo\source\repos\torcs\torcs\wtorcs.exe
[2026-04-19 15:06:36] PORT=3001
[2026-04-19 15:06:36] VISION_FLAG=novision
[2026-04-19 15:06:36] RACE_CONFIG=
[2026-04-19 15:06:37] launch command dispatched pid=10148
[2026-04-19 15:06:43] autostart script finished: C:\Users\szymo\source\repos\torcs\gym_torcs\autostart_windows.ps1
[2026-04-19 15:06:43] launcher completed
[2026-04-19 15:07:24] begin launcher
[2026-04-19 15:07:24] TORCS_EXE=C:\Users\szymo\source\repos\torcs\torcs\wtorcs.exe
[2026-04-19 15:07:24] PORT=3001
[2026-04-19 15:07:24] VISION_FLAG=novision
[2026-04-19 15:07:24] RACE_CONFIG=
[2026-04-19 15:07:24] pre-launch cleanup: killing stale UDP owner pid=154460 on port=3001
[2026-04-19 15:07:24] killed TORCS pid=154460 port=3001
[2026-04-19 15:07:25] launch command dispatched pid=87440
[2026-04-19 15:07:31] autostart script finished: C:\Users\szymo\source\repos\torcs\gym_torcs\autostart_windows.ps1
[2026-04-19 15:07:31] launcher completed
[2026-04-19 15:07:48] killed TORCS pid=87440 port=3001
[2026-04-19 15:08:50] begin launcher
[2026-04-19 15:08:50] TORCS_EXE=C:\Users\szymo\source\repos\torcs\torcs\wtorcs.exe
[2026-04-19 15:08:50] PORT=3001
[2026-04-19 15:08:50] VISION_FLAG=novision
[2026-04-19 15:08:50] RACE_CONFIG=
[2026-04-19 15:08:51] launch command dispatched pid=89552
[2026-04-19 15:08:57] autostart script finished: C:\Users\szymo\source\repos\torcs\gym_torcs\autostart_windows.ps1
[2026-04-19 15:08:57] launcher completed
[2026-04-19 15:09:00] begin launcher
[2026-04-19 15:09:00] TORCS_EXE=C:\Users\szymo\source\repos\torcs\torcs\wtorcs.exe
[2026-04-19 15:09:00] PORT=3001
[2026-04-19 15:09:00] VISION_FLAG=novision
[2026-04-19 15:09:00] RACE_CONFIG=
[2026-04-19 15:09:00] pre-launch cleanup: killing stale UDP owner pid=89552 on port=3001
[2026-04-19 15:09:00] killed TORCS pid=89552 port=3001
[2026-04-19 15:09:01] launch command dispatched pid=165096
[2026-04-19 15:09:07] autostart script finished: C:\Users\szymo\source\repos\torcs\gym_torcs\autostart_windows.ps1
[2026-04-19 15:09:07] launcher completed
[2026-04-19 15:09:34] begin launcher
[2026-04-19 15:09:34] TORCS_EXE=C:\Users\szymo\source\repos\torcs\torcs\wtorcs.exe
[2026-04-19 15:09:34] PORT=3001
[2026-04-19 15:09:34] VISION_FLAG=novision
[2026-04-19 15:09:34] RACE_CONFIG=
[2026-04-19 15:09:34] pre-launch cleanup: killing stale UDP owner pid=165096 on port=3001
[2026-04-19 15:09:35] killed TORCS pid=165096 port=3001
[2026-04-19 15:09:35] launch command dispatched pid=132476
[2026-04-19 15:09:41] autostart script finished: C:\Users\szymo\source\repos\torcs\gym_torcs\autostart_windows.ps1
[2026-04-19 15:09:41] launcher completed
[2026-04-19 15:09:59] begin launcher
[2026-04-19 15:09:59] TORCS_EXE=C:\Users\szymo\source\repos\torcs\torcs\wtorcs.exe
[2026-04-19 15:09:59] PORT=3001
[2026-04-19 15:09:59] VISION_FLAG=novision
[2026-04-19 15:09:59] RACE_CONFIG=
[2026-04-19 15:10:00] launch command dispatched pid=94828
[2026-04-19 15:10:06] autostart script finished: C:\Users\szymo\source\repos\torcs\gym_torcs\autostart_windows.ps1
[2026-04-19 15:10:06] launcher completed
[2026-04-19 15:11:04] begin launcher
[2026-04-19 15:11:04] TORCS_EXE=C:\Users\szymo\source\repos\torcs\torcs\wtorcs.exe
[2026-04-19 15:11:04] PORT=3001
[2026-04-19 15:11:04] VISION_FLAG=novision
[2026-04-19 15:11:04] RACE_CONFIG=
[2026-04-19 15:11:04] pre-launch cleanup: killing stale UDP owner pid=132476 on port=3001
[2026-04-19 15:11:04] killed TORCS pid=132476 port=3001
[2026-04-19 15:11:05] launch command dispatched pid=89696
[2026-04-19 15:11:10] autostart script finished: C:\Users\szymo\source\repos\torcs\gym_torcs\autostart_windows.ps1
[2026-04-19 15:11:10] launcher completed
[2026-04-19 15:11:53] begin launcher
[2026-04-19 15:11:53] TORCS_EXE=C:\Users\szymo\source\repos\torcs\torcs\wtorcs.exe
[2026-04-19 15:11:53] PORT=3001
[2026-04-19 15:11:53] VISION_FLAG=novision
[2026-04-19 15:11:53] RACE_CONFIG=
[2026-04-19 15:11:53] pre-launch cleanup: killing stale UDP owner pid=89696 on port=3001
[2026-04-19 15:11:53] killed TORCS pid=89696 port=3001
[2026-04-19 15:11:53] launch command dispatched pid=130736
[2026-04-19 15:11:59] autostart script finished: C:\Users\szymo\source\repos\torcs\gym_torcs\autostart_windows.ps1
[2026-04-19 15:11:59] launcher completed
